-- phpMyAdmin SQL Dump
-- version 4.8.3
-- https://www.phpmyadmin.net/
--
-- Хост: 127.0.0.1:3306
-- Время создания: Янв 19 2024 г., 09:17
-- Версия сервера: 5.6.41
-- Версия PHP: 7.1.22

SET SQL_MODE = "NO_AUTO_VALUE_ON_ZERO";
SET AUTOCOMMIT = 0;
START TRANSACTION;
SET time_zone = "+00:00";


/*!40101 SET @OLD_CHARACTER_SET_CLIENT=@@CHARACTER_SET_CLIENT */;
/*!40101 SET @OLD_CHARACTER_SET_RESULTS=@@CHARACTER_SET_RESULTS */;
/*!40101 SET @OLD_COLLATION_CONNECTION=@@COLLATION_CONNECTION */;
/*!40101 SET NAMES utf8mb4 */;

--
-- База данных: `casino-dev`
--

-- --------------------------------------------------------

--
-- Структура таблицы `articles`
--

CREATE TABLE `articles` (
  `id` int(11) NOT NULL,
  `status` enum('public','hide','basket') DEFAULT 'public',
  `permalink` varchar(255) DEFAULT NULL,
  `title` varchar(255) DEFAULT NULL,
  `thumbnail` varchar(255) DEFAULT NULL,
  `short_desc` varchar(255) DEFAULT NULL,
  `h1` varchar(255) DEFAULT NULL,
  `meta_title` varchar(255) DEFAULT NULL,
  `description` varchar(255) DEFAULT NULL,
  `keywords` varchar(255) DEFAULT NULL,
  `content` text,
  `lang` int(11) DEFAULT '1',
  `updated_at` datetime DEFAULT CURRENT_TIMESTAMP,
  `created_at` datetime DEFAULT CURRENT_TIMESTAMP,
  `post_type` varchar(255) DEFAULT 'article',
  `slug` varchar(255) DEFAULT 'article'
) ENGINE=InnoDB DEFAULT CHARSET=utf8;

--
-- Дамп данных таблицы `articles`
--

INSERT INTO `articles` (`id`, `status`, `permalink`, `title`, `thumbnail`, `short_desc`, `h1`, `meta_title`, `description`, `keywords`, `content`, `lang`, `updated_at`, `created_at`, `post_type`, `slug`) VALUES
(1, 'public', 'egt-interactive-stayut-amusnet-interactive', 'EGT Interactive стають Amusnet Interactive', 'http://127.0.0.1:5000/uploads/cf89737fd4102e73-62486e9a0f18e.png', 'Short desc EGT Interactive стають Amusnet Interactive', 'H1 EGT Interactive стають Amusnet Interactive', 'Meta title EGT Interactive стають Amusnet Interactive', 'Description EGT Interactive стають Amusnet Interactive', 'Keywords EGT Interactive стають Amusnet Interactive', '<pre class=\"ql-syntax\" spellcheck=\"false\">&lt;nav class=\"nav\"&gt;&lt;/nav&gt;\n&lt;h2 class=\"heading\" data-deep=\"first\" id=\"heading_0\"&gt;Онлайн казино Украины Page Article&lt;/h2&gt;\n&lt;p&gt;\nНа свете существует множество развлечений, однако в современном динамичном мире пользуются спросом игровые автоматы, широко представленные в портфолио ведущих брендов. Такое доступное, лёгкое и увлекательное занятие - активация эмуляторов - радует каждого пользователя, вне зависимости от его профессиональных умений и навыков. Жители разных регионов предпочитают комфортный домашний отдых, что полностью соответствует концепции игры в режиме реального времени.&lt;/p&gt;\n&lt;p&gt;\nКлиент абсолютно ничем не рискует - надежность и безопасность гарантируется специальными аудиторскими компаниями и подтверждается лицензиями, представленными на сайтах виртуальных порталов. На результативность сессии влияет выбор виртуального казино: геймеру следует определиться с онлайн ресурсом, обеспечивающим полноценное и приятное времяпровождение.&lt;/p&gt;\n&lt;p&gt;\nНа свете существует множество развлечений, однако в современном динамичном мире пользуются спросом игровые автоматы, широко представленные в портфолио ведущих брендов. Такое доступное, лёгкое и увлекательное занятие - активация эмуляторов - радует каждого пользователя, вне зависимости от его профессиональных умений и навыков. Жители разных регионов предпочитают комфортный домашний отдых, что полностью соответствует концепции игры в режиме реального времени.&lt;/p&gt;\n&lt;p&gt;\nКлиент абсолютно ничем не рискует - надежность и безопасность гарантируется специальными аудиторскими компаниями и подтверждается лицензиями, представленными на сайтах виртуальных порталов. На результативность сессии влияет выбор виртуального казино: геймеру следует определиться с онлайн ресурсом, обеспечивающим полноценное и приятное времяпровождение.&lt;/p&gt;\n&lt;h3 class=\"heading\" data-deep=\"second\" id=\"heading_1\"&gt;Онлайн казино Украины Heading 3&lt;/h3&gt;\n&lt;p&gt;\nНа свете существует множество развлечений, однако в современном динамичном мире пользуются спросом игровые автоматы, широко представленные в портфолио ведущих брендов. Такое доступное, лёгкое и увлекательное занятие - активация эмуляторов - радует каждого пользователя, вне зависимости от его профессиональных умений и навыков. Жители разных регионов предпочитают комфортный домашний отдых, что полностью соответствует концепции игры в режиме реального времени.&lt;/p&gt;\n&lt;p&gt;\nКлиент абсолютно ничем не рискует - надежность и безопасность гарантируется специальными аудиторскими компаниями и подтверждается лицензиями, представленными на сайтах виртуальных порталов. На результативность сессии влияет выбор виртуального казино: геймеру следует определиться с онлайн ресурсом, обеспечивающим полноценное и приятное времяпровождение.&lt;/p&gt;\n&lt;p&gt;\nНа свете существует множество развлечений, однако в современном динамичном мире пользуются спросом игровые автоматы, широко представленные в портфолио ведущих брендов. Такое доступное, лёгкое и увлекательное занятие - активация эмуляторов - радует каждого пользователя, вне зависимости от его профессиональных умений и навыков. Жители разных регионов предпочитают комфортный домашний отдых, что полностью соответствует концепции игры в режиме реального времени.&lt;/p&gt;\n&lt;p&gt;\n&lt;/p&gt;&lt;h3 class=\"heading\" data-deep=\"second\" id=\"heading_2\"&gt;Онлайн казино Украины Heading 2&lt;/h3&gt;\nКлиент абсолютно ничем не рискует - надежность и безопасность гарантируется специальными аудиторскими компаниями и подтверждается лицензиями, представленными на сайтах виртуальных порталов. На результативность сессии влияет выбор виртуального казино: геймеру следует определиться с онлайн ресурсом, обеспечивающим полноценное и приятное времяпровождение.&lt;p&gt;&lt;/p&gt;\n&lt;p&gt;\nНа свете существует множество развлечений, однако в современном динамичном мире пользуются спросом игровые автоматы, широко представленные в портфолио ведущих брендов. Такое доступное, лёгкое и увлекательное занятие - активация эмуляторов - радует каждого пользователя, вне зависимости от его профессиональных умений и навыков. Жители разных регионов предпочитают комфортный домашний отдых, что полностью соответствует концепции игры в режиме реального времени.&lt;/p&gt;\n&lt;p&gt;\nКлиент абсолютно ничем не рискует - надежность и безопасность гарантируется специальными аудиторскими компаниями и подтверждается лицензиями, представленными на сайтах виртуальных порталов. На результативность сессии влияет выбор виртуального казино: геймеру следует определиться с онлайн ресурсом, обеспечивающим полноценное и приятное времяпровождение.&lt;/p&gt;\n&lt;p&gt;\nНа свете существует множество развлечений, однако в современном динамичном мире пользуются спросом игровые автоматы, широко представленные в портфолио ведущих брендов. Такое доступное, лёгкое и увлекательное занятие - активация эмуляторов - радует каждого пользователя, вне зависимости от его профессиональных умений и навыков. Жители разных регионов предпочитают комфортный домашний отдых, что полностью соответствует концепции игры в режиме реального времени.&lt;/p&gt;\n&lt;p&gt;\nКлиент абсолютно ничем не рискует - надежность и безопасность гарантируется специальными аудиторскими компаниями и подтверждается лицензиями, представленными на сайтах виртуальных порталов. На результативность сессии влияет выбор виртуального казино: геймеру следует определиться с онлайн ресурсом, обеспечивающим полноценное и приятное времяпровождение.&lt;/p&gt;\n&lt;p&gt;\n&lt;/p&gt;&lt;h2 class=\"heading\" data-deep=\"first\" id=\"heading_3\"&gt;Онлайн казино Украины Heading 2&lt;/h2&gt;\nНа свете существует множество развлечений, однако в современном динамичном мире пользуются спросом игровые автоматы, широко представленные в портфолио ведущих брендов. Такое доступное, лёгкое и увлекательное занятие - активация эмуляторов - радует каждого пользователя, вне зависимости от его профессиональных умений и навыков. Жители разных регионов предпочитают комфортный домашний отдых, что полностью соответствует концепции игры в режиме реального времени.&lt;p&gt;&lt;/p&gt;\n&lt;p&gt;\nКлиент абсолютно ничем не рискует - надежность и безопасность гарантируется специальными аудиторскими компаниями и подтверждается лицензиями, представленными на сайтах виртуальных порталов. На результативность сессии влияет выбор виртуального казино: геймеру следует определиться с онлайн ресурсом, обеспечивающим полноценное и приятное времяпровождение.&lt;/p&gt;\n&lt;p&gt;\nНа свете существует множество развлечений, однако в современном динамичном мире пользуются спросом игровые автоматы, широко представленные в портфолио ведущих брендов. Такое доступное, лёгкое и увлекательное занятие - активация эмуляторов - радует каждого пользователя, вне зависимости от его профессиональных умений и навыков. Жители разных регионов предпочитают комфортный домашний отдых, что полностью соответствует концепции игры в режиме реального времени.&lt;/p&gt;\n&lt;p&gt;\nКлиент абсолютно ничем не рискует - надежность и безопасность гарантируется специальными аудиторскими компаниями и подтверждается лицензиями, представленными на сайтах виртуальных порталов. На результативность сессии влияет выбор виртуального казино: геймеру следует определиться с онлайн ресурсом, обеспечивающим полноценное и приятное времяпровождение.&lt;/p&gt;\n</pre>', 1, '2022-04-21 15:54:28', '2022-04-21 15:54:28', 'article', 'article'),
(2, 'public', 'bonus-upgrader', 'Bonus Upgrader — бонусний інструмент для казино від 1X2 Network', 'http://127.0.0.1:5000/uploads/1d6caf7816630636-6241f79922509.jpeg', 'Short desc Bonus Upgrader — бонусний інструмент для казино від 1X2 Network', 'H1 Bonus Upgrader — бонусний інструмент для казино від 1X2 Network', 'Meta title Bonus Upgrader — бонусний інструмент для казино від 1X2 Network', 'Description Bonus Upgrader — бонусний інструмент для казино від 1X2 Network', 'Keywords Bonus Upgrader — бонусний інструмент для казино від 1X2 Network', '<pre class=\"ql-syntax\" spellcheck=\"false\">&lt;nav class=\"nav\"&gt;&lt;/nav&gt;\n&lt;h2 class=\"heading\" data-deep=\"first\" id=\"heading_0\"&gt;Онлайн казино Украины Page Article&lt;/h2&gt;\n&lt;p&gt;\nНа свете существует множество развлечений, однако в современном динамичном мире пользуются спросом игровые автоматы, широко представленные в портфолио ведущих брендов. Такое доступное, лёгкое и увлекательное занятие - активация эмуляторов - радует каждого пользователя, вне зависимости от его профессиональных умений и навыков. Жители разных регионов предпочитают комфортный домашний отдых, что полностью соответствует концепции игры в режиме реального времени.&lt;/p&gt;\n&lt;p&gt;\nКлиент абсолютно ничем не рискует - надежность и безопасность гарантируется специальными аудиторскими компаниями и подтверждается лицензиями, представленными на сайтах виртуальных порталов. На результативность сессии влияет выбор виртуального казино: геймеру следует определиться с онлайн ресурсом, обеспечивающим полноценное и приятное времяпровождение.&lt;/p&gt;\n&lt;p&gt;\nНа свете существует множество развлечений, однако в современном динамичном мире пользуются спросом игровые автоматы, широко представленные в портфолио ведущих брендов. Такое доступное, лёгкое и увлекательное занятие - активация эмуляторов - радует каждого пользователя, вне зависимости от его профессиональных умений и навыков. Жители разных регионов предпочитают комфортный домашний отдых, что полностью соответствует концепции игры в режиме реального времени.&lt;/p&gt;\n&lt;p&gt;\nКлиент абсолютно ничем не рискует - надежность и безопасность гарантируется специальными аудиторскими компаниями и подтверждается лицензиями, представленными на сайтах виртуальных порталов. На результативность сессии влияет выбор виртуального казино: геймеру следует определиться с онлайн ресурсом, обеспечивающим полноценное и приятное времяпровождение.&lt;/p&gt;\n&lt;h3 class=\"heading\" data-deep=\"second\" id=\"heading_1\"&gt;Онлайн казино Украины Heading 3&lt;/h3&gt;\n&lt;p&gt;\nНа свете существует множество развлечений, однако в современном динамичном мире пользуются спросом игровые автоматы, широко представленные в портфолио ведущих брендов. Такое доступное, лёгкое и увлекательное занятие - активация эмуляторов - радует каждого пользователя, вне зависимости от его профессиональных умений и навыков. Жители разных регионов предпочитают комфортный домашний отдых, что полностью соответствует концепции игры в режиме реального времени.&lt;/p&gt;\n&lt;p&gt;\nКлиент абсолютно ничем не рискует - надежность и безопасность гарантируется специальными аудиторскими компаниями и подтверждается лицензиями, представленными на сайтах виртуальных порталов. На результативность сессии влияет выбор виртуального казино: геймеру следует определиться с онлайн ресурсом, обеспечивающим полноценное и приятное времяпровождение.&lt;/p&gt;\n&lt;p&gt;\nНа свете существует множество развлечений, однако в современном динамичном мире пользуются спросом игровые автоматы, широко представленные в портфолио ведущих брендов. Такое доступное, лёгкое и увлекательное занятие - активация эмуляторов - радует каждого пользователя, вне зависимости от его профессиональных умений и навыков. Жители разных регионов предпочитают комфортный домашний отдых, что полностью соответствует концепции игры в режиме реального времени.&lt;/p&gt;\n&lt;p&gt;\n&lt;/p&gt;&lt;h3 class=\"heading\" data-deep=\"second\" id=\"heading_2\"&gt;Онлайн казино Украины Heading 2&lt;/h3&gt;\nКлиент абсолютно ничем не рискует - надежность и безопасность гарантируется специальными аудиторскими компаниями и подтверждается лицензиями, представленными на сайтах виртуальных порталов. На результативность сессии влияет выбор виртуального казино: геймеру следует определиться с онлайн ресурсом, обеспечивающим полноценное и приятное времяпровождение.&lt;p&gt;&lt;/p&gt;\n&lt;p&gt;\nНа свете существует множество развлечений, однако в современном динамичном мире пользуются спросом игровые автоматы, широко представленные в портфолио ведущих брендов. Такое доступное, лёгкое и увлекательное занятие - активация эмуляторов - радует каждого пользователя, вне зависимости от его профессиональных умений и навыков. Жители разных регионов предпочитают комфортный домашний отдых, что полностью соответствует концепции игры в режиме реального времени.&lt;/p&gt;\n&lt;p&gt;\nКлиент абсолютно ничем не рискует - надежность и безопасность гарантируется специальными аудиторскими компаниями и подтверждается лицензиями, представленными на сайтах виртуальных порталов. На результативность сессии влияет выбор виртуального казино: геймеру следует определиться с онлайн ресурсом, обеспечивающим полноценное и приятное времяпровождение.&lt;/p&gt;\n&lt;p&gt;\nНа свете существует множество развлечений, однако в современном динамичном мире пользуются спросом игровые автоматы, широко представленные в портфолио ведущих брендов. Такое доступное, лёгкое и увлекательное занятие - активация эмуляторов - радует каждого пользователя, вне зависимости от его профессиональных умений и навыков. Жители разных регионов предпочитают комфортный домашний отдых, что полностью соответствует концепции игры в режиме реального времени.&lt;/p&gt;\n&lt;p&gt;\nКлиент абсолютно ничем не рискует - надежность и безопасность гарантируется специальными аудиторскими компаниями и подтверждается лицензиями, представленными на сайтах виртуальных порталов. На результативность сессии влияет выбор виртуального казино: геймеру следует определиться с онлайн ресурсом, обеспечивающим полноценное и приятное времяпровождение.&lt;/p&gt;\n&lt;p&gt;\n&lt;/p&gt;&lt;h2 class=\"heading\" data-deep=\"first\" id=\"heading_3\"&gt;Онлайн казино Украины Heading 2&lt;/h2&gt;\nНа свете существует множество развлечений, однако в современном динамичном мире пользуются спросом игровые автоматы, широко представленные в портфолио ведущих брендов. Такое доступное, лёгкое и увлекательное занятие - активация эмуляторов - радует каждого пользователя, вне зависимости от его профессиональных умений и навыков. Жители разных регионов предпочитают комфортный домашний отдых, что полностью соответствует концепции игры в режиме реального времени.&lt;p&gt;&lt;/p&gt;\n&lt;p&gt;\nКлиент абсолютно ничем не рискует - надежность и безопасность гарантируется специальными аудиторскими компаниями и подтверждается лицензиями, представленными на сайтах виртуальных порталов. На результативность сессии влияет выбор виртуального казино: геймеру следует определиться с онлайн ресурсом, обеспечивающим полноценное и приятное времяпровождение.&lt;/p&gt;\n&lt;p&gt;\nНа свете существует множество развлечений, однако в современном динамичном мире пользуются спросом игровые автоматы, широко представленные в портфолио ведущих брендов. Такое доступное, лёгкое и увлекательное занятие - активация эмуляторов - радует каждого пользователя, вне зависимости от его профессиональных умений и навыков. Жители разных регионов предпочитают комфортный домашний отдых, что полностью соответствует концепции игры в режиме реального времени.&lt;/p&gt;\n&lt;p&gt;\nКлиент абсолютно ничем не рискует - надежность и безопасность гарантируется специальными аудиторскими компаниями и подтверждается лицензиями, представленными на сайтах виртуальных порталов. На результативность сессии влияет выбор виртуального казино: геймеру следует определиться с онлайн ресурсом, обеспечивающим полноценное и приятное времяпровождение.&lt;/p&gt;\n</pre>', 1, '2022-04-21 15:54:28', '2022-04-21 15:54:28', 'article', 'article'),
(3, 'public', 'avtomati-z-funktsieyu-megaways', 'Відеослоти Megaways — унікальне досягнення азартної галузі', 'http://127.0.0.1:5000/uploads/023d8c5de148477c-6241fc14ce4ec.jpeg', 'Short desc Відеослоти Megaways — унікальне досягнення азартної галузі', 'H1 Відеослоти Megaways — унікальне досягнення азартної галузі', 'Meta title Відеослоти Megaways — унікальне досягнення азартної галузі', 'Description Відеослоти Megaways — унікальне досягнення азартної галузі', 'Keywords Відеослоти Megaways — унікальне досягнення азартної галузі', '<pre class=\"ql-syntax\" spellcheck=\"false\">&lt;nav class=\"nav\"&gt;&lt;/nav&gt;\n&lt;h2 class=\"heading\" data-deep=\"first\" id=\"heading_0\"&gt;Онлайн казино Украины Page Article&lt;/h2&gt;\n&lt;p&gt;\nНа свете существует множество развлечений, однако в современном динамичном мире пользуются спросом игровые автоматы, широко представленные в портфолио ведущих брендов. Такое доступное, лёгкое и увлекательное занятие - активация эмуляторов - радует каждого пользователя, вне зависимости от его профессиональных умений и навыков. Жители разных регионов предпочитают комфортный домашний отдых, что полностью соответствует концепции игры в режиме реального времени.&lt;/p&gt;\n&lt;p&gt;\nКлиент абсолютно ничем не рискует - надежность и безопасность гарантируется специальными аудиторскими компаниями и подтверждается лицензиями, представленными на сайтах виртуальных порталов. На результативность сессии влияет выбор виртуального казино: геймеру следует определиться с онлайн ресурсом, обеспечивающим полноценное и приятное времяпровождение.&lt;/p&gt;\n&lt;p&gt;\nНа свете существует множество развлечений, однако в современном динамичном мире пользуются спросом игровые автоматы, широко представленные в портфолио ведущих брендов. Такое доступное, лёгкое и увлекательное занятие - активация эмуляторов - радует каждого пользователя, вне зависимости от его профессиональных умений и навыков. Жители разных регионов предпочитают комфортный домашний отдых, что полностью соответствует концепции игры в режиме реального времени.&lt;/p&gt;\n&lt;p&gt;\nКлиент абсолютно ничем не рискует - надежность и безопасность гарантируется специальными аудиторскими компаниями и подтверждается лицензиями, представленными на сайтах виртуальных порталов. На результативность сессии влияет выбор виртуального казино: геймеру следует определиться с онлайн ресурсом, обеспечивающим полноценное и приятное времяпровождение.&lt;/p&gt;\n&lt;h3 class=\"heading\" data-deep=\"second\" id=\"heading_1\"&gt;Онлайн казино Украины Heading 3&lt;/h3&gt;\n&lt;p&gt;\nНа свете существует множество развлечений, однако в современном динамичном мире пользуются спросом игровые автоматы, широко представленные в портфолио ведущих брендов. Такое доступное, лёгкое и увлекательное занятие - активация эмуляторов - радует каждого пользователя, вне зависимости от его профессиональных умений и навыков. Жители разных регионов предпочитают комфортный домашний отдых, что полностью соответствует концепции игры в режиме реального времени.&lt;/p&gt;\n&lt;p&gt;\nКлиент абсолютно ничем не рискует - надежность и безопасность гарантируется специальными аудиторскими компаниями и подтверждается лицензиями, представленными на сайтах виртуальных порталов. На результативность сессии влияет выбор виртуального казино: геймеру следует определиться с онлайн ресурсом, обеспечивающим полноценное и приятное времяпровождение.&lt;/p&gt;\n&lt;p&gt;\nНа свете существует множество развлечений, однако в современном динамичном мире пользуются спросом игровые автоматы, широко представленные в портфолио ведущих брендов. Такое доступное, лёгкое и увлекательное занятие - активация эмуляторов - радует каждого пользователя, вне зависимости от его профессиональных умений и навыков. Жители разных регионов предпочитают комфортный домашний отдых, что полностью соответствует концепции игры в режиме реального времени.&lt;/p&gt;\n&lt;p&gt;\n&lt;/p&gt;&lt;h3 class=\"heading\" data-deep=\"second\" id=\"heading_2\"&gt;Онлайн казино Украины Heading 2&lt;/h3&gt;\nКлиент абсолютно ничем не рискует - надежность и безопасность гарантируется специальными аудиторскими компаниями и подтверждается лицензиями, представленными на сайтах виртуальных порталов. На результативность сессии влияет выбор виртуального казино: геймеру следует определиться с онлайн ресурсом, обеспечивающим полноценное и приятное времяпровождение.&lt;p&gt;&lt;/p&gt;\n&lt;p&gt;\nНа свете существует множество развлечений, однако в современном динамичном мире пользуются спросом игровые автоматы, широко представленные в портфолио ведущих брендов. Такое доступное, лёгкое и увлекательное занятие - активация эмуляторов - радует каждого пользователя, вне зависимости от его профессиональных умений и навыков. Жители разных регионов предпочитают комфортный домашний отдых, что полностью соответствует концепции игры в режиме реального времени.&lt;/p&gt;\n&lt;p&gt;\nКлиент абсолютно ничем не рискует - надежность и безопасность гарантируется специальными аудиторскими компаниями и подтверждается лицензиями, представленными на сайтах виртуальных порталов. На результативность сессии влияет выбор виртуального казино: геймеру следует определиться с онлайн ресурсом, обеспечивающим полноценное и приятное времяпровождение.&lt;/p&gt;\n&lt;p&gt;\nНа свете существует множество развлечений, однако в современном динамичном мире пользуются спросом игровые автоматы, широко представленные в портфолио ведущих брендов. Такое доступное, лёгкое и увлекательное занятие - активация эмуляторов - радует каждого пользователя, вне зависимости от его профессиональных умений и навыков. Жители разных регионов предпочитают комфортный домашний отдых, что полностью соответствует концепции игры в режиме реального времени.&lt;/p&gt;\n&lt;p&gt;\nКлиент абсолютно ничем не рискует - надежность и безопасность гарантируется специальными аудиторскими компаниями и подтверждается лицензиями, представленными на сайтах виртуальных порталов. На результативность сессии влияет выбор виртуального казино: геймеру следует определиться с онлайн ресурсом, обеспечивающим полноценное и приятное времяпровождение.&lt;/p&gt;\n&lt;p&gt;\n&lt;/p&gt;&lt;h2 class=\"heading\" data-deep=\"first\" id=\"heading_3\"&gt;Онлайн казино Украины Heading 2&lt;/h2&gt;\nНа свете существует множество развлечений, однако в современном динамичном мире пользуются спросом игровые автоматы, широко представленные в портфолио ведущих брендов. Такое доступное, лёгкое и увлекательное занятие - активация эмуляторов - радует каждого пользователя, вне зависимости от его профессиональных умений и навыков. Жители разных регионов предпочитают комфортный домашний отдых, что полностью соответствует концепции игры в режиме реального времени.&lt;p&gt;&lt;/p&gt;\n&lt;p&gt;\nКлиент абсолютно ничем не рискует - надежность и безопасность гарантируется специальными аудиторскими компаниями и подтверждается лицензиями, представленными на сайтах виртуальных порталов. На результативность сессии влияет выбор виртуального казино: геймеру следует определиться с онлайн ресурсом, обеспечивающим полноценное и приятное времяпровождение.&lt;/p&gt;\n&lt;p&gt;\nНа свете существует множество развлечений, однако в современном динамичном мире пользуются спросом игровые автоматы, широко представленные в портфолио ведущих брендов. Такое доступное, лёгкое и увлекательное занятие - активация эмуляторов - радует каждого пользователя, вне зависимости от его профессиональных умений и навыков. Жители разных регионов предпочитают комфортный домашний отдых, что полностью соответствует концепции игры в режиме реального времени.&lt;/p&gt;\n&lt;p&gt;\nКлиент абсолютно ничем не рискует - надежность и безопасность гарантируется специальными аудиторскими компаниями и подтверждается лицензиями, представленными на сайтах виртуальных порталов. На результативность сессии влияет выбор виртуального казино: геймеру следует определиться с онлайн ресурсом, обеспечивающим полноценное и приятное времяпровождение.&lt;/p&gt;\n</pre>', 1, '2022-04-21 15:54:28', '2022-04-21 15:54:28', 'article', 'article'),
(4, 'public', 'vr-tekhnologii-u-sviti-gemblingu', 'VR-технології у світі гемблінгу', 'http://127.0.0.1:5000/uploads/4064881cbeffa6d7-62408dd5a280c.jpeg', 'Short desc VR-технології у світі гемблінгу', 'H1 VR-технології у світі гемблінгу', 'Meta title VR-технології у світі гемблінгу', 'Description VR-технології у світі гемблінгу', 'Keywords VR-технології у світі гемблінгу', '<pre class=\"ql-syntax\" spellcheck=\"false\">&lt;nav class=\"nav\"&gt;&lt;/nav&gt;\n&lt;h2 class=\"heading\" data-deep=\"first\" id=\"heading_0\"&gt;Онлайн казино Украины Page Article&lt;/h2&gt;\n&lt;p&gt;\nНа свете существует множество развлечений, однако в современном динамичном мире пользуются спросом игровые автоматы, широко представленные в портфолио ведущих брендов. Такое доступное, лёгкое и увлекательное занятие - активация эмуляторов - радует каждого пользователя, вне зависимости от его профессиональных умений и навыков. Жители разных регионов предпочитают комфортный домашний отдых, что полностью соответствует концепции игры в режиме реального времени.&lt;/p&gt;\n&lt;p&gt;\nКлиент абсолютно ничем не рискует - надежность и безопасность гарантируется специальными аудиторскими компаниями и подтверждается лицензиями, представленными на сайтах виртуальных порталов. На результативность сессии влияет выбор виртуального казино: геймеру следует определиться с онлайн ресурсом, обеспечивающим полноценное и приятное времяпровождение.&lt;/p&gt;\n&lt;p&gt;\nНа свете существует множество развлечений, однако в современном динамичном мире пользуются спросом игровые автоматы, широко представленные в портфолио ведущих брендов. Такое доступное, лёгкое и увлекательное занятие - активация эмуляторов - радует каждого пользователя, вне зависимости от его профессиональных умений и навыков. Жители разных регионов предпочитают комфортный домашний отдых, что полностью соответствует концепции игры в режиме реального времени.&lt;/p&gt;\n&lt;p&gt;\nКлиент абсолютно ничем не рискует - надежность и безопасность гарантируется специальными аудиторскими компаниями и подтверждается лицензиями, представленными на сайтах виртуальных порталов. На результативность сессии влияет выбор виртуального казино: геймеру следует определиться с онлайн ресурсом, обеспечивающим полноценное и приятное времяпровождение.&lt;/p&gt;\n&lt;h3 class=\"heading\" data-deep=\"second\" id=\"heading_1\"&gt;Онлайн казино Украины Heading 3&lt;/h3&gt;\n&lt;p&gt;\nНа свете существует множество развлечений, однако в современном динамичном мире пользуются спросом игровые автоматы, широко представленные в портфолио ведущих брендов. Такое доступное, лёгкое и увлекательное занятие - активация эмуляторов - радует каждого пользователя, вне зависимости от его профессиональных умений и навыков. Жители разных регионов предпочитают комфортный домашний отдых, что полностью соответствует концепции игры в режиме реального времени.&lt;/p&gt;\n&lt;p&gt;\nКлиент абсолютно ничем не рискует - надежность и безопасность гарантируется специальными аудиторскими компаниями и подтверждается лицензиями, представленными на сайтах виртуальных порталов. На результативность сессии влияет выбор виртуального казино: геймеру следует определиться с онлайн ресурсом, обеспечивающим полноценное и приятное времяпровождение.&lt;/p&gt;\n&lt;p&gt;\nНа свете существует множество развлечений, однако в современном динамичном мире пользуются спросом игровые автоматы, широко представленные в портфолио ведущих брендов. Такое доступное, лёгкое и увлекательное занятие - активация эмуляторов - радует каждого пользователя, вне зависимости от его профессиональных умений и навыков. Жители разных регионов предпочитают комфортный домашний отдых, что полностью соответствует концепции игры в режиме реального времени.&lt;/p&gt;\n&lt;p&gt;\n&lt;/p&gt;&lt;h3 class=\"heading\" data-deep=\"second\" id=\"heading_2\"&gt;Онлайн казино Украины Heading 2&lt;/h3&gt;\nКлиент абсолютно ничем не рискует - надежность и безопасность гарантируется специальными аудиторскими компаниями и подтверждается лицензиями, представленными на сайтах виртуальных порталов. На результативность сессии влияет выбор виртуального казино: геймеру следует определиться с онлайн ресурсом, обеспечивающим полноценное и приятное времяпровождение.&lt;p&gt;&lt;/p&gt;\n&lt;p&gt;\nНа свете существует множество развлечений, однако в современном динамичном мире пользуются спросом игровые автоматы, широко представленные в портфолио ведущих брендов. Такое доступное, лёгкое и увлекательное занятие - активация эмуляторов - радует каждого пользователя, вне зависимости от его профессиональных умений и навыков. Жители разных регионов предпочитают комфортный домашний отдых, что полностью соответствует концепции игры в режиме реального времени.&lt;/p&gt;\n&lt;p&gt;\nКлиент абсолютно ничем не рискует - надежность и безопасность гарантируется специальными аудиторскими компаниями и подтверждается лицензиями, представленными на сайтах виртуальных порталов. На результативность сессии влияет выбор виртуального казино: геймеру следует определиться с онлайн ресурсом, обеспечивающим полноценное и приятное времяпровождение.&lt;/p&gt;\n&lt;p&gt;\nНа свете существует множество развлечений, однако в современном динамичном мире пользуются спросом игровые автоматы, широко представленные в портфолио ведущих брендов. Такое доступное, лёгкое и увлекательное занятие - активация эмуляторов - радует каждого пользователя, вне зависимости от его профессиональных умений и навыков. Жители разных регионов предпочитают комфортный домашний отдых, что полностью соответствует концепции игры в режиме реального времени.&lt;/p&gt;\n&lt;p&gt;\nКлиент абсолютно ничем не рискует - надежность и безопасность гарантируется специальными аудиторскими компаниями и подтверждается лицензиями, представленными на сайтах виртуальных порталов. На результативность сессии влияет выбор виртуального казино: геймеру следует определиться с онлайн ресурсом, обеспечивающим полноценное и приятное времяпровождение.&lt;/p&gt;\n&lt;p&gt;\n&lt;/p&gt;&lt;h2 class=\"heading\" data-deep=\"first\" id=\"heading_3\"&gt;Онлайн казино Украины Heading 2&lt;/h2&gt;\nНа свете существует множество развлечений, однако в современном динамичном мире пользуются спросом игровые автоматы, широко представленные в портфолио ведущих брендов. Такое доступное, лёгкое и увлекательное занятие - активация эмуляторов - радует каждого пользователя, вне зависимости от его профессиональных умений и навыков. Жители разных регионов предпочитают комфортный домашний отдых, что полностью соответствует концепции игры в режиме реального времени.&lt;p&gt;&lt;/p&gt;\n&lt;p&gt;\nКлиент абсолютно ничем не рискует - надежность и безопасность гарантируется специальными аудиторскими компаниями и подтверждается лицензиями, представленными на сайтах виртуальных порталов. На результативность сессии влияет выбор виртуального казино: геймеру следует определиться с онлайн ресурсом, обеспечивающим полноценное и приятное времяпровождение.&lt;/p&gt;\n&lt;p&gt;\nНа свете существует множество развлечений, однако в современном динамичном мире пользуются спросом игровые автоматы, широко представленные в портфолио ведущих брендов. Такое доступное, лёгкое и увлекательное занятие - активация эмуляторов - радует каждого пользователя, вне зависимости от его профессиональных умений и навыков. Жители разных регионов предпочитают комфортный домашний отдых, что полностью соответствует концепции игры в режиме реального времени.&lt;/p&gt;\n&lt;p&gt;\nКлиент абсолютно ничем не рискует - надежность и безопасность гарантируется специальными аудиторскими компаниями и подтверждается лицензиями, представленными на сайтах виртуальных порталов. На результативность сессии влияет выбор виртуального казино: геймеру следует определиться с онлайн ресурсом, обеспечивающим полноценное и приятное времяпровождение.&lt;/p&gt;\n</pre>', 1, '2022-04-21 15:54:28', '2022-04-21 15:54:28', 'article', 'article'),
(5, 'public', 'trendi-igrovoi-industrii-2022-shcho-chekae-na-azartniy-svit-1', 'Що чекає гемблінг-індустрію у 2022 році', 'http://127.0.0.1:5000/uploads/0953b04859a85079-6213ae03d5433.png', 'Short desc Що чекає гемблінг-індустрію у 2022 році', 'H1 Що чекає гемблінг-індустрію у 2022 році', 'Meta title Що чекає гемблінг-індустрію у 2022 році', 'Description Що чекає гемблінг-індустрію у 2022 році', 'Keywords Що чекає гемблінг-індустрію у 2022 році', '<pre class=\"ql-syntax\" spellcheck=\"false\">&lt;nav class=\"nav\"&gt;&lt;/nav&gt;\n&lt;h2 class=\"heading\" data-deep=\"first\" id=\"heading_0\"&gt;Онлайн казино Украины&lt;/h2&gt;\n&lt;p&gt;\nНа свете существует множество развлечений, однако в современном динамичном мире пользуются спросом игровые автоматы, широко представленные в портфолио ведущих брендов. Такое доступное, лёгкое и увлекательное занятие - активация эмуляторов - радует каждого пользователя, вне зависимости от его профессиональных умений и навыков. Жители разных регионов предпочитают комфортный домашний отдых, что полностью соответствует концепции игры в режиме реального времени.&lt;/p&gt;\n&lt;p&gt;\nКлиент абсолютно ничем не рискует - надежность и безопасность гарантируется специальными аудиторскими компаниями и подтверждается лицензиями, представленными на сайтах виртуальных порталов. На результативность сессии влияет выбор виртуального казино: геймеру следует определиться с онлайн ресурсом, обеспечивающим полноценное и приятное времяпровождение.&lt;/p&gt;\n&lt;p&gt;\nНа свете существует множество развлечений, однако в современном динамичном мире пользуются спросом игровые автоматы, широко представленные в портфолио ведущих брендов. Такое доступное, лёгкое и увлекательное занятие - активация эмуляторов - радует каждого пользователя, вне зависимости от его профессиональных умений и навыков. Жители разных регионов предпочитают комфортный домашний отдых, что полностью соответствует концепции игры в режиме реального времени.&lt;/p&gt;\n&lt;p&gt;\nКлиент абсолютно ничем не рискует - надежность и безопасность гарантируется специальными аудиторскими компаниями и подтверждается лицензиями, представленными на сайтах виртуальных порталов. На результативность сессии влияет выбор виртуального казино: геймеру следует определиться с онлайн ресурсом, обеспечивающим полноценное и приятное времяпровождение.&lt;/p&gt;\n&lt;h3 class=\"heading\" data-deep=\"second\" id=\"heading_1\"&gt;Онлайн казино Украины Heading 3&lt;/h3&gt;\n&lt;p&gt;\nНа свете существует множество развлечений, однако в современном динамичном мире пользуются спросом игровые автоматы, широко представленные в портфолио ведущих брендов. Такое доступное, лёгкое и увлекательное занятие - активация эмуляторов - радует каждого пользователя, вне зависимости от его профессиональных умений и навыков. Жители разных регионов предпочитают комфортный домашний отдых, что полностью соответствует концепции игры в режиме реального времени.&lt;/p&gt;\n&lt;p&gt;\nКлиент абсолютно ничем не рискует - надежность и безопасность гарантируется специальными аудиторскими компаниями и подтверждается лицензиями, представленными на сайтах виртуальных порталов. На результативность сессии влияет выбор виртуального казино: геймеру следует определиться с онлайн ресурсом, обеспечивающим полноценное и приятное времяпровождение.&lt;/p&gt;\n&lt;p&gt;\nНа свете существует множество развлечений, однако в современном динамичном мире пользуются спросом игровые автоматы, широко представленные в портфолио ведущих брендов. Такое доступное, лёгкое и увлекательное занятие - активация эмуляторов - радует каждого пользователя, вне зависимости от его профессиональных умений и навыков. Жители разных регионов предпочитают комфортный домашний отдых, что полностью соответствует концепции игры в режиме реального времени.&lt;/p&gt;\n&lt;p&gt;\n&lt;/p&gt;&lt;h3 class=\"heading\" data-deep=\"second\" id=\"heading_2\"&gt;Онлайн казино Украины Heading 2&lt;/h3&gt;\nКлиент абсолютно ничем не рискует - надежность и безопасность гарантируется специальными аудиторскими компаниями и подтверждается лицензиями, представленными на сайтах виртуальных порталов. На результативность сессии влияет выбор виртуального казино: геймеру следует определиться с онлайн ресурсом, обеспечивающим полноценное и приятное времяпровождение.&lt;p&gt;&lt;/p&gt;\n&lt;p&gt;\nНа свете существует множество развлечений, однако в современном динамичном мире пользуются спросом игровые автоматы, широко представленные в портфолио ведущих брендов. Такое доступное, лёгкое и увлекательное занятие - активация эмуляторов - радует каждого пользователя, вне зависимости от его профессиональных умений и навыков. Жители разных регионов предпочитают комфортный домашний отдых, что полностью соответствует концепции игры в режиме реального времени.&lt;/p&gt;\n&lt;p&gt;\nКлиент абсолютно ничем не рискует - надежность и безопасность гарантируется специальными аудиторскими компаниями и подтверждается лицензиями, представленными на сайтах виртуальных порталов. На результативность сессии влияет выбор виртуального казино: геймеру следует определиться с онлайн ресурсом, обеспечивающим полноценное и приятное времяпровождение.&lt;/p&gt;\n&lt;p&gt;\nНа свете существует множество развлечений, однако в современном динамичном мире пользуются спросом игровые автоматы, широко представленные в портфолио ведущих брендов. Такое доступное, лёгкое и увлекательное занятие - активация эмуляторов - радует каждого пользователя, вне зависимости от его профессиональных умений и навыков. Жители разных регионов предпочитают комфортный домашний отдых, что полностью соответствует концепции игры в режиме реального времени.&lt;/p&gt;\n&lt;p&gt;\nКлиент абсолютно ничем не рискует - надежность и безопасность гарантируется специальными аудиторскими компаниями и подтверждается лицензиями, представленными на сайтах виртуальных порталов. На результативность сессии влияет выбор виртуального казино: геймеру следует определиться с онлайн ресурсом, обеспечивающим полноценное и приятное времяпровождение.&lt;/p&gt;\n&lt;p&gt;\n&lt;/p&gt;&lt;h2 class=\"heading\" data-deep=\"first\" id=\"heading_3\"&gt;Онлайн казино Украины Heading 2&lt;/h2&gt;\nНа свете существует множество развлечений, однако в современном динамичном мире пользуются спросом игровые автоматы, широко представленные в портфолио ведущих брендов. Такое доступное, лёгкое и увлекательное занятие - активация эмуляторов - радует каждого пользователя, вне зависимости от его профессиональных умений и навыков. Жители разных регионов предпочитают комфортный домашний отдых, что полностью соответствует концепции игры в режиме реального времени.&lt;p&gt;&lt;/p&gt;\n&lt;p&gt;\nКлиент абсолютно ничем не рискует - надежность и безопасность гарантируется специальными аудиторскими компаниями и подтверждается лицензиями, представленными на сайтах виртуальных порталов. На результативность сессии влияет выбор виртуального казино: геймеру следует определиться с онлайн ресурсом, обеспечивающим полноценное и приятное времяпровождение.&lt;/p&gt;\n&lt;p&gt;\nНа свете существует множество развлечений, однако в современном динамичном мире пользуются спросом игровые автоматы, широко представленные в портфолио ведущих брендов. Такое доступное, лёгкое и увлекательное занятие - активация эмуляторов - радует каждого пользователя, вне зависимости от его профессиональных умений и навыков. Жители разных регионов предпочитают комфортный домашний отдых, что полностью соответствует концепции игры в режиме реального времени.&lt;/p&gt;\n&lt;p&gt;\nКлиент абсолютно ничем не рискует - надежность и безопасность гарантируется специальными аудиторскими компаниями и подтверждается лицензиями, представленными на сайтах виртуальных порталов. На результативность сессии влияет выбор виртуального казино: геймеру следует определиться с онлайн ресурсом, обеспечивающим полноценное и приятное времяпровождение.&lt;/p&gt;\n</pre>', 1, '2022-04-21 15:54:28', '2022-04-21 15:54:28', 'article', 'article'),
(6, 'public', 'shcho-take-veydzher-i-vidigrash-bonusiv', 'Що таке вейджер і відіграш промокодів', 'http://127.0.0.1:5000/uploads/9d5bf26021dde86f-6240a3948833c.png', 'Short desc Що таке вейджер і відіграш промокодів', 'H1 Що таке вейджер і відіграш промокодів', 'Meta title Що таке вейджер і відіграш промокодів', 'Description Що таке вейджер і відіграш промокодів', 'Keywords Що таке вейджер і відіграш промокодів', '<pre class=\"ql-syntax\" spellcheck=\"false\">&lt;nav class=\"nav\"&gt;&lt;/nav&gt;\n&lt;h2 class=\"heading\" data-deep=\"first\" id=\"heading_0\"&gt;Онлайн казино Украины&lt;/h2&gt;\n&lt;p&gt;\nНа свете существует множество развлечений, однако в современном динамичном мире пользуются спросом игровые автоматы, широко представленные в портфолио ведущих брендов. Такое доступное, лёгкое и увлекательное занятие - активация эмуляторов - радует каждого пользователя, вне зависимости от его профессиональных умений и навыков. Жители разных регионов предпочитают комфортный домашний отдых, что полностью соответствует концепции игры в режиме реального времени.&lt;/p&gt;\n&lt;p&gt;\nКлиент абсолютно ничем не рискует - надежность и безопасность гарантируется специальными аудиторскими компаниями и подтверждается лицензиями, представленными на сайтах виртуальных порталов. На результативность сессии влияет выбор виртуального казино: геймеру следует определиться с онлайн ресурсом, обеспечивающим полноценное и приятное времяпровождение.&lt;/p&gt;\n&lt;p&gt;\nНа свете существует множество развлечений, однако в современном динамичном мире пользуются спросом игровые автоматы, широко представленные в портфолио ведущих брендов. Такое доступное, лёгкое и увлекательное занятие - активация эмуляторов - радует каждого пользователя, вне зависимости от его профессиональных умений и навыков. Жители разных регионов предпочитают комфортный домашний отдых, что полностью соответствует концепции игры в режиме реального времени.&lt;/p&gt;\n&lt;p&gt;\nКлиент абсолютно ничем не рискует - надежность и безопасность гарантируется специальными аудиторскими компаниями и подтверждается лицензиями, представленными на сайтах виртуальных порталов. На результативность сессии влияет выбор виртуального казино: геймеру следует определиться с онлайн ресурсом, обеспечивающим полноценное и приятное времяпровождение.&lt;/p&gt;\n&lt;h3 class=\"heading\" data-deep=\"second\" id=\"heading_1\"&gt;Онлайн казино Украины Heading 3&lt;/h3&gt;\n&lt;p&gt;\nНа свете существует множество развлечений, однако в современном динамичном мире пользуются спросом игровые автоматы, широко представленные в портфолио ведущих брендов. Такое доступное, лёгкое и увлекательное занятие - активация эмуляторов - радует каждого пользователя, вне зависимости от его профессиональных умений и навыков. Жители разных регионов предпочитают комфортный домашний отдых, что полностью соответствует концепции игры в режиме реального времени.&lt;/p&gt;\n&lt;p&gt;\nКлиент абсолютно ничем не рискует - надежность и безопасность гарантируется специальными аудиторскими компаниями и подтверждается лицензиями, представленными на сайтах виртуальных порталов. На результативность сессии влияет выбор виртуального казино: геймеру следует определиться с онлайн ресурсом, обеспечивающим полноценное и приятное времяпровождение.&lt;/p&gt;\n&lt;p&gt;\nНа свете существует множество развлечений, однако в современном динамичном мире пользуются спросом игровые автоматы, широко представленные в портфолио ведущих брендов. Такое доступное, лёгкое и увлекательное занятие - активация эмуляторов - радует каждого пользователя, вне зависимости от его профессиональных умений и навыков. Жители разных регионов предпочитают комфортный домашний отдых, что полностью соответствует концепции игры в режиме реального времени.&lt;/p&gt;\n&lt;p&gt;\n&lt;/p&gt;&lt;h3 class=\"heading\" data-deep=\"second\" id=\"heading_2\"&gt;Онлайн казино Украины Heading 2&lt;/h3&gt;\nКлиент абсолютно ничем не рискует - надежность и безопасность гарантируется специальными аудиторскими компаниями и подтверждается лицензиями, представленными на сайтах виртуальных порталов. На результативность сессии влияет выбор виртуального казино: геймеру следует определиться с онлайн ресурсом, обеспечивающим полноценное и приятное времяпровождение.&lt;p&gt;&lt;/p&gt;\n&lt;p&gt;\nНа свете существует множество развлечений, однако в современном динамичном мире пользуются спросом игровые автоматы, широко представленные в портфолио ведущих брендов. Такое доступное, лёгкое и увлекательное занятие - активация эмуляторов - радует каждого пользователя, вне зависимости от его профессиональных умений и навыков. Жители разных регионов предпочитают комфортный домашний отдых, что полностью соответствует концепции игры в режиме реального времени.&lt;/p&gt;\n&lt;p&gt;\nКлиент абсолютно ничем не рискует - надежность и безопасность гарантируется специальными аудиторскими компаниями и подтверждается лицензиями, представленными на сайтах виртуальных порталов. На результативность сессии влияет выбор виртуального казино: геймеру следует определиться с онлайн ресурсом, обеспечивающим полноценное и приятное времяпровождение.&lt;/p&gt;\n&lt;p&gt;\nНа свете существует множество развлечений, однако в современном динамичном мире пользуются спросом игровые автоматы, широко представленные в портфолио ведущих брендов. Такое доступное, лёгкое и увлекательное занятие - активация эмуляторов - радует каждого пользователя, вне зависимости от его профессиональных умений и навыков. Жители разных регионов предпочитают комфортный домашний отдых, что полностью соответствует концепции игры в режиме реального времени.&lt;/p&gt;\n&lt;p&gt;\nКлиент абсолютно ничем не рискует - надежность и безопасность гарантируется специальными аудиторскими компаниями и подтверждается лицензиями, представленными на сайтах виртуальных порталов. На результативность сессии влияет выбор виртуального казино: геймеру следует определиться с онлайн ресурсом, обеспечивающим полноценное и приятное времяпровождение.&lt;/p&gt;\n&lt;p&gt;\n&lt;/p&gt;&lt;h2 class=\"heading\" data-deep=\"first\" id=\"heading_3\"&gt;Онлайн казино Украины Heading 2&lt;/h2&gt;\nНа свете существует множество развлечений, однако в современном динамичном мире пользуются спросом игровые автоматы, широко представленные в портфолио ведущих брендов. Такое доступное, лёгкое и увлекательное занятие - активация эмуляторов - радует каждого пользователя, вне зависимости от его профессиональных умений и навыков. Жители разных регионов предпочитают комфортный домашний отдых, что полностью соответствует концепции игры в режиме реального времени.&lt;p&gt;&lt;/p&gt;\n&lt;p&gt;\nКлиент абсолютно ничем не рискует - надежность и безопасность гарантируется специальными аудиторскими компаниями и подтверждается лицензиями, представленными на сайтах виртуальных порталов. На результативность сессии влияет выбор виртуального казино: геймеру следует определиться с онлайн ресурсом, обеспечивающим полноценное и приятное времяпровождение.&lt;/p&gt;\n&lt;p&gt;\nНа свете существует множество развлечений, однако в современном динамичном мире пользуются спросом игровые автоматы, широко представленные в портфолио ведущих брендов. Такое доступное, лёгкое и увлекательное занятие - активация эмуляторов - радует каждого пользователя, вне зависимости от его профессиональных умений и навыков. Жители разных регионов предпочитают комфортный домашний отдых, что полностью соответствует концепции игры в режиме реального времени.&lt;/p&gt;\n&lt;p&gt;\nКлиент абсолютно ничем не рискует - надежность и безопасность гарантируется специальными аудиторскими компаниями и подтверждается лицензиями, представленными на сайтах виртуальных порталов. На результативность сессии влияет выбор виртуального казино: геймеру следует определиться с онлайн ресурсом, обеспечивающим полноценное и приятное времяпровождение.&lt;/p&gt;\n</pre>', 1, '2022-04-21 15:54:28', '2022-04-21 15:54:28', 'article', 'article');
INSERT INTO `articles` (`id`, `status`, `permalink`, `title`, `thumbnail`, `short_desc`, `h1`, `meta_title`, `description`, `keywords`, `content`, `lang`, `updated_at`, `created_at`, `post_type`, `slug`) VALUES
(7, 'public', 'v-kazino-e-ne-lishe-sloti-na-yaki-igri-varto-zvernuti-uvagu', 'Не слотами єдиними — в що можна грати в онлайн казино', 'http://127.0.0.1:5000/uploads/84e3c8c02afdeedb-62408bb5c7521.jpeg', 'Short desc Не слотами єдиними — в що можна грати в онлайн казино', 'H1 Не слотами єдиними — в що можна грати в онлайн казино', 'Meta title Не слотами єдиними — в що можна грати в онлайн казино', 'Description Не слотами єдиними — в що можна грати в онлайн казино', 'Keywords Не слотами єдиними — в що можна грати в онлайн казино', '<pre class=\"ql-syntax\" spellcheck=\"false\">&lt;nav class=\"nav\"&gt;&lt;/nav&gt;\n&lt;h2 class=\"heading\" data-deep=\"first\" id=\"heading_0\"&gt;Онлайн казино Украины&lt;/h2&gt;\n&lt;p&gt;\nНа свете существует множество развлечений, однако в современном динамичном мире пользуются спросом игровые автоматы, широко представленные в портфолио ведущих брендов. Такое доступное, лёгкое и увлекательное занятие - активация эмуляторов - радует каждого пользователя, вне зависимости от его профессиональных умений и навыков. Жители разных регионов предпочитают комфортный домашний отдых, что полностью соответствует концепции игры в режиме реального времени.&lt;/p&gt;\n&lt;p&gt;\nКлиент абсолютно ничем не рискует - надежность и безопасность гарантируется специальными аудиторскими компаниями и подтверждается лицензиями, представленными на сайтах виртуальных порталов. На результативность сессии влияет выбор виртуального казино: геймеру следует определиться с онлайн ресурсом, обеспечивающим полноценное и приятное времяпровождение.&lt;/p&gt;\n&lt;p&gt;\nНа свете существует множество развлечений, однако в современном динамичном мире пользуются спросом игровые автоматы, широко представленные в портфолио ведущих брендов. Такое доступное, лёгкое и увлекательное занятие - активация эмуляторов - радует каждого пользователя, вне зависимости от его профессиональных умений и навыков. Жители разных регионов предпочитают комфортный домашний отдых, что полностью соответствует концепции игры в режиме реального времени.&lt;/p&gt;\n&lt;p&gt;\nКлиент абсолютно ничем не рискует - надежность и безопасность гарантируется специальными аудиторскими компаниями и подтверждается лицензиями, представленными на сайтах виртуальных порталов. На результативность сессии влияет выбор виртуального казино: геймеру следует определиться с онлайн ресурсом, обеспечивающим полноценное и приятное времяпровождение.&lt;/p&gt;\n&lt;h3 class=\"heading\" data-deep=\"second\" id=\"heading_1\"&gt;Онлайн казино Украины Heading 3&lt;/h3&gt;\n&lt;p&gt;\nНа свете существует множество развлечений, однако в современном динамичном мире пользуются спросом игровые автоматы, широко представленные в портфолио ведущих брендов. Такое доступное, лёгкое и увлекательное занятие - активация эмуляторов - радует каждого пользователя, вне зависимости от его профессиональных умений и навыков. Жители разных регионов предпочитают комфортный домашний отдых, что полностью соответствует концепции игры в режиме реального времени.&lt;/p&gt;\n&lt;p&gt;\nКлиент абсолютно ничем не рискует - надежность и безопасность гарантируется специальными аудиторскими компаниями и подтверждается лицензиями, представленными на сайтах виртуальных порталов. На результативность сессии влияет выбор виртуального казино: геймеру следует определиться с онлайн ресурсом, обеспечивающим полноценное и приятное времяпровождение.&lt;/p&gt;\n&lt;p&gt;\nНа свете существует множество развлечений, однако в современном динамичном мире пользуются спросом игровые автоматы, широко представленные в портфолио ведущих брендов. Такое доступное, лёгкое и увлекательное занятие - активация эмуляторов - радует каждого пользователя, вне зависимости от его профессиональных умений и навыков. Жители разных регионов предпочитают комфортный домашний отдых, что полностью соответствует концепции игры в режиме реального времени.&lt;/p&gt;\n&lt;p&gt;\n&lt;/p&gt;&lt;h3 class=\"heading\" data-deep=\"second\" id=\"heading_2\"&gt;Онлайн казино Украины Heading 2&lt;/h3&gt;\nКлиент абсолютно ничем не рискует - надежность и безопасность гарантируется специальными аудиторскими компаниями и подтверждается лицензиями, представленными на сайтах виртуальных порталов. На результативность сессии влияет выбор виртуального казино: геймеру следует определиться с онлайн ресурсом, обеспечивающим полноценное и приятное времяпровождение.&lt;p&gt;&lt;/p&gt;\n&lt;p&gt;\nНа свете существует множество развлечений, однако в современном динамичном мире пользуются спросом игровые автоматы, широко представленные в портфолио ведущих брендов. Такое доступное, лёгкое и увлекательное занятие - активация эмуляторов - радует каждого пользователя, вне зависимости от его профессиональных умений и навыков. Жители разных регионов предпочитают комфортный домашний отдых, что полностью соответствует концепции игры в режиме реального времени.&lt;/p&gt;\n&lt;p&gt;\nКлиент абсолютно ничем не рискует - надежность и безопасность гарантируется специальными аудиторскими компаниями и подтверждается лицензиями, представленными на сайтах виртуальных порталов. На результативность сессии влияет выбор виртуального казино: геймеру следует определиться с онлайн ресурсом, обеспечивающим полноценное и приятное времяпровождение.&lt;/p&gt;\n&lt;p&gt;\nНа свете существует множество развлечений, однако в современном динамичном мире пользуются спросом игровые автоматы, широко представленные в портфолио ведущих брендов. Такое доступное, лёгкое и увлекательное занятие - активация эмуляторов - радует каждого пользователя, вне зависимости от его профессиональных умений и навыков. Жители разных регионов предпочитают комфортный домашний отдых, что полностью соответствует концепции игры в режиме реального времени.&lt;/p&gt;\n&lt;p&gt;\nКлиент абсолютно ничем не рискует - надежность и безопасность гарантируется специальными аудиторскими компаниями и подтверждается лицензиями, представленными на сайтах виртуальных порталов. На результативность сессии влияет выбор виртуального казино: геймеру следует определиться с онлайн ресурсом, обеспечивающим полноценное и приятное времяпровождение.&lt;/p&gt;\n&lt;p&gt;\n&lt;/p&gt;&lt;h2 class=\"heading\" data-deep=\"first\" id=\"heading_3\"&gt;Онлайн казино Украины Heading 2&lt;/h2&gt;\nНа свете существует множество развлечений, однако в современном динамичном мире пользуются спросом игровые автоматы, широко представленные в портфолио ведущих брендов. Такое доступное, лёгкое и увлекательное занятие - активация эмуляторов - радует каждого пользователя, вне зависимости от его профессиональных умений и навыков. Жители разных регионов предпочитают комфортный домашний отдых, что полностью соответствует концепции игры в режиме реального времени.&lt;p&gt;&lt;/p&gt;\n&lt;p&gt;\nКлиент абсолютно ничем не рискует - надежность и безопасность гарантируется специальными аудиторскими компаниями и подтверждается лицензиями, представленными на сайтах виртуальных порталов. На результативность сессии влияет выбор виртуального казино: геймеру следует определиться с онлайн ресурсом, обеспечивающим полноценное и приятное времяпровождение.&lt;/p&gt;\n&lt;p&gt;\nНа свете существует множество развлечений, однако в современном динамичном мире пользуются спросом игровые автоматы, широко представленные в портфолио ведущих брендов. Такое доступное, лёгкое и увлекательное занятие - активация эмуляторов - радует каждого пользователя, вне зависимости от его профессиональных умений и навыков. Жители разных регионов предпочитают комфортный домашний отдых, что полностью соответствует концепции игры в режиме реального времени.&lt;/p&gt;\n&lt;p&gt;\nКлиент абсолютно ничем не рискует - надежность и безопасность гарантируется специальными аудиторскими компаниями и подтверждается лицензиями, представленными на сайтах виртуальных порталов. На результативность сессии влияет выбор виртуального казино: геймеру следует определиться с онлайн ресурсом, обеспечивающим полноценное и приятное времяпровождение.&lt;/p&gt;\n</pre>', 1, '2022-04-21 15:54:28', '2022-04-21 15:54:28', 'article', 'article'),
(8, 'public', 'yakiy-dzhekpot-obrati-fiksovaniy-chi-progresivniy', 'Який джекпот краще: фіксований або прогресивний', 'http://127.0.0.1:5000/uploads/d777f394002b6f6d-617bb35277f55.jpeg', 'Short desc Який джекпот краще: фіксований або прогресивний', 'H1 Який джекпот краще: фіксований або прогресивний', 'Який джекпот краще: фіксований або прогресивний', 'Description Який джекпот краще: фіксований або прогресивний', 'Keywords Який джекпот краще: фіксований або прогресивний', '<pre class=\"ql-syntax\" spellcheck=\"false\">&lt;nav class=\"nav\"&gt;&lt;/nav&gt;\n&lt;h2 class=\"heading\" data-deep=\"first\" id=\"heading_0\"&gt;Онлайн казино Украины&lt;/h2&gt;\n&lt;p&gt;\nНа свете существует множество развлечений, однако в современном динамичном мире пользуются спросом игровые автоматы, широко представленные в портфолио ведущих брендов. Такое доступное, лёгкое и увлекательное занятие - активация эмуляторов - радует каждого пользователя, вне зависимости от его профессиональных умений и навыков. Жители разных регионов предпочитают комфортный домашний отдых, что полностью соответствует концепции игры в режиме реального времени.&lt;/p&gt;\n&lt;p&gt;\nКлиент абсолютно ничем не рискует - надежность и безопасность гарантируется специальными аудиторскими компаниями и подтверждается лицензиями, представленными на сайтах виртуальных порталов. На результативность сессии влияет выбор виртуального казино: геймеру следует определиться с онлайн ресурсом, обеспечивающим полноценное и приятное времяпровождение.&lt;/p&gt;\n&lt;p&gt;\nНа свете существует множество развлечений, однако в современном динамичном мире пользуются спросом игровые автоматы, широко представленные в портфолио ведущих брендов. Такое доступное, лёгкое и увлекательное занятие - активация эмуляторов - радует каждого пользователя, вне зависимости от его профессиональных умений и навыков. Жители разных регионов предпочитают комфортный домашний отдых, что полностью соответствует концепции игры в режиме реального времени.&lt;/p&gt;\n&lt;p&gt;\nКлиент абсолютно ничем не рискует - надежность и безопасность гарантируется специальными аудиторскими компаниями и подтверждается лицензиями, представленными на сайтах виртуальных порталов. На результативность сессии влияет выбор виртуального казино: геймеру следует определиться с онлайн ресурсом, обеспечивающим полноценное и приятное времяпровождение.&lt;/p&gt;\n&lt;h3 class=\"heading\" data-deep=\"second\" id=\"heading_1\"&gt;Онлайн казино Украины Heading 3&lt;/h3&gt;\n&lt;p&gt;\nНа свете существует множество развлечений, однако в современном динамичном мире пользуются спросом игровые автоматы, широко представленные в портфолио ведущих брендов. Такое доступное, лёгкое и увлекательное занятие - активация эмуляторов - радует каждого пользователя, вне зависимости от его профессиональных умений и навыков. Жители разных регионов предпочитают комфортный домашний отдых, что полностью соответствует концепции игры в режиме реального времени.&lt;/p&gt;\n&lt;p&gt;\nКлиент абсолютно ничем не рискует - надежность и безопасность гарантируется специальными аудиторскими компаниями и подтверждается лицензиями, представленными на сайтах виртуальных порталов. На результативность сессии влияет выбор виртуального казино: геймеру следует определиться с онлайн ресурсом, обеспечивающим полноценное и приятное времяпровождение.&lt;/p&gt;\n&lt;p&gt;\nНа свете существует множество развлечений, однако в современном динамичном мире пользуются спросом игровые автоматы, широко представленные в портфолио ведущих брендов. Такое доступное, лёгкое и увлекательное занятие - активация эмуляторов - радует каждого пользователя, вне зависимости от его профессиональных умений и навыков. Жители разных регионов предпочитают комфортный домашний отдых, что полностью соответствует концепции игры в режиме реального времени.&lt;/p&gt;\n&lt;p&gt;\n&lt;/p&gt;&lt;h3 class=\"heading\" data-deep=\"second\" id=\"heading_2\"&gt;Онлайн казино Украины Heading 2&lt;/h3&gt;\nКлиент абсолютно ничем не рискует - надежность и безопасность гарантируется специальными аудиторскими компаниями и подтверждается лицензиями, представленными на сайтах виртуальных порталов. На результативность сессии влияет выбор виртуального казино: геймеру следует определиться с онлайн ресурсом, обеспечивающим полноценное и приятное времяпровождение.&lt;p&gt;&lt;/p&gt;\n&lt;p&gt;\nНа свете существует множество развлечений, однако в современном динамичном мире пользуются спросом игровые автоматы, широко представленные в портфолио ведущих брендов. Такое доступное, лёгкое и увлекательное занятие - активация эмуляторов - радует каждого пользователя, вне зависимости от его профессиональных умений и навыков. Жители разных регионов предпочитают комфортный домашний отдых, что полностью соответствует концепции игры в режиме реального времени.&lt;/p&gt;\n&lt;p&gt;\nКлиент абсолютно ничем не рискует - надежность и безопасность гарантируется специальными аудиторскими компаниями и подтверждается лицензиями, представленными на сайтах виртуальных порталов. На результативность сессии влияет выбор виртуального казино: геймеру следует определиться с онлайн ресурсом, обеспечивающим полноценное и приятное времяпровождение.&lt;/p&gt;\n&lt;p&gt;\nНа свете существует множество развлечений, однако в современном динамичном мире пользуются спросом игровые автоматы, широко представленные в портфолио ведущих брендов. Такое доступное, лёгкое и увлекательное занятие - активация эмуляторов - радует каждого пользователя, вне зависимости от его профессиональных умений и навыков. Жители разных регионов предпочитают комфортный домашний отдых, что полностью соответствует концепции игры в режиме реального времени.&lt;/p&gt;\n&lt;p&gt;\nКлиент абсолютно ничем не рискует - надежность и безопасность гарантируется специальными аудиторскими компаниями и подтверждается лицензиями, представленными на сайтах виртуальных порталов. На результативность сессии влияет выбор виртуального казино: геймеру следует определиться с онлайн ресурсом, обеспечивающим полноценное и приятное времяпровождение.&lt;/p&gt;\n&lt;p&gt;\n&lt;/p&gt;&lt;h2 class=\"heading\" data-deep=\"first\" id=\"heading_3\"&gt;Онлайн казино Украины Heading 2&lt;/h2&gt;\nНа свете существует множество развлечений, однако в современном динамичном мире пользуются спросом игровые автоматы, широко представленные в портфолио ведущих брендов. Такое доступное, лёгкое и увлекательное занятие - активация эмуляторов - радует каждого пользователя, вне зависимости от его профессиональных умений и навыков. Жители разных регионов предпочитают комфортный домашний отдых, что полностью соответствует концепции игры в режиме реального времени.&lt;p&gt;&lt;/p&gt;\n&lt;p&gt;\nКлиент абсолютно ничем не рискует - надежность и безопасность гарантируется специальными аудиторскими компаниями и подтверждается лицензиями, представленными на сайтах виртуальных порталов. На результативность сессии влияет выбор виртуального казино: геймеру следует определиться с онлайн ресурсом, обеспечивающим полноценное и приятное времяпровождение.&lt;/p&gt;\n&lt;p&gt;\nНа свете существует множество развлечений, однако в современном динамичном мире пользуются спросом игровые автоматы, широко представленные в портфолио ведущих брендов. Такое доступное, лёгкое и увлекательное занятие - активация эмуляторов - радует каждого пользователя, вне зависимости от его профессиональных умений и навыков. Жители разных регионов предпочитают комфортный домашний отдых, что полностью соответствует концепции игры в режиме реального времени.&lt;/p&gt;\n&lt;p&gt;\nКлиент абсолютно ничем не рискует - надежность и безопасность гарантируется специальными аудиторскими компаниями и подтверждается лицензиями, представленными на сайтах виртуальных порталов. На результативность сессии влияет выбор виртуального казино: геймеру следует определиться с онлайн ресурсом, обеспечивающим полноценное и приятное времяпровождение.&lt;/p&gt;\n</pre>', 1, '2022-04-21 15:54:28', '2022-04-21 15:54:28', 'article', 'article'),
(9, 'public', 'post-8', 'Бонуси казино ФіззСлотс', 'http://127.0.0.1:5000/uploads/c0644d4615f6b0bf-616d61872f50f.jpeg', 'Short desc Бонуси казино ФіззСлотс', 'H1 Бонуси казино ФіззСлотс', 'Meta title Бонуси казино ФіззСлотс', 'Description Бонуси казино ФіззСлотс', 'Keywords Бонуси казино ФіззСлотс', '<pre class=\"ql-syntax\" spellcheck=\"false\">&lt;nav class=\"nav\"&gt;&lt;/nav&gt;\n&lt;h2 class=\"heading\" data-deep=\"first\" id=\"heading_0\"&gt;Онлайн казино Украины&lt;/h2&gt;\n&lt;p&gt;\nНа свете существует множество развлечений, однако в современном динамичном мире пользуются спросом игровые автоматы, широко представленные в портфолио ведущих брендов. Такое доступное, лёгкое и увлекательное занятие - активация эмуляторов - радует каждого пользователя, вне зависимости от его профессиональных умений и навыков. Жители разных регионов предпочитают комфортный домашний отдых, что полностью соответствует концепции игры в режиме реального времени.&lt;/p&gt;\n&lt;p&gt;\nКлиент абсолютно ничем не рискует - надежность и безопасность гарантируется специальными аудиторскими компаниями и подтверждается лицензиями, представленными на сайтах виртуальных порталов. На результативность сессии влияет выбор виртуального казино: геймеру следует определиться с онлайн ресурсом, обеспечивающим полноценное и приятное времяпровождение.&lt;/p&gt;\n&lt;p&gt;\nНа свете существует множество развлечений, однако в современном динамичном мире пользуются спросом игровые автоматы, широко представленные в портфолио ведущих брендов. Такое доступное, лёгкое и увлекательное занятие - активация эмуляторов - радует каждого пользователя, вне зависимости от его профессиональных умений и навыков. Жители разных регионов предпочитают комфортный домашний отдых, что полностью соответствует концепции игры в режиме реального времени.&lt;/p&gt;\n&lt;p&gt;\nКлиент абсолютно ничем не рискует - надежность и безопасность гарантируется специальными аудиторскими компаниями и подтверждается лицензиями, представленными на сайтах виртуальных порталов. На результативность сессии влияет выбор виртуального казино: геймеру следует определиться с онлайн ресурсом, обеспечивающим полноценное и приятное времяпровождение.&lt;/p&gt;\n&lt;h3 class=\"heading\" data-deep=\"second\" id=\"heading_1\"&gt;Онлайн казино Украины Heading 3&lt;/h3&gt;\n&lt;p&gt;\nНа свете существует множество развлечений, однако в современном динамичном мире пользуются спросом игровые автоматы, широко представленные в портфолио ведущих брендов. Такое доступное, лёгкое и увлекательное занятие - активация эмуляторов - радует каждого пользователя, вне зависимости от его профессиональных умений и навыков. Жители разных регионов предпочитают комфортный домашний отдых, что полностью соответствует концепции игры в режиме реального времени.&lt;/p&gt;\n&lt;p&gt;\nКлиент абсолютно ничем не рискует - надежность и безопасность гарантируется специальными аудиторскими компаниями и подтверждается лицензиями, представленными на сайтах виртуальных порталов. На результативность сессии влияет выбор виртуального казино: геймеру следует определиться с онлайн ресурсом, обеспечивающим полноценное и приятное времяпровождение.&lt;/p&gt;\n&lt;p&gt;\nНа свете существует множество развлечений, однако в современном динамичном мире пользуются спросом игровые автоматы, широко представленные в портфолио ведущих брендов. Такое доступное, лёгкое и увлекательное занятие - активация эмуляторов - радует каждого пользователя, вне зависимости от его профессиональных умений и навыков. Жители разных регионов предпочитают комфортный домашний отдых, что полностью соответствует концепции игры в режиме реального времени.&lt;/p&gt;\n&lt;p&gt;\n&lt;/p&gt;&lt;h3 class=\"heading\" data-deep=\"second\" id=\"heading_2\"&gt;Онлайн казино Украины Heading 2&lt;/h3&gt;\nКлиент абсолютно ничем не рискует - надежность и безопасность гарантируется специальными аудиторскими компаниями и подтверждается лицензиями, представленными на сайтах виртуальных порталов. На результативность сессии влияет выбор виртуального казино: геймеру следует определиться с онлайн ресурсом, обеспечивающим полноценное и приятное времяпровождение.&lt;p&gt;&lt;/p&gt;\n&lt;p&gt;\nНа свете существует множество развлечений, однако в современном динамичном мире пользуются спросом игровые автоматы, широко представленные в портфолио ведущих брендов. Такое доступное, лёгкое и увлекательное занятие - активация эмуляторов - радует каждого пользователя, вне зависимости от его профессиональных умений и навыков. Жители разных регионов предпочитают комфортный домашний отдых, что полностью соответствует концепции игры в режиме реального времени.&lt;/p&gt;\n&lt;p&gt;\nКлиент абсолютно ничем не рискует - надежность и безопасность гарантируется специальными аудиторскими компаниями и подтверждается лицензиями, представленными на сайтах виртуальных порталов. На результативность сессии влияет выбор виртуального казино: геймеру следует определиться с онлайн ресурсом, обеспечивающим полноценное и приятное времяпровождение.&lt;/p&gt;\n&lt;p&gt;\nНа свете существует множество развлечений, однако в современном динамичном мире пользуются спросом игровые автоматы, широко представленные в портфолио ведущих брендов. Такое доступное, лёгкое и увлекательное занятие - активация эмуляторов - радует каждого пользователя, вне зависимости от его профессиональных умений и навыков. Жители разных регионов предпочитают комфортный домашний отдых, что полностью соответствует концепции игры в режиме реального времени.&lt;/p&gt;\n&lt;p&gt;\nКлиент абсолютно ничем не рискует - надежность и безопасность гарантируется специальными аудиторскими компаниями и подтверждается лицензиями, представленными на сайтах виртуальных порталов. На результативность сессии влияет выбор виртуального казино: геймеру следует определиться с онлайн ресурсом, обеспечивающим полноценное и приятное времяпровождение.&lt;/p&gt;\n&lt;p&gt;\n&lt;/p&gt;&lt;h2 class=\"heading\" data-deep=\"first\" id=\"heading_3\"&gt;Онлайн казино Украины Heading 2&lt;/h2&gt;\nНа свете существует множество развлечений, однако в современном динамичном мире пользуются спросом игровые автоматы, широко представленные в портфолио ведущих брендов. Такое доступное, лёгкое и увлекательное занятие - активация эмуляторов - радует каждого пользователя, вне зависимости от его профессиональных умений и навыков. Жители разных регионов предпочитают комфортный домашний отдых, что полностью соответствует концепции игры в режиме реального времени.&lt;p&gt;&lt;/p&gt;\n&lt;p&gt;\nКлиент абсолютно ничем не рискует - надежность и безопасность гарантируется специальными аудиторскими компаниями и подтверждается лицензиями, представленными на сайтах виртуальных порталов. На результативность сессии влияет выбор виртуального казино: геймеру следует определиться с онлайн ресурсом, обеспечивающим полноценное и приятное времяпровождение.&lt;/p&gt;\n&lt;p&gt;\nНа свете существует множество развлечений, однако в современном динамичном мире пользуются спросом игровые автоматы, широко представленные в портфолио ведущих брендов. Такое доступное, лёгкое и увлекательное занятие - активация эмуляторов - радует каждого пользователя, вне зависимости от его профессиональных умений и навыков. Жители разных регионов предпочитают комфортный домашний отдых, что полностью соответствует концепции игры в режиме реального времени.&lt;/p&gt;\n&lt;p&gt;\nКлиент абсолютно ничем не рискует - надежность и безопасность гарантируется специальными аудиторскими компаниями и подтверждается лицензиями, представленными на сайтах виртуальных порталов. На результативность сессии влияет выбор виртуального казино: геймеру следует определиться с онлайн ресурсом, обеспечивающим полноценное и приятное времяпровождение.&lt;/p&gt;\n</pre>', 1, '2022-04-21 15:54:28', '2022-04-21 15:54:28', 'article', 'article'),
(10, 'public', 'poradi-dlya-gri-v-onlayn-kazino', 'Поради для гри в автомати онлайн', 'http://127.0.0.1:5000/uploads/557a68716baa57a3-616d635b4ed7b.jpeg', 'Short desc Поради для гри в автомати онлайн', 'H1 Поради для гри в автомати онлайн', 'Meta title Поради для гри в автомати онлайн', 'Description Поради для гри в автомати онлайн', 'Keywords Поради для гри в автомати онлайн', '<pre class=\"ql-syntax\" spellcheck=\"false\">&lt;nav class=\"nav\"&gt;&lt;/nav&gt;\n&lt;h2 class=\"heading\" data-deep=\"first\" id=\"heading_0\"&gt;Онлайн казино Украины&lt;/h2&gt;\n&lt;p&gt;\nНа свете существует множество развлечений, однако в современном динамичном мире пользуются спросом игровые автоматы, широко представленные в портфолио ведущих брендов. Такое доступное, лёгкое и увлекательное занятие - активация эмуляторов - радует каждого пользователя, вне зависимости от его профессиональных умений и навыков. Жители разных регионов предпочитают комфортный домашний отдых, что полностью соответствует концепции игры в режиме реального времени.&lt;/p&gt;\n&lt;p&gt;\nКлиент абсолютно ничем не рискует - надежность и безопасность гарантируется специальными аудиторскими компаниями и подтверждается лицензиями, представленными на сайтах виртуальных порталов. На результативность сессии влияет выбор виртуального казино: геймеру следует определиться с онлайн ресурсом, обеспечивающим полноценное и приятное времяпровождение.&lt;/p&gt;\n&lt;p&gt;\nНа свете существует множество развлечений, однако в современном динамичном мире пользуются спросом игровые автоматы, широко представленные в портфолио ведущих брендов. Такое доступное, лёгкое и увлекательное занятие - активация эмуляторов - радует каждого пользователя, вне зависимости от его профессиональных умений и навыков. Жители разных регионов предпочитают комфортный домашний отдых, что полностью соответствует концепции игры в режиме реального времени.&lt;/p&gt;\n&lt;p&gt;\nКлиент абсолютно ничем не рискует - надежность и безопасность гарантируется специальными аудиторскими компаниями и подтверждается лицензиями, представленными на сайтах виртуальных порталов. На результативность сессии влияет выбор виртуального казино: геймеру следует определиться с онлайн ресурсом, обеспечивающим полноценное и приятное времяпровождение.&lt;/p&gt;\n&lt;h3 class=\"heading\" data-deep=\"second\" id=\"heading_1\"&gt;Онлайн казино Украины Heading 3&lt;/h3&gt;\n&lt;p&gt;\nНа свете существует множество развлечений, однако в современном динамичном мире пользуются спросом игровые автоматы, широко представленные в портфолио ведущих брендов. Такое доступное, лёгкое и увлекательное занятие - активация эмуляторов - радует каждого пользователя, вне зависимости от его профессиональных умений и навыков. Жители разных регионов предпочитают комфортный домашний отдых, что полностью соответствует концепции игры в режиме реального времени.&lt;/p&gt;\n&lt;p&gt;\nКлиент абсолютно ничем не рискует - надежность и безопасность гарантируется специальными аудиторскими компаниями и подтверждается лицензиями, представленными на сайтах виртуальных порталов. На результативность сессии влияет выбор виртуального казино: геймеру следует определиться с онлайн ресурсом, обеспечивающим полноценное и приятное времяпровождение.&lt;/p&gt;\n&lt;p&gt;\nНа свете существует множество развлечений, однако в современном динамичном мире пользуются спросом игровые автоматы, широко представленные в портфолио ведущих брендов. Такое доступное, лёгкое и увлекательное занятие - активация эмуляторов - радует каждого пользователя, вне зависимости от его профессиональных умений и навыков. Жители разных регионов предпочитают комфортный домашний отдых, что полностью соответствует концепции игры в режиме реального времени.&lt;/p&gt;\n&lt;p&gt;\n&lt;/p&gt;&lt;h3 class=\"heading\" data-deep=\"second\" id=\"heading_2\"&gt;Онлайн казино Украины Heading 2&lt;/h3&gt;\nКлиент абсолютно ничем не рискует - надежность и безопасность гарантируется специальными аудиторскими компаниями и подтверждается лицензиями, представленными на сайтах виртуальных порталов. На результативность сессии влияет выбор виртуального казино: геймеру следует определиться с онлайн ресурсом, обеспечивающим полноценное и приятное времяпровождение.&lt;p&gt;&lt;/p&gt;\n&lt;p&gt;\nНа свете существует множество развлечений, однако в современном динамичном мире пользуются спросом игровые автоматы, широко представленные в портфолио ведущих брендов. Такое доступное, лёгкое и увлекательное занятие - активация эмуляторов - радует каждого пользователя, вне зависимости от его профессиональных умений и навыков. Жители разных регионов предпочитают комфортный домашний отдых, что полностью соответствует концепции игры в режиме реального времени.&lt;/p&gt;\n&lt;p&gt;\nКлиент абсолютно ничем не рискует - надежность и безопасность гарантируется специальными аудиторскими компаниями и подтверждается лицензиями, представленными на сайтах виртуальных порталов. На результативность сессии влияет выбор виртуального казино: геймеру следует определиться с онлайн ресурсом, обеспечивающим полноценное и приятное времяпровождение.&lt;/p&gt;\n&lt;p&gt;\nНа свете существует множество развлечений, однако в современном динамичном мире пользуются спросом игровые автоматы, широко представленные в портфолио ведущих брендов. Такое доступное, лёгкое и увлекательное занятие - активация эмуляторов - радует каждого пользователя, вне зависимости от его профессиональных умений и навыков. Жители разных регионов предпочитают комфортный домашний отдых, что полностью соответствует концепции игры в режиме реального времени.&lt;/p&gt;\n&lt;p&gt;\nКлиент абсолютно ничем не рискует - надежность и безопасность гарантируется специальными аудиторскими компаниями и подтверждается лицензиями, представленными на сайтах виртуальных порталов. На результативность сессии влияет выбор виртуального казино: геймеру следует определиться с онлайн ресурсом, обеспечивающим полноценное и приятное времяпровождение.&lt;/p&gt;\n&lt;p&gt;\n&lt;/p&gt;&lt;h2 class=\"heading\" data-deep=\"first\" id=\"heading_3\"&gt;Онлайн казино Украины Heading 2&lt;/h2&gt;\nНа свете существует множество развлечений, однако в современном динамичном мире пользуются спросом игровые автоматы, широко представленные в портфолио ведущих брендов. Такое доступное, лёгкое и увлекательное занятие - активация эмуляторов - радует каждого пользователя, вне зависимости от его профессиональных умений и навыков. Жители разных регионов предпочитают комфортный домашний отдых, что полностью соответствует концепции игры в режиме реального времени.&lt;p&gt;&lt;/p&gt;\n&lt;p&gt;\nКлиент абсолютно ничем не рискует - надежность и безопасность гарантируется специальными аудиторскими компаниями и подтверждается лицензиями, представленными на сайтах виртуальных порталов. На результативность сессии влияет выбор виртуального казино: геймеру следует определиться с онлайн ресурсом, обеспечивающим полноценное и приятное времяпровождение.&lt;/p&gt;\n&lt;p&gt;\nНа свете существует множество развлечений, однако в современном динамичном мире пользуются спросом игровые автоматы, широко представленные в портфолио ведущих брендов. Такое доступное, лёгкое и увлекательное занятие - активация эмуляторов - радует каждого пользователя, вне зависимости от его профессиональных умений и навыков. Жители разных регионов предпочитают комфортный домашний отдых, что полностью соответствует концепции игры в режиме реального времени.&lt;/p&gt;\n&lt;p&gt;\nКлиент абсолютно ничем не рискует - надежность и безопасность гарантируется специальными аудиторскими компаниями и подтверждается лицензиями, представленными на сайтах виртуальных порталов. На результативность сессии влияет выбор виртуального казино: геймеру следует определиться с онлайн ресурсом, обеспечивающим полноценное и приятное времяпровождение.&lt;/p&gt;\n</pre>', 1, '2022-04-21 15:54:28', '2022-04-21 15:54:28', 'article', 'article');

-- --------------------------------------------------------

--
-- Структура таблицы `article_category`
--

CREATE TABLE `article_category` (
  `id` int(11) NOT NULL,
  `status` enum('public','hide','basket') DEFAULT 'public',
  `permalink` varchar(255) DEFAULT NULL,
  `title` varchar(255) DEFAULT NULL,
  `thumbnail` varchar(255) DEFAULT NULL,
  `short_desc` varchar(255) DEFAULT NULL,
  `h1` varchar(255) DEFAULT NULL,
  `meta_title` varchar(255) DEFAULT NULL,
  `description` varchar(255) DEFAULT NULL,
  `keywords` varchar(255) DEFAULT NULL,
  `content` text,
  `lang` int(11) DEFAULT '1',
  `updated_at` datetime DEFAULT CURRENT_TIMESTAMP,
  `created_at` datetime DEFAULT CURRENT_TIMESTAMP,
  `parent_id` int(11) DEFAULT '0',
  `post_type` varchar(255) DEFAULT 'article/category',
  `slug` varchar(255) DEFAULT 'articles',
  `faq` text
) ENGINE=InnoDB DEFAULT CHARSET=utf8;

--
-- Дамп данных таблицы `article_category`
--

INSERT INTO `article_category` (`id`, `status`, `permalink`, `title`, `thumbnail`, `short_desc`, `h1`, `meta_title`, `description`, `keywords`, `content`, `lang`, `updated_at`, `created_at`, `parent_id`, `post_type`, `slug`, `faq`) VALUES
(1, 'public', 'igrovye-provajdery', 'Игровые провайдеры', 'http://127.0.0.1:5000/img/default.png', 'Короткое описание Игровые провайдеры', 'Категория Игровые провайдеры', 'Категория игровые провайдеры', 'Описание игровые провайдеры', '', '<pre class=\"ql-syntax\" spellcheck=\"false\">&lt;nav class=\"nav\"&gt;&lt;/nav&gt;\n&lt;h2 class=\"heading\" data-deep=\"first\" id=\"heading_0\"&gt;Онлайн казино Украины Page Article&lt;/h2&gt;\n&lt;p&gt;\nНа свете существует множество развлечений, однако в современном динамичном мире пользуются спросом игровые автоматы, широко представленные в портфолио ведущих брендов. Такое доступное, лёгкое и увлекательное занятие - активация эмуляторов - радует каждого пользователя, вне зависимости от его профессиональных умений и навыков. Жители разных регионов предпочитают комфортный домашний отдых, что полностью соответствует концепции игры в режиме реального времени.&lt;/p&gt;\n&lt;p&gt;\nКлиент абсолютно ничем не рискует - надежность и безопасность гарантируется специальными аудиторскими компаниями и подтверждается лицензиями, представленными на сайтах виртуальных порталов. На результативность сессии влияет выбор виртуального казино: геймеру следует определиться с онлайн ресурсом, обеспечивающим полноценное и приятное времяпровождение.&lt;/p&gt;\n&lt;p&gt;\nНа свете существует множество развлечений, однако в современном динамичном мире пользуются спросом игровые автоматы, широко представленные в портфолио ведущих брендов. Такое доступное, лёгкое и увлекательное занятие - активация эмуляторов - радует каждого пользователя, вне зависимости от его профессиональных умений и навыков. Жители разных регионов предпочитают комфортный домашний отдых, что полностью соответствует концепции игры в режиме реального времени.&lt;/p&gt;\n&lt;p&gt;\nКлиент абсолютно ничем не рискует - надежность и безопасность гарантируется специальными аудиторскими компаниями и подтверждается лицензиями, представленными на сайтах виртуальных порталов. На результативность сессии влияет выбор виртуального казино: геймеру следует определиться с онлайн ресурсом, обеспечивающим полноценное и приятное времяпровождение.&lt;/p&gt;\n&lt;h3 class=\"heading\" data-deep=\"second\" id=\"heading_1\"&gt;Онлайн казино Украины Heading 3&lt;/h3&gt;\n&lt;p&gt;\nНа свете существует множество развлечений, однако в современном динамичном мире пользуются спросом игровые автоматы, широко представленные в портфолио ведущих брендов. Такое доступное, лёгкое и увлекательное занятие - активация эмуляторов - радует каждого пользователя, вне зависимости от его профессиональных умений и навыков. Жители разных регионов предпочитают комфортный домашний отдых, что полностью соответствует концепции игры в режиме реального времени.&lt;/p&gt;\n&lt;p&gt;\nКлиент абсолютно ничем не рискует - надежность и безопасность гарантируется специальными аудиторскими компаниями и подтверждается лицензиями, представленными на сайтах виртуальных порталов. На результативность сессии влияет выбор виртуального казино: геймеру следует определиться с онлайн ресурсом, обеспечивающим полноценное и приятное времяпровождение.&lt;/p&gt;\n&lt;p&gt;\nНа свете существует множество развлечений, однако в современном динамичном мире пользуются спросом игровые автоматы, широко представленные в портфолио ведущих брендов. Такое доступное, лёгкое и увлекательное занятие - активация эмуляторов - радует каждого пользователя, вне зависимости от его профессиональных умений и навыков. Жители разных регионов предпочитают комфортный домашний отдых, что полностью соответствует концепции игры в режиме реального времени.&lt;/p&gt;\n&lt;p&gt;\n&lt;/p&gt;&lt;h3 class=\"heading\" data-deep=\"second\" id=\"heading_2\"&gt;Онлайн казино Украины Heading 2&lt;/h3&gt;\nКлиент абсолютно ничем не рискует - надежность и безопасность гарантируется специальными аудиторскими компаниями и подтверждается лицензиями, представленными на сайтах виртуальных порталов. На результативность сессии влияет выбор виртуального казино: геймеру следует определиться с онлайн ресурсом, обеспечивающим полноценное и приятное времяпровождение.&lt;p&gt;&lt;/p&gt;\n&lt;p&gt;\nНа свете существует множество развлечений, однако в современном динамичном мире пользуются спросом игровые автоматы, широко представленные в портфолио ведущих брендов. Такое доступное, лёгкое и увлекательное занятие - активация эмуляторов - радует каждого пользователя, вне зависимости от его профессиональных умений и навыков. Жители разных регионов предпочитают комфортный домашний отдых, что полностью соответствует концепции игры в режиме реального времени.&lt;/p&gt;\n&lt;p&gt;\nКлиент абсолютно ничем не рискует - надежность и безопасность гарантируется специальными аудиторскими компаниями и подтверждается лицензиями, представленными на сайтах виртуальных порталов. На результативность сессии влияет выбор виртуального казино: геймеру следует определиться с онлайн ресурсом, обеспечивающим полноценное и приятное времяпровождение.&lt;/p&gt;\n&lt;p&gt;\nНа свете существует множество развлечений, однако в современном динамичном мире пользуются спросом игровые автоматы, широко представленные в портфолио ведущих брендов. Такое доступное, лёгкое и увлекательное занятие - активация эмуляторов - радует каждого пользователя, вне зависимости от его профессиональных умений и навыков. Жители разных регионов предпочитают комфортный домашний отдых, что полностью соответствует концепции игры в режиме реального времени.&lt;/p&gt;\n&lt;p&gt;\nКлиент абсолютно ничем не рискует - надежность и безопасность гарантируется специальными аудиторскими компаниями и подтверждается лицензиями, представленными на сайтах виртуальных порталов. На результативность сессии влияет выбор виртуального казино: геймеру следует определиться с онлайн ресурсом, обеспечивающим полноценное и приятное времяпровождение.&lt;/p&gt;\n&lt;p&gt;\n&lt;/p&gt;&lt;h2 class=\"heading\" data-deep=\"first\" id=\"heading_3\"&gt;Онлайн казино Украины Heading 2&lt;/h2&gt;\nНа свете существует множество развлечений, однако в современном динамичном мире пользуются спросом игровые автоматы, широко представленные в портфолио ведущих брендов. Такое доступное, лёгкое и увлекательное занятие - активация эмуляторов - радует каждого пользователя, вне зависимости от его профессиональных умений и навыков. Жители разных регионов предпочитают комфортный домашний отдых, что полностью соответствует концепции игры в режиме реального времени.&lt;p&gt;&lt;/p&gt;\n&lt;p&gt;\nКлиент абсолютно ничем не рискует - надежность и безопасность гарантируется специальными аудиторскими компаниями и подтверждается лицензиями, представленными на сайтах виртуальных порталов. На результативность сессии влияет выбор виртуального казино: геймеру следует определиться с онлайн ресурсом, обеспечивающим полноценное и приятное времяпровождение.&lt;/p&gt;\n&lt;p&gt;\nНа свете существует множество развлечений, однако в современном динамичном мире пользуются спросом игровые автоматы, широко представленные в портфолио ведущих брендов. Такое доступное, лёгкое и увлекательное занятие - активация эмуляторов - радует каждого пользователя, вне зависимости от его профессиональных умений и навыков. Жители разных регионов предпочитают комфортный домашний отдых, что полностью соответствует концепции игры в режиме реального времени.&lt;/p&gt;\n&lt;p&gt;\nКлиент абсолютно ничем не рискует - надежность и безопасность гарантируется специальными аудиторскими компаниями и подтверждается лицензиями, представленными на сайтах виртуальных порталов. На результативность сессии влияет выбор виртуального казино: геймеру следует определиться с онлайн ресурсом, обеспечивающим полноценное и приятное времяпровождение.&lt;/p&gt;\n</pre>', 1, '2022-05-09 00:00:00', '2022-05-09 00:00:00', 0, 'article/category', 'articles', '[]'),
(2, 'public', 'igrovye-avtomaty', 'Игровые автоматы', 'http://127.0.0.1:5000/img/default.png', 'Short desc Игровые автоматы', 'h1 Игровые автоматы', 'Title Игровые автоматы', 'Description Игровые автоматы', 'Keywords Игровые автоматы', '<pre class=\"ql-syntax\" spellcheck=\"false\">&lt;nav class=\"nav\"&gt;&lt;/nav&gt;\n&lt;h2 class=\"heading\" data-deep=\"first\" id=\"heading_0\"&gt;Онлайн казино Украины Page Article&lt;/h2&gt;\n&lt;p&gt;\nНа свете существует множество развлечений, однако в современном динамичном мире пользуются спросом игровые автоматы, широко представленные в портфолио ведущих брендов. Такое доступное, лёгкое и увлекательное занятие - активация эмуляторов - радует каждого пользователя, вне зависимости от его профессиональных умений и навыков. Жители разных регионов предпочитают комфортный домашний отдых, что полностью соответствует концепции игры в режиме реального времени.&lt;/p&gt;\n&lt;p&gt;\nКлиент абсолютно ничем не рискует - надежность и безопасность гарантируется специальными аудиторскими компаниями и подтверждается лицензиями, представленными на сайтах виртуальных порталов. На результативность сессии влияет выбор виртуального казино: геймеру следует определиться с онлайн ресурсом, обеспечивающим полноценное и приятное времяпровождение.&lt;/p&gt;\n&lt;p&gt;\nНа свете существует множество развлечений, однако в современном динамичном мире пользуются спросом игровые автоматы, широко представленные в портфолио ведущих брендов. Такое доступное, лёгкое и увлекательное занятие - активация эмуляторов - радует каждого пользователя, вне зависимости от его профессиональных умений и навыков. Жители разных регионов предпочитают комфортный домашний отдых, что полностью соответствует концепции игры в режиме реального времени.&lt;/p&gt;\n&lt;p&gt;\nКлиент абсолютно ничем не рискует - надежность и безопасность гарантируется специальными аудиторскими компаниями и подтверждается лицензиями, представленными на сайтах виртуальных порталов. На результативность сессии влияет выбор виртуального казино: геймеру следует определиться с онлайн ресурсом, обеспечивающим полноценное и приятное времяпровождение.&lt;/p&gt;\n&lt;h3 class=\"heading\" data-deep=\"second\" id=\"heading_1\"&gt;Онлайн казино Украины Heading 3&lt;/h3&gt;\n&lt;p&gt;\nНа свете существует множество развлечений, однако в современном динамичном мире пользуются спросом игровые автоматы, широко представленные в портфолио ведущих брендов. Такое доступное, лёгкое и увлекательное занятие - активация эмуляторов - радует каждого пользователя, вне зависимости от его профессиональных умений и навыков. Жители разных регионов предпочитают комфортный домашний отдых, что полностью соответствует концепции игры в режиме реального времени.&lt;/p&gt;\n&lt;p&gt;\nКлиент абсолютно ничем не рискует - надежность и безопасность гарантируется специальными аудиторскими компаниями и подтверждается лицензиями, представленными на сайтах виртуальных порталов. На результативность сессии влияет выбор виртуального казино: геймеру следует определиться с онлайн ресурсом, обеспечивающим полноценное и приятное времяпровождение.&lt;/p&gt;\n&lt;p&gt;\nНа свете существует множество развлечений, однако в современном динамичном мире пользуются спросом игровые автоматы, широко представленные в портфолио ведущих брендов. Такое доступное, лёгкое и увлекательное занятие - активация эмуляторов - радует каждого пользователя, вне зависимости от его профессиональных умений и навыков. Жители разных регионов предпочитают комфортный домашний отдых, что полностью соответствует концепции игры в режиме реального времени.&lt;/p&gt;\n&lt;p&gt;\n&lt;/p&gt;&lt;h3 class=\"heading\" data-deep=\"second\" id=\"heading_2\"&gt;Онлайн казино Украины Heading 2&lt;/h3&gt;\nКлиент абсолютно ничем не рискует - надежность и безопасность гарантируется специальными аудиторскими компаниями и подтверждается лицензиями, представленными на сайтах виртуальных порталов. На результативность сессии влияет выбор виртуального казино: геймеру следует определиться с онлайн ресурсом, обеспечивающим полноценное и приятное времяпровождение.&lt;p&gt;&lt;/p&gt;\n&lt;p&gt;\nНа свете существует множество развлечений, однако в современном динамичном мире пользуются спросом игровые автоматы, широко представленные в портфолио ведущих брендов. Такое доступное, лёгкое и увлекательное занятие - активация эмуляторов - радует каждого пользователя, вне зависимости от его профессиональных умений и навыков. Жители разных регионов предпочитают комфортный домашний отдых, что полностью соответствует концепции игры в режиме реального времени.&lt;/p&gt;\n&lt;p&gt;\nКлиент абсолютно ничем не рискует - надежность и безопасность гарантируется специальными аудиторскими компаниями и подтверждается лицензиями, представленными на сайтах виртуальных порталов. На результативность сессии влияет выбор виртуального казино: геймеру следует определиться с онлайн ресурсом, обеспечивающим полноценное и приятное времяпровождение.&lt;/p&gt;\n&lt;p&gt;\nНа свете существует множество развлечений, однако в современном динамичном мире пользуются спросом игровые автоматы, широко представленные в портфолио ведущих брендов. Такое доступное, лёгкое и увлекательное занятие - активация эмуляторов - радует каждого пользователя, вне зависимости от его профессиональных умений и навыков. Жители разных регионов предпочитают комфортный домашний отдых, что полностью соответствует концепции игры в режиме реального времени.&lt;/p&gt;\n&lt;p&gt;\nКлиент абсолютно ничем не рискует - надежность и безопасность гарантируется специальными аудиторскими компаниями и подтверждается лицензиями, представленными на сайтах виртуальных порталов. На результативность сессии влияет выбор виртуального казино: геймеру следует определиться с онлайн ресурсом, обеспечивающим полноценное и приятное времяпровождение.&lt;/p&gt;\n&lt;p&gt;\n&lt;/p&gt;&lt;h2 class=\"heading\" data-deep=\"first\" id=\"heading_3\"&gt;Онлайн казино Украины Heading 2&lt;/h2&gt;\nНа свете существует множество развлечений, однако в современном динамичном мире пользуются спросом игровые автоматы, широко представленные в портфолио ведущих брендов. Такое доступное, лёгкое и увлекательное занятие - активация эмуляторов - радует каждого пользователя, вне зависимости от его профессиональных умений и навыков. Жители разных регионов предпочитают комфортный домашний отдых, что полностью соответствует концепции игры в режиме реального времени.&lt;p&gt;&lt;/p&gt;\n&lt;p&gt;\nКлиент абсолютно ничем не рискует - надежность и безопасность гарантируется специальными аудиторскими компаниями и подтверждается лицензиями, представленными на сайтах виртуальных порталов. На результативность сессии влияет выбор виртуального казино: геймеру следует определиться с онлайн ресурсом, обеспечивающим полноценное и приятное времяпровождение.&lt;/p&gt;\n&lt;p&gt;\nНа свете существует множество развлечений, однако в современном динамичном мире пользуются спросом игровые автоматы, широко представленные в портфолио ведущих брендов. Такое доступное, лёгкое и увлекательное занятие - активация эмуляторов - радует каждого пользователя, вне зависимости от его профессиональных умений и навыков. Жители разных регионов предпочитают комфортный домашний отдых, что полностью соответствует концепции игры в режиме реального времени.&lt;/p&gt;\n&lt;p&gt;\nКлиент абсолютно ничем не рискует - надежность и безопасность гарантируется специальными аудиторскими компаниями и подтверждается лицензиями, представленными на сайтах виртуальных порталов. На результативность сессии влияет выбор виртуального казино: геймеру следует определиться с онлайн ресурсом, обеспечивающим полноценное и приятное времяпровождение.&lt;/p&gt;\n</pre>', 1, '2022-05-09 00:00:00', '2022-05-09 00:00:00', 0, 'article/category', 'articles', '[]'),
(3, 'public', 'gejmbling', 'Геймблинг', 'http://127.0.0.1:5000/img/default.png', 'Short Desc Геймблинг', 'H1 Геймблинг', 'Meta title Геймблинг', 'Description Геймблинг', 'Keywords Геймблинг', '<pre class=\"ql-syntax\" spellcheck=\"false\">&lt;nav class=\"nav\"&gt;&lt;/nav&gt;\n&lt;h2 class=\"heading\" data-deep=\"first\" id=\"heading_0\"&gt;Онлайн казино Украины Page Article&lt;/h2&gt;\n&lt;p&gt;\nНа свете существует множество развлечений, однако в современном динамичном мире пользуются спросом игровые автоматы, широко представленные в портфолио ведущих брендов. Такое доступное, лёгкое и увлекательное занятие - активация эмуляторов - радует каждого пользователя, вне зависимости от его профессиональных умений и навыков. Жители разных регионов предпочитают комфортный домашний отдых, что полностью соответствует концепции игры в режиме реального времени.&lt;/p&gt;\n&lt;p&gt;\nКлиент абсолютно ничем не рискует - надежность и безопасность гарантируется специальными аудиторскими компаниями и подтверждается лицензиями, представленными на сайтах виртуальных порталов. На результативность сессии влияет выбор виртуального казино: геймеру следует определиться с онлайн ресурсом, обеспечивающим полноценное и приятное времяпровождение.&lt;/p&gt;\n&lt;p&gt;\nНа свете существует множество развлечений, однако в современном динамичном мире пользуются спросом игровые автоматы, широко представленные в портфолио ведущих брендов. Такое доступное, лёгкое и увлекательное занятие - активация эмуляторов - радует каждого пользователя, вне зависимости от его профессиональных умений и навыков. Жители разных регионов предпочитают комфортный домашний отдых, что полностью соответствует концепции игры в режиме реального времени.&lt;/p&gt;\n&lt;p&gt;\nКлиент абсолютно ничем не рискует - надежность и безопасность гарантируется специальными аудиторскими компаниями и подтверждается лицензиями, представленными на сайтах виртуальных порталов. На результативность сессии влияет выбор виртуального казино: геймеру следует определиться с онлайн ресурсом, обеспечивающим полноценное и приятное времяпровождение.&lt;/p&gt;\n&lt;h3 class=\"heading\" data-deep=\"second\" id=\"heading_1\"&gt;Онлайн казино Украины Heading 3&lt;/h3&gt;\n&lt;p&gt;\nНа свете существует множество развлечений, однако в современном динамичном мире пользуются спросом игровые автоматы, широко представленные в портфолио ведущих брендов. Такое доступное, лёгкое и увлекательное занятие - активация эмуляторов - радует каждого пользователя, вне зависимости от его профессиональных умений и навыков. Жители разных регионов предпочитают комфортный домашний отдых, что полностью соответствует концепции игры в режиме реального времени.&lt;/p&gt;\n&lt;p&gt;\nКлиент абсолютно ничем не рискует - надежность и безопасность гарантируется специальными аудиторскими компаниями и подтверждается лицензиями, представленными на сайтах виртуальных порталов. На результативность сессии влияет выбор виртуального казино: геймеру следует определиться с онлайн ресурсом, обеспечивающим полноценное и приятное времяпровождение.&lt;/p&gt;\n&lt;p&gt;\nНа свете существует множество развлечений, однако в современном динамичном мире пользуются спросом игровые автоматы, широко представленные в портфолио ведущих брендов. Такое доступное, лёгкое и увлекательное занятие - активация эмуляторов - радует каждого пользователя, вне зависимости от его профессиональных умений и навыков. Жители разных регионов предпочитают комфортный домашний отдых, что полностью соответствует концепции игры в режиме реального времени.&lt;/p&gt;\n&lt;p&gt;\n&lt;/p&gt;&lt;h3 class=\"heading\" data-deep=\"second\" id=\"heading_2\"&gt;Онлайн казино Украины Heading 2&lt;/h3&gt;\nКлиент абсолютно ничем не рискует - надежность и безопасность гарантируется специальными аудиторскими компаниями и подтверждается лицензиями, представленными на сайтах виртуальных порталов. На результативность сессии влияет выбор виртуального казино: геймеру следует определиться с онлайн ресурсом, обеспечивающим полноценное и приятное времяпровождение.&lt;p&gt;&lt;/p&gt;\n&lt;p&gt;\nНа свете существует множество развлечений, однако в современном динамичном мире пользуются спросом игровые автоматы, широко представленные в портфолио ведущих брендов. Такое доступное, лёгкое и увлекательное занятие - активация эмуляторов - радует каждого пользователя, вне зависимости от его профессиональных умений и навыков. Жители разных регионов предпочитают комфортный домашний отдых, что полностью соответствует концепции игры в режиме реального времени.&lt;/p&gt;\n&lt;p&gt;\nКлиент абсолютно ничем не рискует - надежность и безопасность гарантируется специальными аудиторскими компаниями и подтверждается лицензиями, представленными на сайтах виртуальных порталов. На результативность сессии влияет выбор виртуального казино: геймеру следует определиться с онлайн ресурсом, обеспечивающим полноценное и приятное времяпровождение.&lt;/p&gt;\n&lt;p&gt;\nНа свете существует множество развлечений, однако в современном динамичном мире пользуются спросом игровые автоматы, широко представленные в портфолио ведущих брендов. Такое доступное, лёгкое и увлекательное занятие - активация эмуляторов - радует каждого пользователя, вне зависимости от его профессиональных умений и навыков. Жители разных регионов предпочитают комфортный домашний отдых, что полностью соответствует концепции игры в режиме реального времени.&lt;/p&gt;\n&lt;p&gt;\nКлиент абсолютно ничем не рискует - надежность и безопасность гарантируется специальными аудиторскими компаниями и подтверждается лицензиями, представленными на сайтах виртуальных порталов. На результативность сессии влияет выбор виртуального казино: геймеру следует определиться с онлайн ресурсом, обеспечивающим полноценное и приятное времяпровождение.&lt;/p&gt;\n&lt;p&gt;\n&lt;/p&gt;&lt;h2 class=\"heading\" data-deep=\"first\" id=\"heading_3\"&gt;Онлайн казино Украины Heading 2&lt;/h2&gt;\nНа свете существует множество развлечений, однако в современном динамичном мире пользуются спросом игровые автоматы, широко представленные в портфолио ведущих брендов. Такое доступное, лёгкое и увлекательное занятие - активация эмуляторов - радует каждого пользователя, вне зависимости от его профессиональных умений и навыков. Жители разных регионов предпочитают комфортный домашний отдых, что полностью соответствует концепции игры в режиме реального времени.&lt;p&gt;&lt;/p&gt;\n&lt;p&gt;\nКлиент абсолютно ничем не рискует - надежность и безопасность гарантируется специальными аудиторскими компаниями и подтверждается лицензиями, представленными на сайтах виртуальных порталов. На результативность сессии влияет выбор виртуального казино: геймеру следует определиться с онлайн ресурсом, обеспечивающим полноценное и приятное времяпровождение.&lt;/p&gt;\n&lt;p&gt;\nНа свете существует множество развлечений, однако в современном динамичном мире пользуются спросом игровые автоматы, широко представленные в портфолио ведущих брендов. Такое доступное, лёгкое и увлекательное занятие - активация эмуляторов - радует каждого пользователя, вне зависимости от его профессиональных умений и навыков. Жители разных регионов предпочитают комфортный домашний отдых, что полностью соответствует концепции игры в режиме реального времени.&lt;/p&gt;\n&lt;p&gt;\nКлиент абсолютно ничем не рискует - надежность и безопасность гарантируется специальными аудиторскими компаниями и подтверждается лицензиями, представленными на сайтах виртуальных порталов. На результативность сессии влияет выбор виртуального казино: геймеру следует определиться с онлайн ресурсом, обеспечивающим полноценное и приятное времяпровождение.&lt;/p&gt;\n</pre>', 1, '2022-05-09 00:00:00', '2022-05-09 00:00:00', 0, 'article/category', 'articles', '[{\"value_1\":\"✅ Принимает ли Slotoking игроков из Украины?\",\"value_2\":\"Да, принимает. Slotoking одно из первых украинских казино. Кроме игроков их Украины, здесь могут играть жители Европы и Азии.\"}]');

-- --------------------------------------------------------

--
-- Структура таблицы `article_category_relatives`
--

CREATE TABLE `article_category_relatives` (
  `post_id` int(11) NOT NULL DEFAULT '0',
  `relative_id` int(11) NOT NULL DEFAULT '0'
) ENGINE=InnoDB DEFAULT CHARSET=utf8;

--
-- Дамп данных таблицы `article_category_relatives`
--

INSERT INTO `article_category_relatives` (`post_id`, `relative_id`) VALUES
(2, 1),
(3, 1),
(1, 2),
(1, 3),
(4, 3),
(5, 3),
(6, 3),
(7, 3),
(8, 3),
(9, 3),
(10, 3);

-- --------------------------------------------------------

--
-- Структура таблицы `article_meta`
--

CREATE TABLE `article_meta` (
  `faq` text,
  `post_id` int(11) DEFAULT NULL
) ENGINE=InnoDB DEFAULT CHARSET=utf8;

--
-- Дамп данных таблицы `article_meta`
--

INSERT INTO `article_meta` (`faq`, `post_id`) VALUES
('[{\"value_1\":\"✅ Принимает ли Slotoking игроков из Украины? Page Article\",\"value_2\":\"Клиент абсолютно ничем не рискует - надежность и безопасность гарантируется специальными аудиторскими компаниями и подтверждается лицензиями, представленными на сайтах виртуальных порталов. На результативность сессии влияет выбор виртуального казино: геймеру следует определиться с онлайн ресурсом, обеспечивающим полноценное и приятное времяпровождение.\"}]', 1),
('[{\"value_1\":\"✅ Принимает ли Slotoking игроков из Украины? Page Article\",\"value_2\":\"Да, принимает. Slotoking одно из первых украинских казино. Кроме игроков их Украины, здесь могут играть жители Европы и Азии.\"}]', 2),
('[{\"value_1\":\"✅ Принимает ли Slotoking игроков из Украины? Page Article\",\"value_2\":\"Да, принимает. Slotoking одно из первых украинских казино. Кроме игроков их Украины, здесь могут играть жители Европы и Азии.\"}]', 3),
('[{\"value_1\":\"✅ Принимает ли Slotoking игроков из Украины?\",\"value_2\":\"Да, принимает. Slotoking одно из первых украинских казино. Кроме игроков их Украины, здесь могут играть жители Европы и Азии.\"}]', 4),
('[{\"value_1\":\"✅ Принимает ли Slotoking игроков из Украины?\",\"value_2\":\"Да, принимает. Slotoking одно из первых украинских казино. Кроме игроков их Украины, здесь могут играть жители Европы и Азии.\"}]', 5),
('[]', 6),
('[]', 7),
('[]', 8),
('[]', 9),
('[]', 10);

-- --------------------------------------------------------

--
-- Структура таблицы `bonuses`
--

CREATE TABLE `bonuses` (
  `id` int(11) NOT NULL,
  `status` enum('public','hide','basket') DEFAULT 'public',
  `permalink` varchar(255) DEFAULT NULL,
  `title` varchar(255) DEFAULT NULL,
  `thumbnail` varchar(255) DEFAULT NULL,
  `short_desc` varchar(255) DEFAULT NULL,
  `h1` varchar(255) DEFAULT NULL,
  `meta_title` varchar(255) DEFAULT NULL,
  `description` varchar(255) DEFAULT NULL,
  `keywords` varchar(255) DEFAULT NULL,
  `content` text,
  `lang` int(11) DEFAULT '1',
  `updated_at` datetime DEFAULT CURRENT_TIMESTAMP,
  `created_at` datetime DEFAULT CURRENT_TIMESTAMP,
  `post_type` varchar(255) DEFAULT 'bonus',
  `slug` varchar(255) DEFAULT 'bonus'
) ENGINE=InnoDB DEFAULT CHARSET=utf8;

--
-- Дамп данных таблицы `bonuses`
--

INSERT INTO `bonuses` (`id`, `status`, `permalink`, `title`, `thumbnail`, `short_desc`, `h1`, `meta_title`, `description`, `keywords`, `content`, `lang`, `updated_at`, `created_at`, `post_type`, `slug`) VALUES
(1, 'public', 'bonus-dlya-novih-igrokov-slotoking', 'Приветственный бонус SlotoKing', 'http://127.0.0.1:5000/img/default.png', 'Short desc Приветственный бонус SlotoKing', 'H1 Приветственный бонус SlotoKing', 'Meta title Приветственный бонус SlotoKing', 'Description Приветственный бонус SlotoKing', 'Keywords Приветственный бонус SlotoKing', '<pre class=\"ql-syntax\" spellcheck=\"false\">&lt;strong&gt;Условия бонуса:&lt;/strong&gt;\n&lt;ul&gt;\n&lt;li&gt;Вы получите: 5 бонусов на общую сумму до 2 500 ₴ + 25 фриспинов.&lt;/li&gt;\n&lt;li&gt;Минимальный депозит: 250 ₴.&lt;/li&gt;\n&lt;li&gt;Вейджер: 40 крат на сумму бонуса и 35 крат на сумму выигрыша по фри-спинам.&lt;/li&gt;\n&lt;li&gt;Максимальная сумма бонуса: 2500 ₴.&lt;/li&gt;\n&lt;li&gt;Фри-спины по ставке 4 ₴ в играх Fruit Cash Hold\'N\'Link, The Big Game Hold\'N\'Link, Dolphin Queen Hold\'N\'Link.&lt;/li&gt;\n&lt;li&gt;Максимальная ставка для отыгрыша: 50 ₴.&lt;/li&gt;\n&lt;li&gt;Максимальная сумма выплаты х15 от суммы внесенного депозита.&lt;/li&gt;\n&lt;/ul&gt;\n</pre>', 1, '2022-04-21 15:58:21', '2022-04-21 15:58:21', 'bonus', 'bonus'),
(2, 'public', 'privetstvennyy-paket-v-original-777', 'Приветственный пакет в Оригинал 777', 'http://127.0.0.1:5000/img/default.png', 'Short desc Приветственный пакет в Оригинал 777', 'H1 Приветственный пакет в Оригинал 777', 'Meta Приветственный пакет в Оригинал 777', 'Description Приветственный пакет в Оригинал 777', 'Keywords Приветственный пакет в Оригинал 777', '<pre class=\"ql-syntax\" spellcheck=\"false\">&lt;em&gt;Описание бонуса&lt;/em&gt;\n&lt;ul&gt;\n&nbsp; &lt;li&gt;Приветственный пакет в казино 777 Originals включает в себя бонусы на 1-5 депозиты размером до 20 000 ₴ + 100FS.&lt;/li&gt;\n&nbsp; &lt;li&gt;Начиная с 6 депозита, становятся доступны бонусы, которые можно брать на каждый депозит.&lt;/li&gt;\n&lt;/ul&gt;\n&lt;table&gt;\n&nbsp; &lt;thead&gt;\n&nbsp; &lt;tr&gt;\n&nbsp; &nbsp; &lt;th width=\"12%\"&gt;Бонус&lt;/th&gt;\n&nbsp; &nbsp; &lt;th width=\"12%\"&gt;Размер бонуса&lt;/th&gt;\n&nbsp; &nbsp; &lt;th width=\"12%\"&gt;Мин. депозит&lt;/th&gt;\n&nbsp; &nbsp; &lt;th width=\"12%\"&gt;Макс. бонус&lt;/th&gt;\n&nbsp; &nbsp; &lt;th width=\"12%\"&gt;Вейджер&lt;/th&gt;\n&nbsp; &nbsp; &lt;th width=\"12%\"&gt;Вейджер FS&lt;/th&gt;\n&nbsp; &nbsp; &lt;th width=\"12%\"&gt;Ставка FS&lt;/th&gt;\n&nbsp; &nbsp; &lt;th width=\"12%\"&gt;Периодичность&lt;/th&gt;\n&nbsp; &lt;/tr&gt;\n&nbsp; &lt;/thead&gt;\n&nbsp; &lt;tbody&gt;\n&nbsp; &lt;tr&gt;\n&nbsp; &nbsp; &lt;td width=\"12%\"&gt;Бонус на 1-й депозит&lt;/td&gt;\n&nbsp; &nbsp; &lt;td width=\"12%\"&gt;125% + 20FS B.U.C.K.S, Hot Cash Hold\'N\'Link&lt;/td&gt;\n&nbsp; &nbsp; &lt;td width=\"12%\"&gt;250 ₴&lt;/td&gt;\n&nbsp; &nbsp; &lt;td width=\"12%\"&gt;2500 ₴&lt;/td&gt;\n&nbsp; &nbsp; &lt;td width=\"12%\"&gt;40&lt;/td&gt;\n&nbsp; &nbsp; &lt;td width=\"12%\"&gt;35&lt;/td&gt;\n&nbsp; &nbsp; &lt;td width=\"12%\"&gt;5 ₴&lt;/td&gt;\n&nbsp; &nbsp; &lt;td width=\"12%\"&gt;1 раз&lt;/td&gt;\n&nbsp; &lt;/tr&gt;\n&nbsp; &lt;tr&gt;\n&nbsp; &nbsp; &lt;td width=\"12%\"&gt;Бонус на 2-й депозит&lt;/td&gt;\n&nbsp; &nbsp; &lt;td width=\"12%\"&gt;100% + 20FS Fruit Cash Hold\'N\'Link&lt;/td&gt;\n&nbsp; &nbsp; &lt;td width=\"12%\"&gt;250 ₴&lt;/td&gt;\n&nbsp; &nbsp; &lt;td width=\"12%\"&gt;2500 ₴&lt;/td&gt;\n&nbsp; &nbsp; &lt;td width=\"12%\"&gt;40&lt;/td&gt;\n&nbsp; &nbsp; &lt;td width=\"12%\"&gt;35&lt;/td&gt;\n&nbsp; &nbsp; &lt;td width=\"12%\"&gt;5 ₴&lt;/td&gt;\n&nbsp; &nbsp; &lt;td width=\"12%\"&gt;1 раз&lt;/td&gt;\n&nbsp; &lt;/tr&gt;\n&nbsp; &lt;tr&gt;\n&nbsp; &nbsp; &lt;td width=\"12%\"&gt;Бонус на 3-й депозит&lt;/td&gt;\n&nbsp; &nbsp; &lt;td width=\"12%\"&gt;75% + 20FS Volcano Fruits&lt;/td&gt;\n&nbsp; &nbsp; &lt;td width=\"12%\"&gt;250 ₴&lt;/td&gt;\n&nbsp; &nbsp; &lt;td width=\"12%\"&gt;5000 ₴&lt;/td&gt;\n&nbsp; &nbsp; &lt;td width=\"12%\"&gt;40&lt;/td&gt;\n&nbsp; &nbsp; &lt;td width=\"12%\"&gt;35&lt;/td&gt;\n&nbsp; &nbsp; &lt;td width=\"12%\"&gt;5 ₴&lt;/td&gt;\n&nbsp; &nbsp; &lt;td width=\"12%\"&gt;1 раз&lt;/td&gt;\n&nbsp; &lt;/tr&gt;\n&nbsp; &lt;tr&gt;\n&nbsp; &nbsp; &lt;td width=\"12%\"&gt;Бонус на 4-й депозит&lt;/td&gt;\n&nbsp; &nbsp; &lt;td width=\"12%\"&gt;50% + 20FS The Big Game Hold\'N\'Link&lt;/td&gt;\n&nbsp; &nbsp; &lt;td width=\"12%\"&gt;250 ₴&lt;/td&gt;\n&nbsp; &nbsp; &lt;td width=\"12%\"&gt;5000 ₴&lt;/td&gt;\n&nbsp; &nbsp; &lt;td width=\"12%\"&gt;40&lt;/td&gt;\n&nbsp; &nbsp; &lt;td width=\"12%\"&gt;35&lt;/td&gt;\n&nbsp; &nbsp; &lt;td width=\"12%\"&gt;4 ₴&lt;/td&gt;\n&nbsp; &nbsp; &lt;td width=\"12%\"&gt;1 раз&lt;/td&gt;\n&nbsp; &lt;/tr&gt;\n&nbsp; &lt;tr&gt;\n&nbsp; &nbsp; &lt;td width=\"12%\"&gt;Бонус на 5-й депозит&lt;/td&gt;\n&nbsp; &nbsp; &lt;td width=\"12%\"&gt;100% + 20FS Dolphin Queen Hold\'N\'Link&lt;/td&gt;\n&nbsp; &nbsp; &lt;td width=\"12%\"&gt;250 ₴&lt;/td&gt;\n&nbsp; &nbsp; &lt;td width=\"12%\"&gt;5000 ₴&lt;/td&gt;\n&nbsp; &nbsp; &lt;td width=\"12%\"&gt;40&lt;/td&gt;\n&nbsp; &nbsp; &lt;td width=\"12%\"&gt;35&lt;/td&gt;\n&nbsp; &nbsp; &lt;td width=\"12%\"&gt;4 ₴&lt;/td&gt;\n&nbsp; &nbsp; &lt;td width=\"12%\"&gt;1 раз&lt;/td&gt;\n&nbsp; &lt;/tr&gt;\n&nbsp; &lt;tr&gt;\n&nbsp; &nbsp; &lt;td width=\"12%\"&gt;Ежедневные бонусы&lt;/td&gt;\n&nbsp; &nbsp; &lt;td width=\"12%\"&gt;50%&lt;/td&gt;\n&nbsp; &nbsp; &lt;td width=\"12%\"&gt;250 ₴&lt;/td&gt;\n&nbsp; &nbsp; &lt;td width=\"12%\"&gt;2500 ₴&lt;/td&gt;\n&nbsp; &nbsp; &lt;td width=\"12%\"&gt;40&lt;/td&gt;\n&nbsp; &nbsp; &lt;td width=\"12%\"&gt; — &lt;/td&gt;\n&nbsp; &nbsp; &lt;td width=\"12%\"&gt; — &lt;/td&gt;\n&nbsp; &nbsp; &lt;td width=\"12%\"&gt;1 раз в сутки&lt;/td&gt;\n&nbsp; &lt;/tr&gt;\n&nbsp; &lt;tr&gt;\n&nbsp; &nbsp; &lt;td width=\"12%\"&gt;Ежедневные фриспины&lt;/td&gt;\n&nbsp; &nbsp; &lt;td width=\"12%\"&gt;25FS Volcano Fruits&lt;/td&gt;\n&nbsp; &nbsp; &lt;td width=\"12%\"&gt;250 ₴&lt;/td&gt;\n&nbsp; &nbsp; &lt;td width=\"12%\"&gt; — &lt;/td&gt;\n&nbsp; &nbsp; &lt;td width=\"12%\"&gt; — &lt;/td&gt;\n&nbsp; &nbsp; &lt;td width=\"12%\"&gt;35&lt;/td&gt;\n&nbsp; &nbsp; &lt;td width=\"12%\"&gt;5 ₴&lt;/td&gt;\n&nbsp; &nbsp; &lt;td width=\"12%\"&gt;1 раз в сутки&lt;/td&gt;\n&nbsp; &lt;/tr&gt;\n&nbsp; &lt;/tbody&gt;\n&lt;/table&gt;\n</pre>', 1, '2022-04-21 15:58:21', '2022-04-21 15:58:21', 'bonus', 'bonus'),
(3, 'public', 'bonusy-dlya-starta-vulkan-ukraina', 'Бонусы для старта Вулкан Украина', 'http://127.0.0.1:5000/img/default.png', 'Short desc Бонусы для старта Вулкан Украина', 'H1 Бонусы для старта Вулкан Украина', 'Meta title Бонусы для старта Вулкан Украина', 'Description Бонусы для старта Вулкан Украина', 'Keywords Бонусы для старта Вулкан Украина', '<pre class=\"ql-syntax\" spellcheck=\"false\">&lt;p&gt;Активируйтепредложение на 50 000 ₴ + 300 FS на странице\"Мои бонусы\",внесите три депозитаодин за другим – и получите три бонуса:&lt;/p&gt;\n&lt;ul&gt;\n&lt;li&gt;Первый:100% + 50фриспиновна депозит от 100 гривен;&lt;/li&gt;\n&lt;li&gt;Второй:125% + 100 фриспиновна депозит от 300 гривен;&lt;/li&gt;\n&lt;li&gt;Третий:150% +150 фриспиновна депозит от 500 гривен.&lt;/li&gt;\n&lt;/ul&gt;\n&lt;p&gt;Максимальная сумма бонусов —10 000, 15 000 и 25 000 гривен соответственно.&lt;/p&gt;\n&lt;p&gt;Фриспины выдаются по ставке 0.7 грн за вращение в игреTemple of Dead.&lt;/p&gt;\n&lt;p&gt;Вейджер на бонусные средства и выигрыш во фриспинах составляет х40.&lt;/p&gt;\n&lt;p&gt;Максимальный размер ставки, учитываемый в отыгрыше бонуса составляет 150 гривен.&lt;/p&gt;\n&lt;p&gt;Если сумма бонуса после отыгрыша превышает х5 от суммы депозита, остаток свыше аннулируется.&lt;/p&gt;\n&lt;p&gt;В случае если на протяжении 5 дней с момента получения каждый из бонусов не будет отыгран, они будут автоматически списаны с вашего счета.&lt;/p&gt;\n&lt;p&gt;ВНИМАНИЕ: предложение доступно для активации в течение 5 дней с момента регистрации.&lt;/p&gt;\n</pre>', 1, '2022-04-21 15:58:21', '2022-04-21 15:58:21', 'bonus', 'bonus'),
(4, 'public', 'personalnyy-bonus-na-pervyy-depozit-v-slots-siti', 'Персональный бонус на первый депозит в Слотс Сити', 'http://127.0.0.1:5000/img/default.png', 'Short desc Персональный бонус на первый депозит в Слотс Сити', 'H1 Персональный бонус на первый депозит в Слотс Сити', 'Meta title Персональный бонус на первый депозит в Слотс Сити', 'Description Персональный бонус на первый депозит в Слотс Сити', 'Keywords Персональный бонус на первый депозит в Слотс Сити', '<pre class=\"ql-syntax\" spellcheck=\"false\">&lt;p&gt;&lt;em&gt;Условия получения бонуса: &lt;/em&gt;&lt;/p&gt;\n&lt;p&gt;Выполните депозит и получите бонус:&lt;/p&gt;\n&lt;ul&gt;\n&lt;li&gt;пополнение от 100 грн — 50% на внесенную сумму;&lt;/li&gt;\n&lt;li&gt;пополнение от 300 грн — 75% на сумму + 25FS;&lt;/li&gt;\n&lt;li&gt;пополнение от 500 грн — 100% на сумму + 50FS;&lt;/li&gt;\n&lt;/ul&gt;\n&lt;p&gt;Бонусные FS начисляются в &lt;strong&gt;God\'s Temple Deluxe&lt;/strong&gt; после осуществления избранное депозита и&nbsp;перехода в игру или по ссылке.&lt;/p&gt;\n&lt;p&gt;Макс.сума бонуса: 7000 ₴&lt;/p&gt;\n&lt;p&gt;Вейджер: х30&lt;/p&gt;\n&lt;p&gt;После активации бонус доступен в течение 24 часов&lt;/p&gt;\n&lt;p&gt;Максимальное вывода выигрыша с бонуса (после отыгрыша): 35 000 ₴. Удачи в игре!&lt;/p&gt;\n</pre>', 1, '2022-04-21 15:58:21', '2022-04-21 15:58:21', 'bonus', 'bonus'),
(5, 'public', '250-fs-za-pervyy-depozit-v-pin-up', '250 FS за первый депозит в Pin Up', 'http://127.0.0.1:5000/img/default.png', 'Short desc 250 FS за первый депозит в Pin Up', 'H1 250 FS за первый депозит в Pin Up', 'Meta title 250 FS за первый депозит в Pin Up', 'Description 250 FS за первый депозит в Pin Up', 'Keywords 250 FS за первый депозит в Pin Up', '<pre class=\"ql-syntax\" spellcheck=\"false\">&lt;p&gt;&lt;em&gt;Внесите первый депозит на сумму от 500 UAH и вы получите 250 Free Spins в подарок!&lt;/em&gt;&lt;/p&gt;\n&lt;p&gt;Такой шанс выпадает всего раз в жизни! Если с момента регистрации на Pin-Up.casino Вы все еще не вносили депозит, то 250 ФС для игры в топовые слоты точно Ваши. Внесите депозит от 500 UAH и проверьте наличие фриспинов в Вашем «Профиле».&lt;/p&gt;\n&lt;p&gt;&lt;em&gt;Чтобы продлить и усилить удовольствие от подарков и от игры:&lt;/em&gt;&lt;/p&gt;\n&lt;ul&gt;\n&lt;li&gt;50 фриспинов будут доступны сразу после первого пополнения основного баланса от 500 UAH;&lt;/li&gt;\n&lt;li&gt;по 40 фриспинов будут начисляться ежедневно в течении 5 последующих дней.&lt;/li&gt;\n&lt;li&gt;Проверить наличие бонусных фриспинов можно во вкладке «Бонусы» в Вашем «Профиле», в нижней таблице «Действующие фриспины» отобразятся Ваши фриспины и слот в котором Вы можете их отыграть.&lt;/li&gt;\n&lt;/ul&gt;\n&lt;p&gt;❗Время на отыгрыш фриспинов составляет 24 часа с момента их зачисления на счет игрока. Вейджер составляет х50❗&lt;/p&gt;\n&lt;p&gt;Не сдерживайте себя, ощутите силу и азарт уже сегодня!&lt;/p&gt;\n</pre>', 1, '2022-04-21 15:58:21', '2022-04-21 15:58:21', 'bonus', 'bonus'),
(6, 'public', 'podarki-novichkam-joker-casino', 'Подарки новичкам Joker Casino', 'http://127.0.0.1:5000/img/default.png', 'Short desc Подарки новичкам Joker Casino', 'H1 Подарки новичкам Joker Casino', 'Meta title Подарки новичкам Joker Casino', 'Description Подарки новичкам Joker Casino', 'Keywords Подарки новичкам Joker Casino', '<pre class=\"ql-syntax\" spellcheck=\"false\">&lt;p&gt;&lt;strong&gt;До 150% бонус за первый депозит до 100 000 UAH + 100 фриспинов&lt;/strong&gt;&lt;/p&gt;\n&lt;ul&gt;\n&lt;li&gt;Макс. сумма: 100 000 UAH&lt;/li&gt;\n&lt;li&gt;Мин. депозит: 100 UAH&lt;/li&gt;\n&lt;li&gt;Вейджер: 25&lt;/li&gt;\n&lt;li&gt;Фриспины: 100&lt;/li&gt;\n&lt;/ul&gt;\n&lt;p&gt;Предложение доступно в течение 30 дней после регистрации.&lt;/p&gt;\n&lt;p&gt;На выбор игрока 3 бонуса, которые можно активировать поочередно: 100% за депозит от 200 UAH, 150% за пополнение счета на сумму от 300 UAH, 100 фриспинов за депозит от 150 UAH.&lt;/p&gt;\n&lt;p&gt;Максимальная сумма каждого денежного бонуса составляет 50 000 UAH.&lt;/p&gt;\n&lt;p&gt;Вейджер отыгрыша для денежной части — х25, для выигрышей с фриспинов – х30.&lt;/p&gt;\n&lt;p&gt;Бесплатные вращения выдаются мгновенно и предназначены для использования в игре Book of Sun: Multichance по ставке 1 UAH.&lt;/p&gt;\n&lt;p&gt;Срок отыгрыша каждого бонуса — 48 часов.&lt;/p&gt;\n</pre>', 1, '2022-04-21 15:58:21', '2022-04-21 15:58:21', 'bonus', 'bonus'),
(7, 'public', 'bonus-za-pervye-chetyre-depozita-v-kazino-zolotoy-kubok', 'Бонус за первые четыре депозита в казино Золотой кубок', 'http://127.0.0.1:5000/img/default.png', 'Short desc Бонус за первые четыре депозита в казино Золотой кубок', 'H1 Бонус за первые четыре депозита в казино Золотой кубок', 'Meta title Бонус за первые четыре депозита в казино Золотой кубок', 'Description Бонус за первые четыре депозита в казино Золотой кубок', 'Keywords Бонус за первые четыре депозита в казино Золотой кубок', '<pre class=\"ql-syntax\" spellcheck=\"false\">&lt;p&gt;Для всех новых игроков казино Золотой кубок подготовил только лучшие бонусы на первые депозиты с общей суммой до 50 000 гривен!&lt;/p&gt;\n&lt;p&gt;Сразу после регистрации вам будет доступен&lt;strong&gt;100% бонус до 10 000 гривен на первый депозит&lt;/strong&gt;.&lt;/p&gt;\n&lt;p&gt;После активации данного бонуса Вам будут доступны 3 бонуса для активации в следующем порядке:&lt;/p&gt;\n&lt;p&gt;&lt;strong&gt;120% БОНУС до 12000₴ на второй депозит&lt;/strong&gt;&lt;/p&gt;\n&lt;p&gt;⇓&lt;/p&gt;\n&lt;p&gt;&lt;strong&gt;130% БОНУС до 13000₴ на третий депозит&lt;/strong&gt;&lt;/p&gt;\n&lt;p&gt;⇓&lt;/p&gt;\n&lt;p&gt;&lt;strong&gt;150% БОНУС до 15000₴ на четвертый депозит&lt;/strong&gt;&lt;/p&gt;\n&lt;p&gt;Все бонусы имеют вейджер Х20 (бонус + депозит) и должны быть активированы в течение 120 часов. Для активации подарков необходим минимальный депозит от 100 гривен (1,2 бонусы), от 200 гривен (3-й бонус) и от 300 гривен (4-й бонус).&lt;/p&gt;\n&lt;p&gt;ВАЖНО!Бонусы начисляются на порядковый номер депозита.В случае внесения депозита без активации одного из бонусов данной акции, действующий бонус деактивируется и игроку становится доступен следующий бонус в соответствии с номером депозита.&lt;/p&gt;\n</pre>', 1, '2022-04-21 15:58:21', '2022-04-21 15:58:21', 'bonus', 'bonus'),
(8, 'public', 'privetstvennyy-bonusnyy-paket-kazin', 'Приветственный бонусный пакет казино NetGame', 'http://127.0.0.1:5000/img/default.png', 'Short desc Приветственный бонусный пакет казино NetGame', 'H1 Приветственный бонусный пакет казино NetGame', 'Meta title Приветственный бонусный пакет казино NetGame', 'Description Приветственный бонусный пакет казино NetGame', 'Keywords Приветственный бонусный пакет казино NetGame', '<pre class=\"ql-syntax\" spellcheck=\"false\">&lt;p&gt;45 0000 гривен + 325 FS&lt;/p&gt;\n&lt;p&gt;&lt;strong&gt;Условия бонуса:&lt;/strong&gt;&lt;/p&gt;\n&lt;ul&gt;\n	&lt;li&gt;Вы получите: 4 бонуса общей суммой до 45 000 UAH + 325 фриспинов.&lt;/li&gt;\n	&lt;li&gt;Минимальный депозит: 100 ₴.&lt;/li&gt;\n	&lt;li&gt;Вейджер для депозитных бонусов: x40 на сумму бонуса.&lt;/li&gt;\n	&lt;li&gt;Вейджер для фри-спинов: x30 на сумму выигрыша по фриспинам.&lt;/li&gt;\n&lt;/ul&gt;\n&lt;p&gt;Бонус на 1-й депозит&lt;/p&gt;\n&lt;p&gt;&lt;em&gt;100%&lt;/em&gt; за депозит &lt;u&gt;от 100 до 249 UAH&lt;/u&gt; с вейджером х40&lt;/p&gt;\n&lt;p&gt;&lt;em&gt;100%+ 25 FS&lt;/em&gt; за депозит &lt;u&gt;от 250 до 749 UAH&lt;/u&gt;&lt;/p&gt;\n&lt;ul&gt;\n  &lt;li&gt;Вейджер: 40&lt;/li&gt;\n  &lt;li&gt;Вейджер FS: 30&lt;/li&gt;\n  &lt;li&gt;Ставка за спин: 1.2 ₴ в Wild Buffalo&lt;/li&gt;\n&lt;/ul&gt;\n&lt;p&gt;&lt;em&gt;100%+ 50 FS&lt;/em&gt; за депозит &lt;u&gt;от 750 UAH&lt;/u&gt;&lt;/p&gt;\n&lt;ul&gt;\n  &lt;li&gt;Вейджер: 40&lt;/li&gt;\n  &lt;li&gt;Вейджер FS: 30&lt;/li&gt;\n  &lt;li&gt;Ставка за спин: 1.2 ₴ в Wild Buffalo&lt;/li&gt;\n  &lt;li&gt;Макс. бонус: 15 000 UAH&lt;/li&gt;\n&lt;/ul&gt;\n&lt;strong&gt;&lt;p&gt;Бонус на 2-й депозит&lt;/p&gt;&lt;/strong&gt;\n&lt;br&gt;\n&lt;p&gt;&lt;em&gt;75%&lt;/em&gt; на счет за депозит &lt;u&gt;от 250 до 749 UAH&lt;/u&gt; с вейджером х40&lt;/p&gt;\n&lt;p&gt;&lt;em&gt;75%+ 50 FS&lt;/em&gt; за депозит &lt;u&gt;от 750 до 1 499 UAH&lt;/u&gt;&lt;/p&gt;\n&lt;ul&gt;&lt;li&gt;Вейджер: 40&lt;/li&gt;\n&lt;li&gt;Вейджер FS: 30&lt;/li&gt;\n&lt;li&gt;Ставка за спин: 1.5 ₴ в Volcano Fruits&lt;/li&gt;&lt;/ul&gt;\n&lt;br&gt;\n&lt;p&gt;&lt;em&gt;75%+ 75 FS&lt;/em&gt; за депозит &lt;u&gt;от 1 500 UAH&lt;/u&gt;&lt;/p&gt;\n&lt;ul&gt;&lt;li&gt;Вейджер: 40&lt;/li&gt;\n&lt;li&gt;Вейджер FS: 30&lt;/li&gt;\n&lt;li&gt;Макс. бонус: 15 000 UAH&lt;/li&gt;\n&lt;li&gt;Ставка за спин: 1.5 ₴ в Volcano Fruits&lt;/li&gt;&lt;/ul&gt;\n&lt;strong&gt;&lt;p&gt;Бонус на 3-й депозит&lt;/p&gt;&lt;/strong&gt;\n&lt;br&gt;\n&lt;p&gt;&lt;em&gt;50%&lt;/em&gt; на счет за депозит &lt;u&gt;от 250 до 749 UAH&lt;/u&gt; с вейджером х40&lt;/p&gt;\n&lt;p&gt;&lt;em&gt;50%+ 50 FS&lt;/em&gt; за депозит &lt;u&gt;от 750 до 1 499 UAH&lt;/u&gt;&lt;/p&gt;\n&lt;ul&gt;&lt;li&gt;Вейджер: 40&lt;/li&gt;\n&lt;li&gt;Вейджер FS: 30&lt;/li&gt;\n&lt;li&gt;Ставка за спин: 2 ₴ в Cloverstones&lt;/li&gt;&lt;/ul&gt;\n&lt;br&gt;\n&lt;p&gt;&lt;em&gt;50%+ 100 FS&lt;/em&gt; за депозит &lt;u&gt;от 1 500 UAH&lt;/u&gt;&lt;/p&gt;\n&lt;ul&gt;&lt;li&gt;Вейджер: 40&lt;/li&gt;\n&lt;li&gt;Вейджер FS: 30&lt;/li&gt;\n&lt;li&gt;Макс. бонус: 15 000 UAH&lt;/li&gt;\n&lt;li&gt;Ставка за спин: 2 ₴ в Cloverstones&lt;/li&gt;&lt;/ul&gt;\n&lt;strong&gt;&lt;p&gt;Бонус на 4-й депозит&lt;/p&gt;&lt;/strong&gt;\n&lt;br&gt;\n&lt;p&gt;&lt;em&gt;20 FS&lt;/em&gt; за депозит &lt;u&gt;от 250 до 749 UAH&lt;/u&gt;&lt;/p&gt;\n&lt;p&gt;&lt;em&gt;50 FS&lt;/em&gt; за депозит &lt;u&gt;от 750 до 1 499 UAH&lt;/u&gt;&lt;/p&gt;\n&lt;p&gt;&lt;em&gt;100 FS&lt;/em&gt; за депозит &lt;u&gt;от 1 500 UAH&lt;/u&gt;&lt;/p&gt;\n&lt;ul&gt;&lt;li&gt;Вейджер FS: 30&lt;/li&gt;\n&lt;li&gt;Ставка за спин: 2 ₴ в Hit in Vegas&lt;/li&gt;&lt;/ul&gt;\n&lt;br&gt;\n&lt;/ul&gt;\n</pre>', 1, '2022-04-21 15:58:21', '2022-04-21 15:58:21', 'bonus', 'bonus'),
(9, 'public', 'post-8', 'Приветственный пакет в Космолот казино', 'http://127.0.0.1:5000/img/default.png', 'Short desc Приветственный пакет в Космолот казино', 'H1 Приветственный пакет в Космолот казино', 'Meta title Приветственный пакет в Космолот казино', 'Description Приветственный пакет в Космолот казино', 'Keywords Приветственный пакет в Космолот казино', '<pre class=\"ql-syntax\" spellcheck=\"false\">&lt;p&gt;В клубе Космолот Вы можете активировать бонусный «Приветственный Пакет». Бонусы «Приветственный Пакета» зачисляются на Ваш бонусный счет нажатием кнопки «Активировать», которая будет доступна на этой странице или в «Кассе» перед внесением депозита.&lt;/p&gt;\n&lt;p&gt;Минимальный депозит для активации бонусов «Приветственного Пакета» составляет 100 грн. Сумма максимального денежного бонуса на один депозит по «Приветственному Пакету» составляет 5 000 грн.&lt;/p&gt;\n&lt;p&gt;Бонусные вращения в рамках «Приветственного Пакета» выдаются по 50 бонусных вращений к каждому депозиту. Они могут накапливаться, если будет активация следующих депозитов в дни начисления вращений с предыдущего депозита. Миссии для пользователей «Приветственного Пакета» для получения остальных 350 бесплатных вращений находятся в разделе «Квесты» в профиле пользователя.&lt;/p&gt;\n&lt;p&gt;Отыгрыш всех начисленных бонусов: х35, тип отыгрыша - только бонусы. Максимальный начисленный бонус не превысит 5 000 грн.&lt;/p&gt;\n&lt;p&gt;Для активации «Приветственного Пакета VIP» минимальный депозит должен составлять не менее 2000 грн. Сумма максимального денежного бонуса на один депозит в рамках «Приветственного Пакета VIP» составляет 15 000 грн.&lt;/p&gt;\n&lt;p&gt;Бонусные вращения в рамках «Приветственного Пакета VIP» выдаются по 100 бонусных вращений за каждый депозит. Они могут накапливаться, если будет активация следующих депозитов в дни начисления вращений с предыдущего депозита. Миссии для пользователей «Приветственного Пакета VIP» для получения остальных 1200 бесплатных вращений находятся в разделе «Квесты» в профиле пользователя.&lt;/p&gt;\n&lt;p&gt;Отыгрыш всех начисленных бонусов «Приветственного Пакета VIP»: х40, тип отыгрыша - только бонусы.&lt;/p&gt;\n</pre>', 1, '2022-04-21 15:58:21', '2022-04-21 15:58:21', 'bonus', 'bonus'),
(10, 'public', 'privetstvennye-bonusy-ot-fizzslots-casino', 'Приветственные бонусы от Fizzslots Casino', 'http://127.0.0.1:5000/img/default.png', 'Short desc Приветственные бонусы от Fizzslots Casino', 'H1 Приветственные бонусы от Fizzslots Casino', 'Meta title Приветственные бонусы от Fizzslots Casino', 'Description Приветственные бонусы от Fizzslots Casino', 'Keywords Приветственные бонусы от Fizzslots Casino', '<pre class=\"ql-syntax\" spellcheck=\"false\">&lt;ol&gt;&lt;li&gt;Приветственные бонусы доступны только новым игрокам.&lt;/li&gt;\n&lt;li&gt;Для каждой Учетной записи доступен только один приветственный бонус.&lt;/li&gt;\n&lt;li&gt;Приветственный бонус действителен только на первый депозит.&lt;/li&gt;\n&lt;li&gt;Сумма бонуса равна 100% от суммы депозита, но не более 500 EUR / 50000 INR / 15000 UAH (в зависимости от валюты аккаунта). Минимальная сумма депозита для получения бонуса 20 EUR / 1000 INR / 400 UAH соответственно.&lt;/li&gt;\n&lt;li&gt;Для выполнения условий отыгрыша бонуса дается 45 дней с момента первого депозита. После этого срок действия бонуса истекает, все набранные очки, связанные с выполнением условий по отыгрышу бонуса, также сгорают.&lt;/li&gt;\n&lt;li&gt;Для отыгрывания приветственного бонуса требуется сделать ставок на сумму бонуса умноженную на 40 (вейджер X40), если не указано иное.&lt;/li&gt;\n&lt;li&gt;Клиент может отслеживать всю информацию о бонусе (сумма, набранные и оставшиеся очки, срок действия) в личном кабинете на Сайте.&lt;/li&gt;\n&lt;li&gt;При отыгрыше бонуса учитываются только ставки размером в 5 EUR/ 1000 INR/ 150 UAH или меньше.&lt;/li&gt;\n&lt;li&gt;Клиент может отменить бонус в любой момент в личном кабинете.&lt;/li&gt;\n&lt;li&gt;Приветственный бонус не может быть отыгран в играх казино, инста-играх и в Live казино.&lt;/li&gt;\n&lt;li&gt;Ставки, которые засчитываются для отыгрыша бонуса, учитываются следующим образом:&lt;p&gt;&lt;/p&gt;\n&lt;p&gt;• в слотах — 100%&lt;/p&gt;\n&lt;p&gt;• в казино играх — 0%&lt;/p&gt;\n&lt;p&gt;• во всех остальных играх — 0%&lt;/p&gt;&lt;/li&gt;\n&lt;li&gt;Клиент может запросить вывод денег со своего баланса в любой момент. Клиент не потеряет приветственный бонус, если снимет / внесет средства со счета / на счет.&lt;/li&gt;\n&lt;li&gt;Как только требования по ставкам будут выполнены, в Учетной записи Клиента появится кнопка «Забрать бонус».&lt;/li&gt; &lt;li&gt;Чтобы бонус был переведен на счет реальных денег, клиент должен нажать кнопку «Забрать бонус».&lt;/li&gt;\n&lt;li&gt;Сумма начисленного бонуса может быть использована для дальнейшей игры в нашем Казино или может быть снята.&lt;/li&gt;\n&lt;li&gt;Запрещается откладывать любые бонусные игры, в том числе фриспины и бонусные раунды, на более позднее время, когда больше не действуют требования по ставкам, и / или делать депозиты, когда в игре все еще доступны фриспины или бонусные раунды. В таких случаях считается, что Клиент согласился с тем, что полученные выигрыши будут аннулированы.&lt;/li&gt;\n&lt;li&gt;Имеющиеся бонусы доступны только в рамках одного игрового счета, IP-адреса, компьютерного устройства, одной семьи, адреса проживания, номера телефона, кредитной или дебетовой карты и / или электронного кошелька, электронной почты и сетей, в которых компьютеры используются совместно (например, университет , публичная библиотека, рабочая сеть и т. д.). Если у администрации Fizzslots появятся разумные основания полагать, что Владелец Учетной записи совершил или попытался совершить злоупотребление бонусом, самостоятельно или в составе группы, Fizzslots оставляет за собой право:&lt;p&gt;&lt;/p&gt;\n&lt;p&gt;• конфисковать бонус, выданный игроку, и любые выигрыши от этого бонуса;&lt;/p&gt;\n&lt;p&gt;• аннулировать, отклонить или отозвать бонусное предложение у игрока;&lt;/p&gt;\n&lt;p&gt;• аннулировать баланс реальных денег игрока;&lt;/p&gt;\n&lt;p&gt;• заблокировать игроку доступ к Fizzslots и закрыть его Учетную запись.&lt;/p&gt;&lt;/li&gt;&lt;/ol&gt;\n</pre>', 1, '2022-04-21 15:58:21', '2022-04-21 15:58:21', 'bonus', 'bonus'),
(11, 'public', '100-hryvnia-frispinami-bez-depozita-v-joker-kazino', ' 100 ₴ фриспинами без депозита в Joker казино', 'http://127.0.0.1:5000/img/default.png', '', '100 ₴ фриспинами без депозита в Joker казино', '100 ₴ фриспинами без депозита в Joker казино', '100 ₴ фриспинами без депозита в Joker казино', '100 ₴ фриспинами без депозита в Joker казино', '<pre class=\"ql-syntax\" spellcheck=\"false\">&lt;nav class=\"nav\"&gt;&lt;/nav&gt;\n&lt;h2&gt;Онлайн казино Украины Page Casino&lt;/h2&gt;\n&lt;p&gt;\nНа свете существует множество развлечений, однако в современном динамичном мире пользуются спросом игровые автоматы, широко представленные в портфолио ведущих брендов. Такое доступное, лёгкое и увлекательное занятие - активация эмуляторов - радует каждого пользователя, вне зависимости от его профессиональных умений и навыков. Жители разных регионов предпочитают комфортный домашний отдых, что полностью соответствует концепции игры в режиме реального времени.&lt;/p&gt;\n&lt;p&gt;\nКлиент абсолютно ничем не рискует - надежность и безопасность гарантируется специальными аудиторскими компаниями и подтверждается лицензиями, представленными на сайтах виртуальных порталов. На результативность сессии влияет выбор виртуального казино: геймеру следует определиться с онлайн ресурсом, обеспечивающим полноценное и приятное времяпровождение.&lt;/p&gt;\n&lt;p&gt;\nНа свете существует множество развлечений, однако в современном динамичном мире пользуются спросом игровые автоматы, широко представленные в портфолио ведущих брендов. Такое доступное, лёгкое и увлекательное занятие - активация эмуляторов - радует каждого пользователя, вне зависимости от его профессиональных умений и навыков. Жители разных регионов предпочитают комфортный домашний отдых, что полностью соответствует концепции игры в режиме реального времени.&lt;/p&gt;\n&lt;p&gt;\nКлиент абсолютно ничем не рискует - надежность и безопасность гарантируется специальными аудиторскими компаниями и подтверждается лицензиями, представленными на сайтах виртуальных порталов. На результативность сессии влияет выбор виртуального казино: геймеру следует определиться с онлайн ресурсом, обеспечивающим полноценное и приятное времяпровождение.&lt;/p&gt;\n&lt;h3&gt;Онлайн казино Украины Heading 3&lt;/h3&gt;\n&lt;p&gt;\nНа свете существует множество развлечений, однако в современном динамичном мире пользуются спросом игровые автоматы, широко представленные в портфолио ведущих брендов. Такое доступное, лёгкое и увлекательное занятие - активация эмуляторов - радует каждого пользователя, вне зависимости от его профессиональных умений и навыков. Жители разных регионов предпочитают комфортный домашний отдых, что полностью соответствует концепции игры в режиме реального времени.&lt;/p&gt;\n&lt;p&gt;\nКлиент абсолютно ничем не рискует - надежность и безопасность гарантируется специальными аудиторскими компаниями и подтверждается лицензиями, представленными на сайтах виртуальных порталов. На результативность сессии влияет выбор виртуального казино: геймеру следует определиться с онлайн ресурсом, обеспечивающим полноценное и приятное времяпровождение.&lt;/p&gt;\n&lt;p&gt;\nНа свете существует множество развлечений, однако в современном динамичном мире пользуются спросом игровые автоматы, широко представленные в портфолио ведущих брендов. Такое доступное, лёгкое и увлекательное занятие - активация эмуляторов - радует каждого пользователя, вне зависимости от его профессиональных умений и навыков. Жители разных регионов предпочитают комфортный домашний отдых, что полностью соответствует концепции игры в режиме реального времени.&lt;/p&gt;\n&lt;p&gt;\n&lt;h3&gt;Онлайн казино Украины Heading 2&lt;/h3&gt;\nКлиент абсолютно ничем не рискует - надежность и безопасность гарантируется специальными аудиторскими компаниями и подтверждается лицензиями, представленными на сайтах виртуальных порталов. На результативность сессии влияет выбор виртуального казино: геймеру следует определиться с онлайн ресурсом, обеспечивающим полноценное и приятное времяпровождение.&lt;/p&gt;\n&lt;p&gt;\nНа свете существует множество развлечений, однако в современном динамичном мире пользуются спросом игровые автоматы, широко представленные в портфолио ведущих брендов. Такое доступное, лёгкое и увлекательное занятие - активация эмуляторов - радует каждого пользователя, вне зависимости от его профессиональных умений и навыков. Жители разных регионов предпочитают комфортный домашний отдых, что полностью соответствует концепции игры в режиме реального времени.&lt;/p&gt;\n&lt;p&gt;\nКлиент абсолютно ничем не рискует - надежность и безопасность гарантируется специальными аудиторскими компаниями и подтверждается лицензиями, представленными на сайтах виртуальных порталов. На результативность сессии влияет выбор виртуального казино: геймеру следует определиться с онлайн ресурсом, обеспечивающим полноценное и приятное времяпровождение.&lt;/p&gt;\n&lt;p&gt;\nНа свете существует множество развлечений, однако в современном динамичном мире пользуются спросом игровые автоматы, широко представленные в портфолио ведущих брендов. Такое доступное, лёгкое и увлекательное занятие - активация эмуляторов - радует каждого пользователя, вне зависимости от его профессиональных умений и навыков. Жители разных регионов предпочитают комфортный домашний отдых, что полностью соответствует концепции игры в режиме реального времени.&lt;/p&gt;\n&lt;p&gt;\nКлиент абсолютно ничем не рискует - надежность и безопасность гарантируется специальными аудиторскими компаниями и подтверждается лицензиями, представленными на сайтах виртуальных порталов. На результативность сессии влияет выбор виртуального казино: геймеру следует определиться с онлайн ресурсом, обеспечивающим полноценное и приятное времяпровождение.&lt;/p&gt;\n&lt;p&gt;\n&lt;h2&gt;Онлайн казино Украины Heading 2&lt;/h2&gt;\nНа свете существует множество развлечений, однако в современном динамичном мире пользуются спросом игровые автоматы, широко представленные в портфолио ведущих брендов. Такое доступное, лёгкое и увлекательное занятие - активация эмуляторов - радует каждого пользователя, вне зависимости от его профессиональных умений и навыков. Жители разных регионов предпочитают комфортный домашний отдых, что полностью соответствует концепции игры в режиме реального времени.&lt;/p&gt;\n&lt;p&gt;\nКлиент абсолютно ничем не рискует - надежность и безопасность гарантируется специальными аудиторскими компаниями и подтверждается лицензиями, представленными на сайтах виртуальных порталов. На результативность сессии влияет выбор виртуального казино: геймеру следует определиться с онлайн ресурсом, обеспечивающим полноценное и приятное времяпровождение.&lt;/p&gt;\n&lt;p&gt;\nНа свете существует множество развлечений, однако в современном динамичном мире пользуются спросом игровые автоматы, широко представленные в портфолио ведущих брендов. Такое доступное, лёгкое и увлекательное занятие - активация эмуляторов - радует каждого пользователя, вне зависимости от его профессиональных умений и навыков. Жители разных регионов предпочитают комфортный домашний отдых, что полностью соответствует концепции игры в режиме реального времени.&lt;/p&gt;\n&lt;p&gt;\nКлиент абсолютно ничем не рискует - надежность и безопасность гарантируется специальными аудиторскими компаниями и подтверждается лицензиями, представленными на сайтах виртуальных порталов. На результативность сессии влияет выбор виртуального казино: геймеру следует определиться с онлайн ресурсом, обеспечивающим полноценное и приятное времяпровождение.&lt;/p&gt;\n</pre>', 1, '2022-05-24 00:00:00', '2022-05-24 00:00:00', 'bonus', 'bonus');

-- --------------------------------------------------------

--
-- Структура таблицы `bonus_casino_relatives`
--

CREATE TABLE `bonus_casino_relatives` (
  `post_id` int(11) NOT NULL DEFAULT '0',
  `relative_id` int(11) NOT NULL DEFAULT '0'
) ENGINE=InnoDB DEFAULT CHARSET=utf8;

--
-- Дамп данных таблицы `bonus_casino_relatives`
--

INSERT INTO `bonus_casino_relatives` (`post_id`, `relative_id`) VALUES
(1, 1),
(2, 2),
(4, 3),
(3, 4),
(8, 5),
(5, 6),
(7, 7),
(10, 8),
(6, 9),
(11, 9),
(9, 10);

-- --------------------------------------------------------

--
-- Структура таблицы `bonus_category`
--

CREATE TABLE `bonus_category` (
  `id` int(11) NOT NULL,
  `status` enum('public','hide','basket') DEFAULT 'public',
  `permalink` varchar(255) DEFAULT NULL,
  `title` varchar(255) DEFAULT NULL,
  `thumbnail` varchar(255) DEFAULT NULL,
  `short_desc` varchar(255) DEFAULT NULL,
  `h1` varchar(255) DEFAULT NULL,
  `meta_title` varchar(255) DEFAULT NULL,
  `description` varchar(255) DEFAULT NULL,
  `keywords` varchar(255) DEFAULT NULL,
  `content` text,
  `lang` int(11) DEFAULT '1',
  `updated_at` datetime DEFAULT CURRENT_TIMESTAMP,
  `created_at` datetime DEFAULT CURRENT_TIMESTAMP,
  `parent_id` int(11) DEFAULT '0',
  `post_type` varchar(255) DEFAULT 'bonus/category',
  `slug` varchar(255) DEFAULT 'bonuses',
  `faq` text
) ENGINE=InnoDB DEFAULT CHARSET=utf8;

--
-- Дамп данных таблицы `bonus_category`
--

INSERT INTO `bonus_category` (`id`, `status`, `permalink`, `title`, `thumbnail`, `short_desc`, `h1`, `meta_title`, `description`, `keywords`, `content`, `lang`, `updated_at`, `created_at`, `parent_id`, `post_type`, `slug`, `faq`) VALUES
(1, 'public', 'cashback', 'Cashback', 'http://127.0.0.1:5000/img/default.png', 'Запуск администрацией азартных порталов бонусных предложений с компенсацией части банкролла — показатель нацеленности заведения на длительную и плодотворную работу в индустрии', 'Кешбэк бонусы казино', 'Кешбэк бонусы казино', 'Кешбэк бонусы казино', 'Кешбэк бонусы казино', '<pre class=\"ql-syntax\" spellcheck=\"false\">&lt;div class=\"nav\"&gt;&lt;/div&gt;\n&lt;p&gt;Любая игровая сессия в интернет клубе подразумевает повышенные риски, сгладить которые позволяют кешбэк бонусы. С введением промо, позволяющих вернуть часть депозита, гэмблерам гарантировано возвращение в игру в любой момент. Воспользоваться предложением могут исключительно минусовые клиенты. Промо действует на постоянной основе и предусматривает лояльные требования к отыгрышу. Начисление привилегии производится автоматически в определенные дни. Получать кешбэк бонусы в азартных залах Украины можно в соответствие с внутренними регламентами клуба ежедневно, раз в неделю или один раз в месяц.&lt;/p&gt;\n&lt;h2 id=\"heading_0\"&gt;Онлайн казино с кешбэком — клубы заслуживающие внимания&lt;/h2&gt;\n&lt;p&gt;Результаты каждой игровой сессии непредсказуемые. Шансы сорвать миллионный джекпот аналогичны вероятности проигрыша. Выбирая казино с кешбэком, гэмблеры приобретают определенную страховку от неприятностей. Минусовая игровая сессия становится еще одним поводом забрать выгодный презент. Компенсация части банкролла — шанс вернуться в игру и продолжить развлекаться на автоматах в привычном ритме.&lt;/p&gt;\n&lt;blockquote&gt;Процент кэшбэкa всегда зaвиcит oт щeдрocти oпeрaтoрa и cтaтуca игрoкa. Часто на процент возврата влияет aктивнocть игрока (бoльшe cуммa прoигрaнных cтaвoк — бoльшe вoзврaт). При этoм вceгдa уcтaнoвлeн мaкcимaльный лимит нaчиcлeния.&lt;/blockquote&gt;\n&lt;p&gt;Запуск администрацией азартных порталов бонусных предложений с компенсацией части банкролла — показатель нацеленности заведения на длительную и плодотворную работу в индустрии. Предлагая забрать дополнительный подарок, игровой клуб компенсирует потери клиента. Часто promo становится частью программы лояльности. Пользователи более высокого уровня используют дополнительную привилегию на более выгодных условиях.&lt;/p&gt;\n&lt;h2 id=\"heading_1\"&gt;Кешбэк — бонусы казино&lt;/h2&gt;\n&lt;p&gt;Предложения с поощрениями в виде компенсации банкролла предусматривают выполнение правил, обязательных для традиционных бонусных акций. Начисление подарка возможно исключительно при выполнении всех правил программы. Чтобы получить кешбэк в казино, необходимо:&lt;/p&gt;\n&lt;ul&gt;\n&lt;li&gt;быть зарегистрированным клиентом и играть на деньги;&lt;/li&gt;\n&lt;li&gt;на протяжении определенного периода демонстрировать минусовую сессию;&lt;/li&gt;\n&lt;li&gt;выполнить требования акции к пополнению игрового счета при их наличии!&lt;/li&gt;\n&lt;/ul&gt;\n&lt;p&gt;Любой презент от интернет клуба обязательно должен быть отыгран. Иначе полученные благодаря использованию промо выигрыши будут недоступны для вывода. Вейджер для акций с кешбеком невысокий. Бонус возврата отыгрывается с коэффициентом от х10 до х20. Выполнив вейджер, игрок переводит средства на основной счет и может заказывать вывод выигрышей на карту. Заявка будет обработана в соответствие с действующими лимитами. Администрация порталов с популярными слотами предлагает использовать бонуса возврата на более лояльных условиях, чем действуют в других промо ресурса.&lt;/p&gt;\n&lt;h2 id=\"heading_2\"&gt;Кто может получить в казино бонус Cashback&lt;/h2&gt;\n&lt;p&gt;Нюансы правил и точные условия, как начисляется возврат денег в конкретном интернет зале, всегда стоит уточнять. В любом случае, получить в казино бонус Cashback могут только авторизованные клиенты. Часто компенсация предусматривает начисление подарка только на сумму депозита. Бонусные средства, полученные в рамках других акций азартных залов, не учитываются. Забирать кешбэк в казино можно как в автоматическом режиме, так и обращаясь к специалистам технической поддержки.&lt;/p&gt;\n&lt;p&gt;Многие развлекательные ресурсы с автоматами привязывают Cashback к программе лояльности. Таким образом администрация залов дополнительно стимулирует пользователей играть активнее. Возможность получать возврат денег в размере 20% от суммы ставок — щедрый подарок, которым точно стоит воспользоваться. Традиционно самый высокий Cashback предусмотрен для VIP-игроков. Существенные суммы в формате компенсации депозита получают и хайроллеры.&lt;/p&gt;\n&lt;p&gt;Получение кешбэка онлайн казино — прекрасный повод вернуться в игру, даже если в силу сложившихся обстоятельств на этот раз сорвать банк не удалось. Промо актуально для каждого зарегистрированного клиента зала. Часто условия акции предусматривают необходимость внесения депозита в размере возвращаемой суммы. Без выполнения базового правила воспользоваться промо невозможно. Выбирая выгодные предложения, важно анализировать каждое требование к получению возврата. Только в этом случае использование бонусной программы обеспечит максимум положительных впечатлений и позволит вернуться в игру на самых выгодных условиях.&lt;/p&gt;\n&lt;strong&gt;&lt;p&gt;Топ 10 лицензионных онлайн казино в которых есть кэшбэк бонусы&lt;/p&gt;&lt;/strong&gt;\n&lt;table width=\"100%\"&gt;\n&lt;tbody&gt;\n&nbsp; &lt;tr&gt;\n&nbsp; &nbsp; &lt;td&gt;&lt;div data-gramm=\"false\"&gt;&lt;strong&gt;Онлайн казино&lt;/strong&gt;&lt;/div&gt;&lt;/td&gt;\n&nbsp; &nbsp; &lt;td&gt;&lt;div data-gramm=\"false\"&gt;&lt;strong&gt;Лицензия&lt;/strong&gt;&lt;/div&gt;&lt;/td&gt;\n&nbsp; &lt;/tr&gt;\n&nbsp; &lt;tr&gt;\n&nbsp; &nbsp; &lt;td&gt;&lt;div data-gramm=\"false\"&gt;777 Original&lt;/div&gt;&lt;/td&gt;\n&nbsp; &nbsp; &lt;td&gt;&lt;div data-gramm=\"false\"&gt;Curacao&lt;/div&gt;&lt;/td&gt;\n&nbsp; &lt;/tr&gt;\n&nbsp; &lt;tr&gt;\n&nbsp; &nbsp; &lt;td&gt;&lt;div data-gramm=\"false\"&gt;Pin-up&lt;/div&gt;&lt;/td&gt;\n&nbsp; &nbsp; &lt;td&gt;&lt;div data-gramm=\"false\"&gt;Украина&lt;/div&gt;&lt;/td&gt;\n&nbsp; &lt;/tr&gt;\n&nbsp; &lt;tr&gt;\n&nbsp; &nbsp; &lt;td&gt;&lt;div data-gramm=\"false\"&gt;Cosmolot&lt;/div&gt;&lt;/td&gt;\n&nbsp; &nbsp; &lt;td&gt;&lt;div data-gramm=\"false\"&gt;Украина&lt;/div&gt;&lt;/td&gt;\n&nbsp; &lt;/tr&gt;\n&nbsp; &lt;tr&gt;\n&nbsp; &nbsp; &lt;td&gt;&lt;div data-gramm=\"false\"&gt;PM Casino&lt;/div&gt;&lt;/td&gt;\n&nbsp; &nbsp; &lt;td&gt;&lt;div data-gramm=\"false\"&gt;Curacao&lt;/div&gt;&lt;/td&gt;\n&nbsp; &lt;/tr&gt;\n&nbsp; &lt;tr&gt;\n&nbsp; &nbsp; &lt;td&gt;&lt;div data-gramm=\"false\"&gt;Drift казино&lt;/div&gt;&lt;/td&gt;\n&nbsp; &nbsp; &lt;td&gt;&lt;div data-gramm=\"false\"&gt;Curacao&lt;/div&gt;&lt;/td&gt;\n&nbsp; &lt;/tr&gt;\n&nbsp; &lt;tr&gt;\n&nbsp; &nbsp; &lt;td&gt;&lt;div data-gramm=\"false\"&gt;Slot V&lt;/div&gt;&lt;/td&gt;\n&nbsp; &nbsp; &lt;td&gt;&lt;div data-gramm=\"false\"&gt;Curacao&lt;/div&gt;&lt;/td&gt;\n&nbsp; &lt;/tr&gt;\n&nbsp; &lt;tr&gt;\n&nbsp; &nbsp; &lt;td&gt;&lt;div data-gramm=\"false\"&gt;VBET&lt;/div&gt;&lt;/td&gt;\n&nbsp; &nbsp; &lt;td&gt;&lt;div data-gramm=\"false\"&gt;Украина&lt;/div&gt;&lt;/td&gt;\n&nbsp; &lt;/tr&gt;\n&nbsp; &lt;tr&gt;\n&nbsp; &nbsp; &lt;td&gt;&lt;div data-gramm=\"false\"&gt;Bons Casino&lt;/div&gt;&lt;/td&gt;\n&nbsp; &nbsp; &lt;td&gt;&lt;div data-gramm=\"false\"&gt;Curacao&lt;/div&gt;&lt;/td&gt;\n&nbsp; &lt;/tr&gt;\n&nbsp; &lt;tr&gt;\n&nbsp; &nbsp; &lt;td&gt;&lt;div data-gramm=\"false\"&gt;YoYo Casino&lt;/div&gt;&lt;/td&gt;\n&nbsp; &nbsp; &lt;td&gt;&lt;div data-gramm=\"false\"&gt;Curacao&lt;/div&gt;&lt;/td&gt;\n&nbsp; &lt;/tr&gt;\n&nbsp; &lt;tr&gt;\n&nbsp; &nbsp; &lt;td&gt;&lt;div data-gramm=\"false\"&gt;Slot Hunter&lt;/div&gt;&lt;/td&gt;\n&nbsp; &nbsp; &lt;td&gt;&lt;div data-gramm=\"false\"&gt;MGA&lt;/div&gt;&lt;/td&gt;\n&nbsp; &lt;/tr&gt;\n&lt;/tbody&gt;\n&lt;/table&gt;\n</pre>', 1, '2022-05-13 00:00:00', '2022-05-13 00:00:00', 0, 'bonus/category', 'bonuses', '[]');

-- --------------------------------------------------------

--
-- Структура таблицы `bonus_category_relatives`
--

CREATE TABLE `bonus_category_relatives` (
  `post_id` int(11) NOT NULL DEFAULT '0',
  `relative_id` int(11) NOT NULL DEFAULT '0'
) ENGINE=InnoDB DEFAULT CHARSET=utf8;

--
-- Дамп данных таблицы `bonus_category_relatives`
--

INSERT INTO `bonus_category_relatives` (`post_id`, `relative_id`) VALUES
(1, 1),
(2, 1),
(5, 1),
(8, 1);

-- --------------------------------------------------------

--
-- Структура таблицы `bonus_meta`
--

CREATE TABLE `bonus_meta` (
  `ref` text,
  `close` tinyint(1) DEFAULT '0',
  `bonus_wager` varchar(255) DEFAULT NULL,
  `value_bonus` varchar(255) DEFAULT NULL,
  `post_id` int(11) DEFAULT NULL
) ENGINE=InnoDB DEFAULT CHARSET=utf8;

--
-- Дамп данных таблицы `bonus_meta`
--

INSERT INTO `bonus_meta` (`ref`, `close`, `bonus_wager`, `value_bonus`, `post_id`) VALUES
('[\"https://sloto.top/bonus/bonus-dlya-novih-igrokov-slotoking\"]', 0, 'x35-x40', 'до 2 500 UAH + 25 FS', 1),
('[\"https://sloto.top/bonus/privetstvennyy-paket-v-original-777\"]', 0, 'х35–x40', 'до 20 000 UAH + 100 FS', 2),
('[\"https://sloto.top/bonus/bonusy-dlya-starta-vulkan-ukraina\"]', 0, 'х40', 'до 50 000 UAH + 300 FS', 3),
('[\"https://sloto.top/bonus/personalnyy-bonus-na-pervyy-depozit-v-slots-siti\"]', 0, 'x30', 'до 7 000 UAH', 4),
('[\"https://sloto.top/bonus/250-fs-za-pervyy-depozit-v-pin-up\"]', 0, 'х50', '250 FS', 5),
('[\"https://sloto.top/bonus/podarki-novichkam-joker-casino\"]', 0, 'х25', 'до 100 000 UAH + 100 FS', 6),
('[\"https://sloto.top/bonus/bonus-za-pervye-chetyre-depozita-v-kazino-zolotoy-kubok\"]', 0, 'х20', 'до 50 000 UAH', 7),
('[\"https://sloto.top/bonus/privetstvennyy-bonusnyy-paket-kazin\"]', 0, 'x30–х40', 'до 45 000 UAH + 325 FS', 8),
('[\"https://sloto.top/bonus/privetstvennyy-paket-v-kosmolot-kazino\"]', 0, 'х35', '5 000 UAH/15 000 UAH', 9),
('[\"https://sloto.top/bonus/privetstvennye-bonusy-ot-fizzslots-casino\"]', 0, 'x40', 'до 15 000 UAH', 10),
('[\"https://sloto.top/bonus/100-frispinami-bez-depozita-v-joker-kazino\"]', 0, 'x30', '100 UAH фриспинами', 11);

-- --------------------------------------------------------

--
-- Структура таблицы `casinos`
--

CREATE TABLE `casinos` (
  `id` int(11) NOT NULL,
  `status` enum('public','hide','basket') DEFAULT 'public',
  `permalink` varchar(255) DEFAULT NULL,
  `title` varchar(255) DEFAULT NULL,
  `thumbnail` varchar(255) DEFAULT NULL,
  `short_desc` varchar(255) DEFAULT NULL,
  `h1` varchar(255) DEFAULT NULL,
  `meta_title` varchar(255) DEFAULT NULL,
  `description` varchar(255) DEFAULT NULL,
  `keywords` varchar(255) DEFAULT NULL,
  `content` text,
  `lang` int(11) DEFAULT '1',
  `updated_at` datetime DEFAULT CURRENT_TIMESTAMP,
  `created_at` datetime DEFAULT CURRENT_TIMESTAMP,
  `post_type` varchar(255) DEFAULT 'casino',
  `slug` varchar(255) DEFAULT 'casino'
) ENGINE=InnoDB DEFAULT CHARSET=utf8;

--
-- Дамп данных таблицы `casinos`
--

INSERT INTO `casinos` (`id`, `status`, `permalink`, `title`, `thumbnail`, `short_desc`, `h1`, `meta_title`, `description`, `keywords`, `content`, `lang`, `updated_at`, `created_at`, `post_type`, `slug`) VALUES
(1, 'public', 'slotoking', 'SlotoKing', 'http://127.0.0.1:5000/uploads/08abee3d5b54638d-60b502a39bafb.png', 'Short desc slotoking', 'H1 slotoking', 'Meta title slotoking', 'Description slotoking', 'Keywords slotoking', '<pre class=\"ql-syntax\" spellcheck=\"false\">&lt;h2&gt;Ваш шедевр готов!&lt;/h2&gt;\n&lt;p&gt;Таким образом начало повседневной работы по формированию позиции требуют от нас анализа систем массового участия. Значимость этих проблем настолько очевидна, что рамки и место обучения кадров играет важную роль в формировании направлений прогрессивного развития. Повседневная практика показывает, что консультация с широким активом позволяет оценить значение существенных финансовых и административных условий. Идейные соображения высшего порядка, а также реализация намеченных плановых заданий требуют от нас анализа модели развития. Разнообразный и богатый опыт рамки и место обучения кадров способствует подготовки и реализации форм развития.&lt;/p&gt;\n&lt;p&gt;Задача организации, в особенности же консультация с широким активом влечет за собой процесс внедрения и модернизации позиций, занимаемых участниками в отношении поставленных задач. Задача организации, в особенности же постоянный количественный рост и сфера нашей активности позволяет оценить значение соответствующий условий активизации. Идейные соображения высшего порядка, а также реализация намеченных плановых заданий способствует подготовки и реализации позиций, занимаемых участниками в отношении поставленных задач. Значимость этих проблем настолько очевидна, что постоянное информационно-пропагандистское обеспечение нашей деятельности представляет собой интересный эксперимент проверки существенных финансовых и административных условий.&lt;/p&gt;\n&lt;p&gt;С другой стороны начало повседневной работы по формированию позиции требуют определения и уточнения системы обучения кадров, соответствует насущным потребностям. Идейные соображения высшего порядка, а также дальнейшее развитие различных форм деятельности требуют от нас анализа позиций, занимаемых участниками в отношении поставленных задач.&lt;/p&gt;\n&lt;p&gt;Таким образом начало повседневной работы по формированию позиции играет важную роль в формировании систем массового участия. Идейные соображения высшего порядка, а также укрепление и развитие структуры в значительной степени обуславливает создание соответствующий условий активизации.&lt;/p&gt;\n&lt;p&gt;Повседневная практика показывает, что постоянное информационно-пропагандистское обеспечение нашей деятельности влечет за собой процесс внедрения и модернизации модели развития. Не следует, однако забывать, что сложившаяся структура организации способствует подготовки и реализации направлений прогрессивного развития. Не следует, однако забывать, что укрепление и развитие структуры влечет за собой процесс внедрения и модернизации системы обучения кадров, соответствует насущным потребностям. Значимость этих проблем настолько очевидна, что начало повседневной работы по формированию позиции требуют от нас анализа форм развития.&lt;/p&gt;\n&lt;p&gt;Таким образом рамки и место обучения кадров в значительной степени обуславливает создание форм развития. Не следует, однако забывать, что укрепление и развитие структуры играет важную роль в формировании существенных финансовых и административных условий. Равным образом дальнейшее развитие различных форм деятельности в значительной степени обуславливает создание форм развития. Не следует, однако забывать, что новая модель организационной деятельности в значительной степени обуславливает создание системы обучения кадров, соответствует насущным потребностям. Таким образом дальнейшее развитие различных форм деятельности влечет за собой процесс внедрения и модернизации позиций, занимаемых участниками в отношении поставленных задач.&lt;/p&gt;\n&lt;p&gt;Значимость этих проблем настолько очевидна, что дальнейшее развитие различных форм деятельности в значительной степени обуславливает создание дальнейших направлений развития. Не следует, однако забывать, что укрепление и развитие структуры способствует подготовки и реализации дальнейших направлений развития. Товарищи! укрепление и развитие структуры способствует подготовки и реализации модели развития. Идейные соображения высшего порядка, а также консультация с широким активом требуют определения и уточнения новых предложений. Товарищи! постоянное информационно-пропагандистское обеспечение нашей деятельности позволяет оценить значение форм развития. Задача организации, в особенности же рамки и место обучения кадров позволяет оценить значение форм развития.&lt;/p&gt;\n&lt;p&gt;Идейные соображения высшего порядка, а также укрепление и развитие структуры требуют определения и уточнения соответствующий условий активизации. С другой стороны постоянный количественный рост и сфера нашей активности требуют от нас анализа направлений прогрессивного развития. Значимость этих проблем настолько очевидна, что новая модель организационной деятельности требуют от нас анализа дальнейших направлений развития. Равным образом консультация с широким активом обеспечивает широкому кругу (специалистов) участие в формировании форм развития. С другой стороны дальнейшее развитие различных форм деятельности требуют от нас анализа новых предложений.&lt;/p&gt;\n</pre>', 1, '2022-04-21 15:52:25', '2022-04-21 15:52:25', 'casino', 'casino'),
(2, 'public', '777-original', '777 Original', 'http://127.0.0.1:5000/uploads/0e593f3404e764a8-612f253fcdbf5.jpeg', 'Short desc 777-original', 'H1 777-original', 'Meta title 777-original', 'Description 777-original', 'Keywords 777-original', '<pre class=\"ql-syntax\" spellcheck=\"false\">&lt;h2&gt;Ваш шедевр готов!&lt;/h2&gt;\n&lt;p&gt;Таким образом начало повседневной работы по формированию позиции требуют от нас анализа систем массового участия. Значимость этих проблем настолько очевидна, что рамки и место обучения кадров играет важную роль в формировании направлений прогрессивного развития. Повседневная практика показывает, что консультация с широким активом позволяет оценить значение существенных финансовых и административных условий. Идейные соображения высшего порядка, а также реализация намеченных плановых заданий требуют от нас анализа модели развития. Разнообразный и богатый опыт рамки и место обучения кадров способствует подготовки и реализации форм развития.&lt;/p&gt;\n&lt;p&gt;Задача организации, в особенности же консультация с широким активом влечет за собой процесс внедрения и модернизации позиций, занимаемых участниками в отношении поставленных задач. Задача организации, в особенности же постоянный количественный рост и сфера нашей активности позволяет оценить значение соответствующий условий активизации. Идейные соображения высшего порядка, а также реализация намеченных плановых заданий способствует подготовки и реализации позиций, занимаемых участниками в отношении поставленных задач. Значимость этих проблем настолько очевидна, что постоянное информационно-пропагандистское обеспечение нашей деятельности представляет собой интересный эксперимент проверки существенных финансовых и административных условий.&lt;/p&gt;\n</pre>', 1, '2022-04-21 15:52:25', '2022-04-21 15:52:25', 'casino', 'casino'),
(3, 'public', 'slots-city', 'Slots City', 'http://127.0.0.1:5000/uploads/c75c02847c5ace0b-slotscity-617fe970110d6.png', 'Short desc slots-city', 'H1 slots-city', 'Meta title slots-city', 'Description slots-city', 'Keywords slots-city', '<pre class=\"ql-syntax\" spellcheck=\"false\">&lt;h2&gt;Ваш шедевр готов!&lt;/h2&gt;\n&lt;p&gt;Таким образом начало повседневной работы по формированию позиции требуют от нас анализа систем массового участия. Значимость этих проблем настолько очевидна, что рамки и место обучения кадров играет важную роль в формировании направлений прогрессивного развития. Повседневная практика показывает, что консультация с широким активом позволяет оценить значение существенных финансовых и административных условий. Идейные соображения высшего порядка, а также реализация намеченных плановых заданий требуют от нас анализа модели развития. Разнообразный и богатый опыт рамки и место обучения кадров способствует подготовки и реализации форм развития.&lt;/p&gt;\n&lt;p&gt;Задача организации, в особенности же консультация с широким активом влечет за собой процесс внедрения и модернизации позиций, занимаемых участниками в отношении поставленных задач. Задача организации, в особенности же постоянный количественный рост и сфера нашей активности позволяет оценить значение соответствующий условий активизации. Идейные соображения высшего порядка, а также реализация намеченных плановых заданий способствует подготовки и реализации позиций, занимаемых участниками в отношении поставленных задач. Значимость этих проблем настолько очевидна, что постоянное информационно-пропагандистское обеспечение нашей деятельности представляет собой интересный эксперимент проверки существенных финансовых и административных условий.&lt;/p&gt;\n</pre>', 1, '2022-04-21 15:52:25', '2022-04-21 15:52:25', 'casino', 'casino'),
(4, 'public', 'vulkan777', 'Вулкан 777', 'http://127.0.0.1:5000/uploads/9ac9687a106bd19a-vulkan777-6227f9d0b89b1.png', 'Short desc Вулкан 777 казино', 'H1 Вулкан 777 казино', 'Meta title Вулкан 777 казино', 'Description Вулкан 777 казино', 'Keywords Вулкан 777 казино', '<pre class=\"ql-syntax\" spellcheck=\"false\">&lt;h2&gt;Ваш шедевр готов!&lt;/h2&gt;\n&lt;p&gt;Таким образом начало повседневной работы по формированию позиции требуют от нас анализа систем массового участия. Значимость этих проблем настолько очевидна, что рамки и место обучения кадров играет важную роль в формировании направлений прогрессивного развития. Повседневная практика показывает, что консультация с широким активом позволяет оценить значение существенных финансовых и административных условий. Идейные соображения высшего порядка, а также реализация намеченных плановых заданий требуют от нас анализа модели развития. Разнообразный и богатый опыт рамки и место обучения кадров способствует подготовки и реализации форм развития.&lt;/p&gt;\n&lt;p&gt;Задача организации, в особенности же консультация с широким активом влечет за собой процесс внедрения и модернизации позиций, занимаемых участниками в отношении поставленных задач. Задача организации, в особенности же постоянный количественный рост и сфера нашей активности позволяет оценить значение соответствующий условий активизации. Идейные соображения высшего порядка, а также реализация намеченных плановых заданий способствует подготовки и реализации позиций, занимаемых участниками в отношении поставленных задач. Значимость этих проблем настолько очевидна, что постоянное информационно-пропагандистское обеспечение нашей деятельности представляет собой интересный эксперимент проверки существенных финансовых и административных условий.&lt;/p&gt;\n</pre>', 1, '2022-04-21 15:52:25', '2022-04-21 15:52:25', 'casino', 'casino'),
(5, 'public', 'netgame', 'NetGame', 'http://127.0.0.1:5000/uploads/7ab2d604323b5f35-vipnetgame-617fecf3d3dfa.png', 'Short desc netgame', 'H1 netgame', 'Meta title netgame', 'Description netgame', 'Keywords netgame', '<pre class=\"ql-syntax\" spellcheck=\"false\">&lt;h2&gt;Ваш шедевр готов!&lt;/h2&gt;\n&lt;p&gt;Таким образом начало повседневной работы по формированию позиции требуют от нас анализа систем массового участия. Значимость этих проблем настолько очевидна, что рамки и место обучения кадров играет важную роль в формировании направлений прогрессивного развития. Повседневная практика показывает, что консультация с широким активом позволяет оценить значение существенных финансовых и административных условий. Идейные соображения высшего порядка, а также реализация намеченных плановых заданий требуют от нас анализа модели развития. Разнообразный и богатый опыт рамки и место обучения кадров способствует подготовки и реализации форм развития.&lt;/p&gt;\n&lt;p&gt;Задача организации, в особенности же консультация с широким активом влечет за собой процесс внедрения и модернизации позиций, занимаемых участниками в отношении поставленных задач. Задача организации, в особенности же постоянный количественный рост и сфера нашей активности позволяет оценить значение соответствующий условий активизации. Идейные соображения высшего порядка, а также реализация намеченных плановых заданий способствует подготовки и реализации позиций, занимаемых участниками в отношении поставленных задач. Значимость этих проблем настолько очевидна, что постоянное информационно-пропагандистское обеспечение нашей деятельности представляет собой интересный эксперимент проверки существенных финансовых и административных условий.&lt;/p&gt;\n</pre>', 1, '2022-04-21 15:52:25', '2022-04-21 15:52:25', 'casino', 'casino'),
(6, 'public', 'pin-up', 'Pin Up', 'http://127.0.0.1:5000/uploads/8344c3e9109939fa-pinup-617fe6086fb34.png', 'Short desc pin-up', 'H1 pin-up', 'Meta title pin-up', 'Description pin-up', 'Keywords pin-up', '<pre class=\"ql-syntax\" spellcheck=\"false\">&lt;h2&gt;Ваш шедевр готов!&lt;/h2&gt;\n&lt;p&gt;Таким образом начало повседневной работы по формированию позиции требуют от нас анализа систем массового участия. Значимость этих проблем настолько очевидна, что рамки и место обучения кадров играет важную роль в формировании направлений прогрессивного развития. Повседневная практика показывает, что консультация с широким активом позволяет оценить значение существенных финансовых и административных условий. Идейные соображения высшего порядка, а также реализация намеченных плановых заданий требуют от нас анализа модели развития. Разнообразный и богатый опыт рамки и место обучения кадров способствует подготовки и реализации форм развития.&lt;/p&gt;\n&lt;p&gt;Задача организации, в особенности же консультация с широким активом влечет за собой процесс внедрения и модернизации позиций, занимаемых участниками в отношении поставленных задач. Задача организации, в особенности же постоянный количественный рост и сфера нашей активности позволяет оценить значение соответствующий условий активизации. Идейные соображения высшего порядка, а также реализация намеченных плановых заданий способствует подготовки и реализации позиций, занимаемых участниками в отношении поставленных задач. Значимость этих проблем настолько очевидна, что постоянное информационно-пропагандистское обеспечение нашей деятельности представляет собой интересный эксперимент проверки существенных финансовых и административных условий.&lt;/p&gt;\n</pre>', 1, '2022-04-21 15:52:25', '2022-04-21 15:52:25', 'casino', 'casino'),
(7, 'public', 'gold-cup', 'Gold Cup', 'http://127.0.0.1:5000/uploads/e7746904e38b8cd6-fizzslots-6227f7a219b86.png', 'Short desc Gold Cup', 'H1 Gold Cup', 'Meta title Gold Cup', 'Description Gold Cup', 'Keywords Gold Cup', '<pre class=\"ql-syntax\" spellcheck=\"false\">&lt;h2&gt;Ваш шедевр готов!&lt;/h2&gt;\n&lt;p&gt;Таким образом начало повседневной работы по формированию позиции требуют от нас анализа систем массового участия. Значимость этих проблем настолько очевидна, что рамки и место обучения кадров играет важную роль в формировании направлений прогрессивного развития. Повседневная практика показывает, что консультация с широким активом позволяет оценить значение существенных финансовых и административных условий. Идейные соображения высшего порядка, а также реализация намеченных плановых заданий требуют от нас анализа модели развития. Разнообразный и богатый опыт рамки и место обучения кадров способствует подготовки и реализации форм развития.&lt;/p&gt;\n&lt;p&gt;Задача организации, в особенности же консультация с широким активом влечет за собой процесс внедрения и модернизации позиций, занимаемых участниками в отношении поставленных задач. Задача организации, в особенности же постоянный количественный рост и сфера нашей активности позволяет оценить значение соответствующий условий активизации. Идейные соображения высшего порядка, а также реализация намеченных плановых заданий способствует подготовки и реализации позиций, занимаемых участниками в отношении поставленных задач. Значимость этих проблем настолько очевидна, что постоянное информационно-пропагандистское обеспечение нашей деятельности представляет собой интересный эксперимент проверки существенных финансовых и административных условий.&lt;/p&gt;\n</pre>', 1, '2022-04-21 15:52:25', '2022-04-21 15:52:25', 'casino', 'casino'),
(8, 'public', 'fizzslots', 'FizzSlots', 'http://127.0.0.1:5000/uploads/a677ebeeaa202b00-fizzslots-617fd0bbdb011.png', 'Short desc fizzslots', 'H1 fizzslots', 'Meta title fizzslots', 'Description fizzslots', 'Keywords fizzslots', '<pre class=\"ql-syntax\" spellcheck=\"false\">&lt;h2&gt;Ваш шедевр готов!&lt;/h2&gt;\n&lt;p&gt;Таким образом начало повседневной работы по формированию позиции требуют от нас анализа систем массового участия. Значимость этих проблем настолько очевидна, что рамки и место обучения кадров играет важную роль в формировании направлений прогрессивного развития. Повседневная практика показывает, что консультация с широким активом позволяет оценить значение существенных финансовых и административных условий. Идейные соображения высшего порядка, а также реализация намеченных плановых заданий требуют от нас анализа модели развития. Разнообразный и богатый опыт рамки и место обучения кадров способствует подготовки и реализации форм развития.&lt;/p&gt;\n&lt;p&gt;Задача организации, в особенности же консультация с широким активом влечет за собой процесс внедрения и модернизации позиций, занимаемых участниками в отношении поставленных задач. Задача организации, в особенности же постоянный количественный рост и сфера нашей активности позволяет оценить значение соответствующий условий активизации. Идейные соображения высшего порядка, а также реализация намеченных плановых заданий способствует подготовки и реализации позиций, занимаемых участниками в отношении поставленных задач. Значимость этих проблем настолько очевидна, что постоянное информационно-пропагандистское обеспечение нашей деятельности представляет собой интересный эксперимент проверки существенных финансовых и административных условий.&lt;/p&gt;\n</pre>', 1, '2022-04-21 15:52:25', '2022-04-21 15:52:25', 'casino', 'casino'),
(9, 'public', 'joker', 'Joker', 'http://127.0.0.1:5000/uploads/139402e4608bb5d9-jokerwin-617fd66a635eb.png', 'Joker Win казино сегодня считается одним из наиболее перспективных ресурсов в Украине. Здесь можно не только приятно проводить время, не переживая о сохранности личной информации и выигранных средств', 'Джокер Вин казино и его основные преимущества', 'Meta title joker', 'Description joker', 'Keywords joker', '<pre class=\"ql-syntax\" spellcheck=\"false\">&lt;nav class=\"nav\"&gt;&lt;/nav&gt;\n&lt;h2&gt;Онлайн казино Украины Page Casino&lt;/h2&gt;\n&lt;p&gt;\nНа свете существует множество развлечений, однако в современном динамичном мире пользуются спросом игровые автоматы, широко представленные в портфолио ведущих брендов. Такое доступное, лёгкое и увлекательное занятие - активация эмуляторов - радует каждого пользователя, вне зависимости от его профессиональных умений и навыков. Жители разных регионов предпочитают комфортный домашний отдых, что полностью соответствует концепции игры в режиме реального времени.&lt;/p&gt;\n&lt;p&gt;\nКлиент абсолютно ничем не рискует - надежность и безопасность гарантируется специальными аудиторскими компаниями и подтверждается лицензиями, представленными на сайтах виртуальных порталов. На результативность сессии влияет выбор виртуального казино: геймеру следует определиться с онлайн ресурсом, обеспечивающим полноценное и приятное времяпровождение.&lt;/p&gt;\n&lt;p&gt;\nНа свете существует множество развлечений, однако в современном динамичном мире пользуются спросом игровые автоматы, широко представленные в портфолио ведущих брендов. Такое доступное, лёгкое и увлекательное занятие - активация эмуляторов - радует каждого пользователя, вне зависимости от его профессиональных умений и навыков. Жители разных регионов предпочитают комфортный домашний отдых, что полностью соответствует концепции игры в режиме реального времени.&lt;/p&gt;\n&lt;p&gt;\nКлиент абсолютно ничем не рискует - надежность и безопасность гарантируется специальными аудиторскими компаниями и подтверждается лицензиями, представленными на сайтах виртуальных порталов. На результативность сессии влияет выбор виртуального казино: геймеру следует определиться с онлайн ресурсом, обеспечивающим полноценное и приятное времяпровождение.&lt;/p&gt;\n&lt;h3&gt;Онлайн казино Украины Heading 3&lt;/h3&gt;\n&lt;p&gt;\nНа свете существует множество развлечений, однако в современном динамичном мире пользуются спросом игровые автоматы, широко представленные в портфолио ведущих брендов. Такое доступное, лёгкое и увлекательное занятие - активация эмуляторов - радует каждого пользователя, вне зависимости от его профессиональных умений и навыков. Жители разных регионов предпочитают комфортный домашний отдых, что полностью соответствует концепции игры в режиме реального времени.&lt;/p&gt;\n&lt;p&gt;\nКлиент абсолютно ничем не рискует - надежность и безопасность гарантируется специальными аудиторскими компаниями и подтверждается лицензиями, представленными на сайтах виртуальных порталов. На результативность сессии влияет выбор виртуального казино: геймеру следует определиться с онлайн ресурсом, обеспечивающим полноценное и приятное времяпровождение.&lt;/p&gt;\n&lt;p&gt;\nНа свете существует множество развлечений, однако в современном динамичном мире пользуются спросом игровые автоматы, широко представленные в портфолио ведущих брендов. Такое доступное, лёгкое и увлекательное занятие - активация эмуляторов - радует каждого пользователя, вне зависимости от его профессиональных умений и навыков. Жители разных регионов предпочитают комфортный домашний отдых, что полностью соответствует концепции игры в режиме реального времени.&lt;/p&gt;\n&lt;p&gt;\n&lt;h3&gt;Онлайн казино Украины Heading 2&lt;/h3&gt;\nКлиент абсолютно ничем не рискует - надежность и безопасность гарантируется специальными аудиторскими компаниями и подтверждается лицензиями, представленными на сайтах виртуальных порталов. На результативность сессии влияет выбор виртуального казино: геймеру следует определиться с онлайн ресурсом, обеспечивающим полноценное и приятное времяпровождение.&lt;/p&gt;\n&lt;p&gt;\nНа свете существует множество развлечений, однако в современном динамичном мире пользуются спросом игровые автоматы, широко представленные в портфолио ведущих брендов. Такое доступное, лёгкое и увлекательное занятие - активация эмуляторов - радует каждого пользователя, вне зависимости от его профессиональных умений и навыков. Жители разных регионов предпочитают комфортный домашний отдых, что полностью соответствует концепции игры в режиме реального времени.&lt;/p&gt;\n&lt;p&gt;\nКлиент абсолютно ничем не рискует - надежность и безопасность гарантируется специальными аудиторскими компаниями и подтверждается лицензиями, представленными на сайтах виртуальных порталов. На результативность сессии влияет выбор виртуального казино: геймеру следует определиться с онлайн ресурсом, обеспечивающим полноценное и приятное времяпровождение.&lt;/p&gt;\n&lt;p&gt;\nНа свете существует множество развлечений, однако в современном динамичном мире пользуются спросом игровые автоматы, широко представленные в портфолио ведущих брендов. Такое доступное, лёгкое и увлекательное занятие - активация эмуляторов - радует каждого пользователя, вне зависимости от его профессиональных умений и навыков. Жители разных регионов предпочитают комфортный домашний отдых, что полностью соответствует концепции игры в режиме реального времени.&lt;/p&gt;\n&lt;p&gt;\nКлиент абсолютно ничем не рискует - надежность и безопасность гарантируется специальными аудиторскими компаниями и подтверждается лицензиями, представленными на сайтах виртуальных порталов. На результативность сессии влияет выбор виртуального казино: геймеру следует определиться с онлайн ресурсом, обеспечивающим полноценное и приятное времяпровождение.&lt;/p&gt;\n&lt;p&gt;\n&lt;h2&gt;Онлайн казино Украины Heading 2&lt;/h2&gt;\nНа свете существует множество развлечений, однако в современном динамичном мире пользуются спросом игровые автоматы, широко представленные в портфолио ведущих брендов. Такое доступное, лёгкое и увлекательное занятие - активация эмуляторов - радует каждого пользователя, вне зависимости от его профессиональных умений и навыков. Жители разных регионов предпочитают комфортный домашний отдых, что полностью соответствует концепции игры в режиме реального времени.&lt;/p&gt;\n&lt;p&gt;\nКлиент абсолютно ничем не рискует - надежность и безопасность гарантируется специальными аудиторскими компаниями и подтверждается лицензиями, представленными на сайтах виртуальных порталов. На результативность сессии влияет выбор виртуального казино: геймеру следует определиться с онлайн ресурсом, обеспечивающим полноценное и приятное времяпровождение.&lt;/p&gt;\n&lt;p&gt;\nНа свете существует множество развлечений, однако в современном динамичном мире пользуются спросом игровые автоматы, широко представленные в портфолио ведущих брендов. Такое доступное, лёгкое и увлекательное занятие - активация эмуляторов - радует каждого пользователя, вне зависимости от его профессиональных умений и навыков. Жители разных регионов предпочитают комфортный домашний отдых, что полностью соответствует концепции игры в режиме реального времени.&lt;/p&gt;\n&lt;p&gt;\nКлиент абсолютно ничем не рискует - надежность и безопасность гарантируется специальными аудиторскими компаниями и подтверждается лицензиями, представленными на сайтах виртуальных порталов. На результативность сессии влияет выбор виртуального казино: геймеру следует определиться с онлайн ресурсом, обеспечивающим полноценное и приятное времяпровождение.&lt;/p&gt;\n</pre>', 1, '2022-04-21 15:52:25', '2022-04-21 15:52:25', 'casino', 'casino'),
(10, 'public', 'cosmolot', 'Cosmolot', 'http://127.0.0.1:5000/uploads/55b8a0d1f54b9a0f-cosmolot-617fcda046848.png', 'Short desc cosmolot', 'H1 cosmolot', 'Meta title cosmolot', 'Description cosmolot', 'Keywords cosmolot', '<pre class=\"ql-syntax\" spellcheck=\"false\">&lt;h2&gt;Ваш шедевр готов!&lt;/h2&gt;\n&lt;p&gt;Таким образом начало повседневной работы по формированию позиции требуют от нас анализа систем массового участия. Значимость этих проблем настолько очевидна, что рамки и место обучения кадров играет важную роль в формировании направлений прогрессивного развития. Повседневная практика показывает, что консультация с широким активом позволяет оценить значение существенных финансовых и административных условий. Идейные соображения высшего порядка, а также реализация намеченных плановых заданий требуют от нас анализа модели развития. Разнообразный и богатый опыт рамки и место обучения кадров способствует подготовки и реализации форм развития.&lt;/p&gt;\n&lt;p&gt;Задача организации, в особенности же консультация с широким активом влечет за собой процесс внедрения и модернизации позиций, занимаемых участниками в отношении поставленных задач. Задача организации, в особенности же постоянный количественный рост и сфера нашей активности позволяет оценить значение соответствующий условий активизации. Идейные соображения высшего порядка, а также реализация намеченных плановых заданий способствует подготовки и реализации позиций, занимаемых участниками в отношении поставленных задач. Значимость этих проблем настолько очевидна, что постоянное информационно-пропагандистское обеспечение нашей деятельности представляет собой интересный эксперимент проверки существенных финансовых и административных условий.\n</pre>', 1, '2022-04-21 15:52:25', '2022-04-21 15:52:25', 'casino', 'casino');

-- --------------------------------------------------------

--
-- Структура таблицы `casino_category`
--

CREATE TABLE `casino_category` (
  `id` int(11) NOT NULL,
  `status` enum('public','hide','basket') DEFAULT 'public',
  `permalink` varchar(255) DEFAULT NULL,
  `title` varchar(255) DEFAULT NULL,
  `thumbnail` varchar(255) DEFAULT NULL,
  `short_desc` varchar(255) DEFAULT NULL,
  `h1` varchar(255) DEFAULT NULL,
  `meta_title` varchar(255) DEFAULT NULL,
  `description` varchar(255) DEFAULT NULL,
  `keywords` varchar(255) DEFAULT NULL,
  `content` text,
  `lang` int(11) DEFAULT '1',
  `updated_at` datetime DEFAULT CURRENT_TIMESTAMP,
  `created_at` datetime DEFAULT CURRENT_TIMESTAMP,
  `parent_id` int(11) DEFAULT '0',
  `post_type` varchar(255) DEFAULT 'casino/category',
  `slug` varchar(255) DEFAULT 'casinos',
  `faq` text
) ENGINE=InnoDB DEFAULT CHARSET=utf8;

--
-- Дамп данных таблицы `casino_category`
--

INSERT INTO `casino_category` (`id`, `status`, `permalink`, `title`, `thumbnail`, `short_desc`, `h1`, `meta_title`, `description`, `keywords`, `content`, `lang`, `updated_at`, `created_at`, `parent_id`, `post_type`, `slug`, `faq`) VALUES
(1, 'public', 'popular-casino', 'Популярные', 'Thumbnail category-0', 'Популярні онлайн казино 2022 – їх особливості та критерії, які враховуються під час формування рейтингу. Обирайте кращий ігровий клуб та вигравайте.', 'Популярні онлайн казино 2022 в Україні', 'Meta title Популярні онлайн казино 2022 в Україні', 'Description Популярні онлайн казино 2022 в Україні', 'Keywords Популярні онлайн казино 2022 в Україні', '<pre class=\"ql-syntax\" spellcheck=\"false\">&lt;nav class=\'nav\'&gt;&lt;/nav&gt;\n&lt;p&gt;Популярні онлайн казино 2022 дедалі більше привертають до себе увагу гравців, адже пропонують їм вигідні умови для цікавого дозвілля та прибуткового ігрового процесу. Перш ніж визначитися з кращим варіантом азартного закладу, варто ознайомитися з головними критеріями вибору. Зокрема, потрібно звертати увагу на дизайн сайту з функціональним інтерфейсом, асортимент ігрових автоматів від відомих провайдерів, якість роботи операторів технічної підтримки та швидкість реагування на запити гравців. Ще одна ознака чесного та надійного клубу — можливість виконувати фінансові транзакції за допомогою різноманітних платіжних систем. Дізнайтеся якомога більше інформації про популярні онлайн казино 2022 та на основі отриманих даних зробіть вибір на користь кращого розважального закладу з реальними можливостями для отримання виграшу.&lt;/p&gt;\n&lt;h2&gt;Як формується рейтинг онлайн казино з великими виплатами&lt;/h2&gt;\n&lt;p&gt;В рейтинг онлайн казино України зазвичай входять ігрові клуби, які мають найбільшу кількість позитивних відгуків від гравців та пропонують їм привабливі умови гри в цілодобовому режимі. Списки кращих гральних закладів формуються командою кваліфікованих спеціалістів та професіоналів-аналітиків, які займаються вивченням специфіки роботи кожного окремо взятого інтернет-клубу та враховують при цьому багато різних аспектів, а саме:&lt;/p&gt;\n&lt;ul&gt;\n&lt;li&gt;можливість грати в онлайн казино гравцям з різних країн (в тому числі і з України);&lt;/li&gt;\n&lt;li&gt;велике різноманіття азартних ігор. В каталозі того чи іншого онлайн-порталу повинні бути не лише звичні ігрові автомати, але й інші типи розваг — рулетка, покер, блекджек, бакара, кено, миттєві лотереї, скретч-карти;&lt;/li&gt;\n&lt;li&gt;наявність ліцензії та інших документів, які сприяють легальній діяльності віртуального клубу. Завдяки цьому кожен гравець може бути впевнений в чесності ігрового процесу, безпеці особистих даних та фінансових операцій, які проводяться;&lt;/li&gt;\n&lt;li&gt;добре продумана система бонусів та заохочень, яка повинна охоплювати всіх гравців без виключення — і новачків, і геймерів з певним ігровим досвідом;&lt;/li&gt;\n&lt;li&gt;надійність. Це один з головних аспектів, який враховується під час складання топ-списків казино. Сайт обов’язково повинен бути захищений сучасними антивірусними програмами та новітнім SSL-шифруванням;&lt;/li&gt;\n&lt;li&gt;оперативна робота сапорту. Працівники служби технічної підтримки швидко реагують на всі запити від гравців, надають всю необхідну інформацію з приводу питання, яке цікавить, а також намагаються реально вирішити проблемні ситуації, які можуть виникнути в процесі гри;&lt;/li&gt;\n&lt;li&gt;можливість грати в онлайн казино на реальні гроші з мінімальними ставками, поступово збільшуючи ліміти;&lt;/li&gt;\n&lt;li&gt;швидкість виплат виграшів. В більшості випадків всі заявки на виведення коштів обробляються швидко, хоча деякі затримки можуть спостерігатися в залежності від обраної платіжної системи!&lt;/li&gt;\n&lt;/ul&gt;\n&lt;p&gt;Під час формування рейтингів кращих українських казино онлайн також враховується ще і такий важливий фактор як наявність мобільної версії. В світі цифрового маркетингу значно зручніше грати в улюблені ігрові автомати на портативних девайсах — телефонах, айфонах, смартфонах.&lt;/p&gt;\n&lt;h2&gt;Рейтинг онлайн казино з ліцензією та їх переваги&lt;/h2&gt;\n&lt;p&gt;Питання рейтингу онлайн казино з ліцензією доцільно розглядати в порівнянні зі скриптовими гральними закладами, які працюють без ліцензії. На відміну від останніх ліцензійні онлайн казино мають цілий перелік переваг, а саме:&lt;/p&gt;\n&lt;ul&gt;\n&lt;li&gt;працюють легально і згідно відповідних документів;&lt;/li&gt;\n&lt;li&gt;пропонують азартні ігри онлайн від надійних розробників (їх завантаження відбувається безпосередньо з офіційного сайту);&lt;/li&gt;\n&lt;li&gt;не можуть впливати на роботу ігрового софту (результати гри генеруються в випадковому порядку згідно алгоритму ГВЧ);&lt;/li&gt;\n&lt;li&gt;чесно виплачують виграші всім своїм клієнтам!&lt;/li&gt;\n&lt;/ul&gt;\n&lt;p&gt;Для всіх казино з ліцензією бездоганна репутація завжди залишається на першому місці, тому вони беруть на себе зобов’язання по успішній організації азартного дозвілля кожного відвідувача, гарантуючи своєчасну виплату виграшів в повному обсязі. Згідно відгуків гравців, грати на реальні гроші в онлайн казино, можна в ігрові автомати будь-якої тематики — пригодницької, історичної, спортивної, містичної, фантастичної. При цьому варто звертати увагу на показники їх теоретичного повернення виграшів. Краще за все, якщо RTP буде встановлений на рівні 95-98%.&lt;/p&gt;\n&lt;h2&gt;ТОП 10 казино онлайн 2022: список кращих клубів та їх особливості&lt;/h2&gt;\n&lt;p&gt;Складаючи рейтинг онлайн казино, аналітики брали до уваги не лише кількісне та тематичне різноманіття азартних ігор онлайн, асортимент вигідних бонусних заохочень та підтримку популярних платіжних систем для здійснення грошових операцій, але й те, чи переведений інтерфейс офіційного сайту на українську мову. В першу чергу це потрібно для зручності геймерів під час обертання барабанів в ігрових автоматах або гри за столом рулетки. Рейтинг онлайн казино з кращими умовами очолили такі віртуальні клуби:&lt;/p&gt;\n&lt;ul&gt;\n&lt;li&gt;Vavada. Це інтернет казино з ліцензією, яке пропонує увазі своїх відвідувачів понад 2&amp;nbsp;000 ігрових автоматів, 100% бонус на депозит та додатково 100 обертань для використання в слоті Space Wars (нараховуються в рамках вітального пакету заохочень).&lt;/li&gt;\n&lt;li&gt;Золотий Кубок. Офіційний сайт казино онлайн переведений на українську та російську мови, відрізняється надійною ліцензією та проведенням безпрограшних лотерей, перемогти в яких може кожен.&lt;/li&gt;\n&lt;li&gt;Rox. Гральний заклад, в якому пропонується близько 2 тис. апаратів та нараховуються бонуси на кожний депозит. За активну гру геймери мають можливість отримувати поінти в рамках програми лояльності.&lt;/li&gt;\n&lt;li&gt;Elslots з бездепозитним бонусом в розмірі 77 фріспінів та лояльним вейджером для відігрування — х33;&lt;/li&gt;\n&lt;li&gt;PM Casino. Пропонує своїм клієнтам близько 1,5 тис. симуляторів, гру на роздягання та 77 безкоштовних спінів за реєстрацію.&lt;/li&gt;\n&lt;li&gt;Jet Casino зі зручним інтерфейсом, VIP-програмою та привабливими бонусними пропозиціями для кожного. За реєстрацію можна отримати до 150% заохочення та додатково 50 фріспінів. Виграші виводяться на протязі доби;&lt;/li&gt;\n&lt;li&gt;Riobet. Працює згідно ліцензії Кюрасао та окрім запуску барабанних емуляторів приймає ставки на спорт та V-спорт. За активну гру можна отримувати компоінти з можливістю їх подальшого обміну на реальні гроші.&lt;/li&gt;\n&lt;li&gt;Pin-Up. Його діяльність регулюється ліцензією Carletta Limited. Мінімальний депозит складає 50 гривень, а час виведення виграних коштів не перевищує трьох годин (за винятком непередбачуваних ситуацій).&lt;/li&gt;\n&lt;li&gt;Золото Лото. На офіційному сайті регулярно проводяться турніри та промо-акції, підтримуються всі популярні платіжні системи для грошових розрахунків.&lt;/li&gt;\n&lt;li&gt;Fresh Casino. Пропонує своїм клієнтам до 10% щотижневого кешбеку, можливість зіграти в Колесо Фортуни або ж взяти участь в розіграші прогресивних призових фондів!&lt;/li&gt;\n&lt;/ul&gt;\n&lt;p&gt;Всі розважальні портали, які увійшли в ТОП 10 казино онлайн 2022, приймають гравців з України та дозволяють їм грати з грошовими ставками в цілодобовому режимі. Про кожен з вище вказаних клубів на спеціалізованих майданчиках зустрічаються переважно позитивні відгуки гемблерів, які підкреслюють їх основні переваги та вказують на комфортні умови гри. Саме на рейтинг ігрових клубів рекомендується опиратися новачкам під час вибору грального закладу, щоб раптом не потрапити на шахрайські сайти та не ризикувати власними грошовими коштами.&lt;/p&gt;\n&lt;h2&gt;ТОП онлайн казино з мінімальним депозитом від 1 гривні&lt;/h2&gt;\n&lt;p&gt;Списки ТОП онлайн казино з мінімальним депозитом регулярно оновлюються та розширяються. Наразі в кожного гравця є унікальна можливість обрати ігровий заклад з найменшим депозитом, враховуючи власний бюджет та смаки. Подібні інтернет казино пропонують зручні способи оплати та поповнення рахунку. Згідно відгуків досвідчених геймерів, серед платіжних систем найпопулярнішими вважаються:&lt;/p&gt;\n&lt;ul&gt;\n&lt;li&gt;банківські картки Visa/MasterCard;&lt;/li&gt;\n&lt;li&gt;інтернет банкінг Приват24;&lt;/li&gt;\n&lt;li&gt;електронні гаманці Skrill, Neteller;&lt;/li&gt;\n&lt;li&gt;PayPal;&lt;/li&gt;\n&lt;li&gt;Perfect Money!&lt;/li&gt;\n&lt;/ul&gt;\n&lt;p&gt;Популярні онлайн казино України пропонують своїм клієнтам вносити депозит на мінімальну суму в зв’язку з тим, що кожен може дозволити собі поповнити баланс на 1, 5 або 10 гривень. Це гарне рішення для тих, хто прагне протестувати новинки топ інтернет казино, краще ознайомитися з асортиментом слотів, впевнитися в надійності та оперативності проведення фінансових транзакцій.&lt;/p&gt;\n&lt;p&gt;Серед віртуальних клубів, в яких передбачена можливість внесення мінімального депозиту, варто відмітити: Космолот, Vabada, NetGame, 777 Original. Крім того, в деяких віртуальних закладах пропонується поповнювати ігровий баланс з мобільного. Гроші в такому випадку переказуються прямо з мобільного рахунку з утриманням невеликої комісії оператора. Згідно відгуків, багато гравців відмічають зручність такого способу внесення депозиту, адже можна продовжити гру вже через кілька натискань в розділі «Каса» після входу в особистий кабінет.&lt;/p&gt;\n&lt;h2&gt;Онлайн казино з бездепозитними бонусами: кращі пропозиції&lt;/h2&gt;\n&lt;p&gt;Щоб отримати початковий стартовий капітал без ризику для власних коштів, відвідувачам варто не лише проаналізувати відгуки гравців з досвідом, але й ознайомитися з ТОП-списком онлайн казино з бездепозитними бонусами. Відомі азартні портали пропонують такі види бездепів своїм відвідувачам:&lt;/p&gt;\n&lt;ul&gt;\n&lt;li&gt;PM Casino — 77 фріспінів для використання в апараті Book Of Ra;&lt;/li&gt;\n&lt;li&gt;ЗолотоЛото — 100 безкоштовних обертань за реєстрацію;&lt;/li&gt;\n&lt;li&gt;Fresh Casino — 50 FS для гри в один з відеослотів на вибір —&amp;nbsp; Joker Pro, Aloha! Cluster Pays або Double Stacks;&lt;/li&gt;\n&lt;li&gt;Rox — 30 фріспінів для гри в онлайн-апарат Double Stacks;&lt;/li&gt;\n&lt;li&gt;Ріобет — 20 доларів без першого депозиту за проходження реєстрації!&lt;/li&gt;\n&lt;/ul&gt;\n&lt;p&gt;Згідно відгуків гравців, найчастіше бездепозитний бонус в онлайн казино видається в вигляді безкоштовних обертань. Є також випадки, коли на бонусний рахунок в якості бездепу нараховуються грошові кошти. Зазвичай їх суми невеликі і не перевищують 10-20 доларів. Проте є і виключення. Наприклад, якщо на постійній основі грати в казино онлайн Пін-Ап, то на День народження в якості бездепу можна отримати $200 з вейджером х20.&lt;/p&gt;\n&lt;p&gt;Ознайомтеся з ТОП списком кращих гральних закладів, проаналізуйте відгуки інших геймерів та на основі отриманої інформації вирішіть для себе, який офіційний сайт казино хочете відвідати прямо зараз для прибуткової гри та приємного відпочинку. В відгуках можна знайти багато корисної інформації щодо асортименту слотів, швидкості та регулярності виплати виграшів, різноманіття бонусних пропозицій, акцій та лотерейних розіграшів.&lt;/p&gt;\n</pre>', 1, '2022-04-25 13:26:07', '2022-04-25 13:26:07', 0, 'casino/category', 'casinos', '[{\"value_1\":\"✅ Принимает ли Slotoking игроков из Украины?\",\"value_2\":\"Да, принимает. Slotoking одно из первых украинских казино. Кроме игроков их Украины, здесь могут играть жители Европы и Азии.\"}]'),
(2, 'public', 'category-1', 'Title category-1', 'Thumbnail category-1', 'Short desc category-1', 'H1 category-1', 'Meta title category-1', 'Description category-1', 'Keywords category-1', 'Content category-1', 1, '2022-04-25 13:26:07', '2022-04-25 13:26:07', 0, 'casino/category', 'casinos', '[{\"value_1\":\"✅ Принимает ли Slotoking игроков из Украины?\",\"value_2\":\"Да, принимает. Slotoking одно из первых украинских казино. Кроме игроков их Украины, здесь могут играть жители Европы и Азии.\"}]'),
(3, 'public', 'category-2', 'Title category-2', 'Thumbnail category-2', 'Short desc category-2', 'H1 category-2', 'Meta title category-2', 'Description category-2', 'Keywords category-2', 'Content category-2', 1, '2022-04-25 13:26:07', '2022-04-25 13:26:07', 0, 'casino/category', 'casinos', '[{\"value_1\":\"✅ Принимает ли Slotoking игроков из Украины?\",\"value_2\":\"Да, принимает. Slotoking одно из первых украинских казино. Кроме игроков их Украины, здесь могут играть жители Европы и Азии.\"}]'),
(4, 'public', 'category-3', 'Title category-3', 'Thumbnail category-3', 'Short desc category-3', 'H1 category-3', 'Meta title category-3', 'Description category-3', 'Keywords category-3', 'Content category-3', 1, '2022-04-25 13:26:07', '2022-04-25 13:26:07', 0, 'casino/category', 'casinos', '[{\"value_1\":\"✅ Принимает ли Slotoking игроков из Украины?\",\"value_2\":\"Да, принимает. Slotoking одно из первых украинских казино. Кроме игроков их Украины, здесь могут играть жители Европы и Азии.\"}]'),
(5, 'public', 'category-4', 'Title category-4', 'Thumbnail category-4', 'Short desc category-4', 'H1 category-4', 'Meta title category-4', 'Description category-4', 'Keywords category-4', 'Content category-4', 1, '2022-04-25 13:26:07', '2022-04-25 13:26:07', 0, 'casino/category', 'casinos', '[{\"value_1\":\"✅ Принимает ли Slotoking игроков из Украины?\",\"value_2\":\"Да, принимает. Slotoking одно из первых украинских казино. Кроме игроков их Украины, здесь могут играть жители Европы и Азии.\"}]'),
(6, 'public', 'category-5', 'Title category-5', 'Thumbnail category-5', 'Short desc category-5', 'H1 category-5', 'Meta title category-5', 'Description category-5', 'Keywords category-5', 'Content category-5', 1, '2022-04-25 13:26:07', '2022-04-25 13:26:07', 0, 'casino/category', 'casinos', '[{\"value_1\":\"✅ Принимает ли Slotoking игроков из Украины?\",\"value_2\":\"Да, принимает. Slotoking одно из первых украинских казино. Кроме игроков их Украины, здесь могут играть жители Европы и Азии.\"}]'),
(7, 'public', 'category-6', 'Title category-6', 'Thumbnail category-6', 'Short desc category-6', 'H1 category-6', 'Meta title category-6', 'Description category-6', 'Keywords category-6', 'Content category-6', 1, '2022-04-25 13:26:07', '2022-04-25 13:26:07', 0, 'casino/category', 'casinos', '[{\"value_1\":\"✅ Принимает ли Slotoking игроков из Украины?\",\"value_2\":\"Да, принимает. Slotoking одно из первых украинских казино. Кроме игроков их Украины, здесь могут играть жители Европы и Азии.\"}]'),
(8, 'public', 'category-7', 'Title category-7', 'Thumbnail category-7', 'Short desc category-7', 'H1 category-7', 'Meta title category-7', 'Description category-7', 'Keywords category-7', 'Content category-7', 1, '2022-04-25 13:26:07', '2022-04-25 13:26:07', 0, 'casino/category', 'casinos', '[{\"value_1\":\"✅ Принимает ли Slotoking игроков из Украины?\",\"value_2\":\"Да, принимает. Slotoking одно из первых украинских казино. Кроме игроков их Украины, здесь могут играть жители Европы и Азии.\"}]'),
(9, 'public', 'category-8', 'Title category-8', 'Thumbnail category-8', 'Short desc category-8', 'H1 category-8', 'Meta title category-8', 'Description category-8', 'Keywords category-8', 'Content category-8', 1, '2022-04-25 13:26:07', '2022-04-25 13:26:07', 0, 'casino/category', 'casinos', '[{\"value_1\":\"✅ Принимает ли Slotoking игроков из Украины?\",\"value_2\":\"Да, принимает. Slotoking одно из первых украинских казино. Кроме игроков их Украины, здесь могут играть жители Европы и Азии.\"}]'),
(10, 'public', 'category-9', 'Title category-9', 'Thumbnail category-9', 'Short desc category-9', 'H1 category-9', 'Meta title category-9', 'Description category-9', 'Keywords category-9', 'Content category-9', 1, '2022-04-25 13:26:07', '2022-04-25 13:26:07', 0, 'casino/category', 'casinos', '[{\"value_1\":\"✅ Принимает ли Slotoking игроков из Украины?\",\"value_2\":\"Да, принимает. Slotoking одно из первых украинских казино. Кроме игроков их Украины, здесь могут играть жители Европы и Азии.\"}]');

-- --------------------------------------------------------

--
-- Структура таблицы `casino_category_relatives`
--

CREATE TABLE `casino_category_relatives` (
  `post_id` int(11) NOT NULL DEFAULT '0',
  `relative_id` int(11) NOT NULL DEFAULT '0'
) ENGINE=InnoDB DEFAULT CHARSET=utf8;

--
-- Дамп данных таблицы `casino_category_relatives`
--

INSERT INTO `casino_category_relatives` (`post_id`, `relative_id`) VALUES
(1, 1),
(2, 1),
(3, 1),
(8, 2),
(9, 2),
(10, 2),
(9, 3),
(8, 4),
(10, 4),
(10, 6);

-- --------------------------------------------------------

--
-- Структура таблицы `casino_license_relatives`
--

CREATE TABLE `casino_license_relatives` (
  `post_id` int(11) NOT NULL DEFAULT '0',
  `relative_id` int(11) NOT NULL DEFAULT '0'
) ENGINE=InnoDB DEFAULT CHARSET=utf8;

--
-- Дамп данных таблицы `casino_license_relatives`
--

INSERT INTO `casino_license_relatives` (`post_id`, `relative_id`) VALUES
(9, 1),
(10, 1),
(2, 2),
(3, 2),
(4, 2),
(5, 2),
(6, 2),
(8, 2),
(7, 3),
(1, 4),
(5, 4),
(6, 4),
(7, 4),
(8, 4),
(6, 5),
(10, 5),
(5, 6),
(7, 6),
(8, 6),
(10, 8),
(10, 9);

-- --------------------------------------------------------

--
-- Структура таблицы `casino_meta`
--

CREATE TABLE `casino_meta` (
  `faq` text,
  `reviews` text,
  `ref` text,
  `close` tinyint(1) DEFAULT '0',
  `rating` int(11) DEFAULT '0',
  `phone` varchar(255) DEFAULT NULL,
  `min_deposit` varchar(255) DEFAULT NULL,
  `min_payments` varchar(255) DEFAULT NULL,
  `email` varchar(255) DEFAULT NULL,
  `chat` varchar(255) DEFAULT NULL,
  `year` varchar(255) DEFAULT NULL,
  `site` varchar(255) DEFAULT NULL,
  `withdrawal` varchar(255) DEFAULT NULL,
  `number_games` varchar(255) DEFAULT NULL,
  `events` text,
  `welcome_bonus` varchar(255) DEFAULT NULL,
  `freespins` varchar(255) DEFAULT NULL,
  `post_id` int(11) DEFAULT NULL
) ENGINE=InnoDB DEFAULT CHARSET=utf8;

--
-- Дамп данных таблицы `casino_meta`
--

INSERT INTO `casino_meta` (`faq`, `reviews`, `ref`, `close`, `rating`, `phone`, `min_deposit`, `min_payments`, `email`, `chat`, `year`, `site`, `withdrawal`, `number_games`, `events`, `welcome_bonus`, `freespins`, `post_id`) VALUES
('[{\"value_1\":\"Принимает ли Slotoking игроков из Украины?\",\"value_2\":\"Да, принимает. Slotoking одно из первых украинских казино. Кроме игроков их Украины, здесь могут играть жители Европы и Азии.\"},{\"value_1\":\"Можно ли играть в Слотокинг на гривны?\",\"value_2\":\"Да, гривна является основной игровой валютой.\"},{\"value_1\":\"Как пройти регистрацию на сайте Slotoking?\",\"value_2\":\"На главной странице сайта нажать кнопку \\\"Регистрация\\\". Для регистрации можно использовать профили в социальных сетях, мобильный номер или электронную почту.\"}]', '[{\"review_name\":\"Anrey1703\",\"review_rating\":\"89\",\"date\":\"17.03.2021\",\"review_text\":\"«Я чту уголовный кодекс» (с), поэтому стал искать варианты поиграть только после легализации. Выбрал Слотокинг, потому что сразу понравился интерфейс. Играю в основном в слоты, в бонусах пока не участвую, хотя их много и разных. Выигрыш выводил без проблем, только в первый раз документы проверяли около трех часов, но слышал, что в других местах могут и сутки мурыжить. Так что доволен.\"},{\"review_name\":\"Anrey1703\",\"review_rating\":\"89\",\"date\":\"17.03.2021\",\"review_text\":\"«Я чту уголовный кодекс» (с), поэтому стал искать варианты поиграть только после легализации. Выбрал Слотокинг, потому что сразу понравился интерфейс. Играю в основном в слоты, в бонусах пока не участвую, хотя их много и разных. Выигрыш выводил без проблем, только в первый раз документы проверяли около трех часов, но слышал, что в других местах могут и сутки мурыжить. Так что доволен.\"},{\"review_name\":\"Anrey1703\",\"review_rating\":\"89\",\"date\":\"17.03.2021\",\"review_text\":\"«Я чту уголовный кодекс» (с), поэтому стал искать варианты поиграть только после легализации. Выбрал Слотокинг, потому что сразу понравился интерфейс. Играю в основном в слоты, в бонусах пока не участвую, хотя их много и разных. Выигрыш выводил без проблем, только в первый раз документы проверяли около трех часов, но слышал, что в других местах могут и сутки мурыжить. Так что доволен.\"},{\"review_name\":\"Стас Васильев\",\"review_rating\":\"95\",\"date\":\"17.03.2021\",\"review_text\":\"«Я чту уголовный кодекс» (с), поэтому стал искать варианты поиграть только после легализации. Выбрал Слотокинг, потому что сразу понравился интерфейс. Играю в основном в слоты, в бонусах пока не участвую, хотя их много и разных. Выигрыш выводил без проблем, только в первый раз документы проверяли около трех часов, но слышал, что в других местах могут и сутки мурыжить. Так что доволен.\"},{\"review_name\":\"Стас Васильев\",\"review_rating\":\"95\",\"date\":\"17.03.2021\",\"review_text\":\"«Я чту уголовный кодекс» (с), поэтому стал искать варианты поиграть только после легализации. Выбрал Слотокинг, потому что сразу понравился интерфейс. Играю в основном в слоты, в бонусах пока не участвую, хотя их много и разных. Выигрыш выводил без проблем, только в первый раз документы проверяли около трех часов, но слышал, что в других местах могут и сутки мурыжить. Так что доволен.\"},{\"review_name\":\"Anrey1703\",\"review_rating\":\"90\",\"date\":\"16.05.2021\",\"review_text\":\"Реально — очень крутое казино. В Украине, пожалуй, лучшее. Очень удобный интерфейс и отличная подборка слотов. Есть из чего выбрать. 50 фриспинов за регистрацию пришлись кстати. Выиграть на них у меня не получилось, но разобраться что к чему смог. Забросил на счет пару сотен гривен и не пожалел. Адреналина получил сполна на всю сумму и даже остался в плюсах.\"}]', '[\"https://ua.korrespondent.net/\"]', 0, 83, 'phone', '100 грн / 200 руб / 5$', '100 грн / 200 руб / 5$', 'slototop@mail.ru', 'да', '2019', 'slotoking.ua', 'до 24 часов', '1360', '[]', '24 000 UAH', 'x30', 1),
('[{\"value_1\":\"Можно ли играть в казино 777 Original бесплатно?\",\"value_2\":\"Да, практически все развлечения в лобби казино 777 Original доступы для тестирования в бесплатном демо-режиме. Для этого не нужна регистрация — достаточно зайти на сайт, выбрать подходящий слот и оформить ставку, используя виртуальные фишки. Выигрыши, разумеется, в данном случае не выводятся.\"},{\"value_1\":\"Какие преимущества получают зарегистрированные пользователи?\",\"value_2\":\"После завершения процедуры создания новой учетной записи клиенты получают доступ ко всей коллекции игр на сайте 777Original, а также возможность принимать участие в розыгрышах, лотереях, турнирах и разнообразных акциях. Также клиентам становятся доступными бонусы действующие на постоянной основе — за депозит, бездеп и система внутренних рангов.\"}]', '[{\"review_name\":\"Кирилл\",\"review_rating\":\"90\",\"date\":\"07.05.2020\",\"review_text\":\"Казино солидное. Три месяца играю — все серьезно, без обмана и предельно честно. Выигрываю не слишком много, зато с выводом денег проблем пока не было. За полчаса деньги уже на карте. Пока играл на невысоких ставках в автоматах. Их здесь, кстати, шикарный выбор. Но хочу попробовать себя еще в рулетке. На сайте есть даже учебное пособие для тех, кто слабо знаком с правилами игры.\"},{\"review_name\":\"Владимиров Семен\",\"review_rating\":\"83\",\"date\":\"12.04.2020\",\"review_text\":\"Играю всегда на телефоне, поэтому выбираю казино с мобильным приложением, через броузер играть на теле неудобно. У 777 удобная аппликация под Андройд, обещают сделать еще и под Айфон. Играть можно в игровые автоматы, рулетку, видеопокер. Выигрыши как везде. Не каждый день, но иногда дают поднять.\"}]', '[\"https://www.unian.ua/\"]', 0, 93, 'phone', '100 грн / 200 руб / 5$', '100 грн / 200 руб / 5$', '777-original@mail.ru', 'да', '2013', '777-original.com.ua', 'до 24 часов', '1256', '[]', '20 000 UAH', 'x25', 2),
('[{\"value_1\":\"Можно ли играть в казино бесплатно?\",\"value_2\":\"Автоматы из коллекции казино Слотс Сити при желании можно запустить бесплатно, не регистрируясь и не открывая депозит. Каждый из слотов имеет свой демонстрационный аналог, позволяющий играть на виртуальные фишки. Активировав такой аппарат, гэмблер получает на счет 1000 бесплатных монет для ставок. Вывести эти средства нельзя. Проигранный банкролл легко восстановить, обновив страницу с игрой. Ограничений по количеству бесплатных запусков нет.\"},{\"value_1\":\"Какие преимущества дает регистрация?\",\"value_2\":\"Регистрация в казино Слотс Сити откроет доступ ко всем платным развлечениям на сайте. После создания аккаунта гэмблер сможет войти в свой профиль, открыть депозит и начать играть на деньги. Зарегистрированные пользователи получают возможность подключиться к программе лояльности, а также участвовать во всех акциях и турнирах с гарантированным призовым фондом.\"}]', '[{\"review_name\":\"Ярослав Тарновский\",\"review_rating\":\"85\",\"date\":\"21.04.2014\",\"review_text\":\"Мне это казино нравиться. Началось мое с ним знакомство трудно. Друзья посоветовали. Зарегался и недели две тупо все сливал. Бонусы тоже все в ноль. Месяца два не заходил, а потом, как подменили. Из 300 гривен поднял почти 2500. Моя удача таки меня нашла! Теперь играю регулярно. Все время меняю слоты. Может, в этом дело.\"}]', '[\"https://fishtext.ru\"]', 0, 92, 'phone', '100 грн / 200 руб / 5$', '100 грн / 200 руб / 5$', 'slots-city@mail.ru', 'да', '2015', 'slots-city.com.ua', 'до 24 часов', '361', '[]', '14 000 UAH', 'x 15', 3),
('[{\"value_1\":\" В казино Вулкан777 можно играть без регистрации?\",\"value_2\":\"Да, конечно. На официальном сайте клуба предусмотрен запуск демонстрационных версий любых автоматов. Посетитель казино сможет играть на виртуальные кредиты, которые выдаются без ограничений. Следует иметь в виду, что игра на деньги возможна только после регистрации на ресурсе и внесения депозита.\"},{\"value_1\":\"Если зарегистрироваться через аккаунт социальной сети, верификация все равно нужна?\",\"value_2\":\"Подтверждение личности необходимо в любом случае. Не имеет значения, как вы пройдете процедуру регистрации. Это требование не придумано. Оно помогает защитить личную информацию о пользователях. Идентификация не займет много времени. Просто пришлите копию любого документа с фото и дождитесь подтверждения прохождения процедуры.\"}]', '[{\"review_name\":\"Wacky_Lo\",\"review_rating\":\"88\",\"date\":\"13.05.2014\",\"review_text\":\"Интересное казино с качественным контентом. Здесь всегда можно найти что-то новое и оригинальное. На своем опыте убедился в том, что ресурсу можно доверять. Ни разу не было проблем с выводом выигрышей, а если возникали какие-то вопросы, то быстро решались с помощью очень профессиональной службой поддержки.\"},{\"review_name\":\"ViktorVud\",\"review_rating\":\"92\",\"date\":\"16.07.2019\",\"review_text\":\"Играю на разных сайтах уже несколько лет, и каждый раз убеждаюсь, что Вулкан все равно остается лучшим. Здесь всегда много выгодных предложений, как в плане игры, так и в отношении различных бонусов. Считаю, что ресурсу можно доверять, так как здесь выигрыши выплачивают вовремя и всегда помогут разобраться в любых ситуациях.\"}]', '[\"https://sloto.top/casino/vulkan777\"]', 0, 92, 'phone', '100 грн / 200 руб / 5$', '100 грн / 200 руб / 5$', 'vulcan@mail.ru', 'да', '2015', 'vulkan.com.ua', 'до 24 часов', '534', '[]', '13 000 UAH', 'x25', 4),
('[{\"value_1\":\"Можно ли играть в казино бесплатно?\",\"value_2\":\"Да, такая возможность для игроков есть. Для каждого представленного на официальном сайте онлайн-аппарата предусмотрена тестовая версия. Для перехода в бесплатный режим достаточно нажать на клавишу «Демо». После этого на игровой счет поступит 1 000 условных кредитов, которые можно использовать для выставления ставок.\"},{\"value_1\":\"Какие преимущества дает регистрация?\",\"value_2\":\"После прохождения несложной регистрации в NetGame пользователи получают доступ ко всем возможностям игрового казино. Они могут запускать любые онлайн аппараты, играть с реальными денежными ставками, пополнять депозит при помощи удобных платежных систем, выводить выигрыши на карту или электронный кошелек, участвовать в программе лояльности и получать бонусы.\"}]', '[{\"review_name\":\"IldarGus\",\"review_rating\":\"90\",\"date\":\"02.05.2012\",\"review_text\":\"Хороший сайт, без обмана. Всем рекомендую. Выигрыши выводит за сутки, независимо от суммы. Начисляет много бонусов, но отыграть их довольно сложно, высокий вейджер. Слоты лицензионные и с хорошей отдачей, играть в них — одно удовольствие, но заработать у меня получилось только в рулетке. Их есть несколько видов и все они очень удобны и реалистичны.\"}]', '[\"https://sloto.top/casino/netgame\"]', 0, 88, 'phone', '100 грн / 200 руб / 5$', '100 грн / 200 руб / 5$', 'netgame@mail.ru', 'Да', '2016', 'netgame.com.ua', 'до 24 часов', '213', '[]', '10 000 UAH', 'x15', 5),
('[{\"value_1\":\"Есть ли возможность в казино Пин-Ап играть бесплатно?\",\"value_2\":\"Конечно, вы можете выбрать любой автомат и запустить его демо-версию. Никаких ограничений нет, играйте пока не надоест. При этом регистрация в казино не требуется. Просто выбирайте слот и запускайте его на виртуальные кредиты. Имейте в виду, что игра с живыми дилерами возможна только на деньги.\"},{\"value_1\":\"Во что можно играть на сайте?\",\"value_2\":\"На портале огромный выбор автоматов от ТОПовых провайдеров. Общее количество разработчиков, которые предоставили софт для игрового зала, составляет более 30 компаний. Играть можно в разнообразные аппараты барабанного типа, несколько разновидностей покера, блэкджека и баккара. Также здесь отличный выбор разнообразных рулеток.\"}]', '[{\"review_name\":\"Максимов Влад\",\"review_rating\":\"88\",\"date\":\"14.04.2013\",\"review_text\":\"Из плюсов — ровный сайт без глюков, понятные условия, хорошие слоты, быстрый вывод. Из минусов — вывод с задержкой часов 12. Приходят всегда, но раньше «капали» мгновенно. Может, потому, что раньше выводил по 500-600 рублей, а сейчас уже стал доверять и набирают 10 штук и больше, потом вывожу.\"},{\"review_name\":\"Зоя\",\"review_rating\":\"95\",\"date\":\"13.03.2011\",\"review_text\":\"Зарегистрировалась на сайте около месяца назад и сразу же проиграла небольшую сумму. Расстроилась. Вчера решила снова зайти и попытать удачу, забросила всего 300 гривен, и о чудо! Всего за полчаса выиграла почти 2000! Так повезло первый раз в жизни! Сразу решила вывести и деньги пришли очень быстро, за минуты три. Я осталась очень довольна!\"}]', '[\"https://sloto.top/casino/pin-up\"]', 0, 92, 'phone', '100 грн / 200 руб / 5$', '100 грн / 200 руб / 5$', 'pin-up@mail.ru', 'да', '2013', 'pin-up.com.ua', '5 000 UAH', '734', '[]', '7 000 UAH', 'x25', 6),
('[{\"value_1\":\"Как играть в казино бесплатно?\",\"value_2\":\"Играть бесплатно в казино может любой пользователь ресурса. Для этого надо только выбрать понравившийся автомат и активировать его в демонстрационной версии, нажав кнопку «Демо».\"},{\"value_1\":\"Какие преимущества регистрации на сайте клуба?\",\"value_2\":\"Регистрация на сайте казино дает право на платные ставки и участие во всех акциях и турнирах, которые проводятся или будут проводиться. Также это шанс получить бонусы по программе лояльности.\"}]', '[{\"review_name\":\"Sisi_Barbeque\",\"review_rating\":\"85\",\"date\":\"28.08.2016\",\"review_text\":\"Пришла в ЗК из-за приветственного бонуса, здесь его дают за минимальный депозит, отыграть его вполне реально. Рада, что не прогадала. Каталог слотов неплохой, не очень много, но для меня этого вполне достаточно. Нет настольных и карточных игр, но это на любителя. С выводом проблем не было, даже не ожидала что так быстро. В принципе, меня здесь все устраивает.\"},{\"review_name\":\"Денчик\",\"review_rating\":\"75\",\"date\":\"12.04.2017\",\"review_text\":\"Не могу назвать себя геймером, просто было интересно открыть для себя эту сторону жизни. Говорят, начинающим игрокам везет, вот и мне повезло — выиграл в первый день около 1000 гривен. Скажу честно, больше в день столько не поднимал, обычно 200-500. Из минусов: сайт переехал на новый домен, а со старого перенаправления нет, неудобно.\"}]', '[\"https://sloto.top/casino/gold-cup\"]', 0, 93, 'phone', '100 грн / 200 руб / 5$', '100 грн / 200 руб / 5$', 'gold-cup@mail.ru', 'да', '2011', 'gold-cup.com.ua', 'до 24 часов', '325', '[]', '8 000 UAH', 'x25', 7),
('[{\"value_1\":\"Можно ли играть в казино бесплатно?\",\"value_2\":\"Можно, но только на виртуальную валюту без права вывода выигрыша на реальный счет. Запускать демо версии слотов можно без регистрации на сайте казино FizzSlots. Пополнять депозит необязательно. Достаточно активировать автомат в тестовом режиме.\"},{\"value_1\":\"Какие преимущества дает регистрация?\",\"value_2\":\"После регистрации на сайте казино FizzSlots пользователь получает возможность пополнить счет и начать играть на деньги. Наличие учетной записи обеспечивает доступ к бонусам и другим промо предложениям клуба. Зарегистрированный гэмблер сможет также участвовать в турнирах и розыгрышах лотерейных билетов, дающих право на новые подарки и привилегии.\"}]', '[]', '[\"https://sloto.top/casino/fizzslots\"]', 0, 91, 'phone', '100 грн / 200 руб / 5$', '100 грн / 200 руб / 5$', 'fizslots.mail.ru', 'да', '2011', 'fizslots.ua', '17 000 UAH', '205', '[]', '9 000 UAH', 'x45', 8),
('[{\"value_1\":\"Можно ли играть в казино бесплатно?\",\"value_2\":\"Казино Джокер Вин обеспечивает посетителям максимально комфортные условия и позволяет играть бесплатно на всех слотах онлайн. Для активации демо моделей не требуется регистрация и открытие депозита. Списание средств на ставки происходит с виртуального счета выбранного аппарата. Если на балансе не хватает денег, достаточно перезапустить автомат и продолжить игру с прерванного момента.\"},{\"value_1\":\"Какие преимущества дает регистрация?\",\"value_2\":\"Регистрация в Джокер Вин обеспечивает доступ ко всему спектру услуг заведения. Процедура создания аккаунта занимает несколько минут. После активации учетной записи пользователь приобретает статус постоянного клиента и может войти в свой личный кабинет. Здесь расположена вкладка Касса, посредством которой происходят все финансовые транзакции, а также хранится важная информация о бонусах и других подарках от казино. Вход в аккаунт осуществляется под одним и тем же логином как с основной, так и с мобильной версии и зеркала портала.\"}]', '[{\"review_name\":\"Славик\",\"review_rating\":\"93\",\"date\":\"15.03.2011\",\"review_text\":\"Играл на многих казино, по итогу остановился на Джокере — шансы выиграть тут больше. Не претендую на истину в последней инстанции, но по моим ощущениям это именно так. Вывод всегда без проблем, из минусов — за мгновенный вывод процент великоват, как по мне. Но можно вывести обычным путем, около суток деньги идут. Если спешить некуда, то так выгоднее.\"},{\"review_name\":\"Ольга235\",\"review_rating\":\"89\",\"date\":\"16.04.2020\",\"review_text\":\"Играю на площадке не очень часто, но всегда остаюсь довольной, даже, когда проигрываю. Выбор игр — отличный, хотя казино и не большое. Мне же нравиться играть с живыми дилерами. Очень увлекательно! Сразу чувствуешь себя важной персоной. Деньги выводятся нормально, правда, выиграть большую сумму еще не удавалось.\"}]', '[\"https://sloto.top/casino/joker\"]', 0, 98, 'phone', '100 грн / 200 руб / 5$', '100 грн / 200 руб / 5$', 'joker@mail.ru', 'да', '2007', 'joker.com.ua', 'до 24 часов', '352', '[]', '13 000 UAH', 'x15', 9),
('[{\"value_1\":\"Как поиграть в слотах казино совершенно бесплатно?\",\"value_2\":\"Для этого следует использовать демонстрационные версии слотов, которые включают бесплатно и без обязательной регистрации на сайте. Наводите на выбранный аппарат, нажав на всплывающую кнопку «Демо». На счету сразу появляются условные деньги, которые можно обновить в количестве путем перезагрузки страницы. Пробный режим полностью идентичен в сравнении с режимом на деньги.\"},{\"value_1\":\"Сколько времени займет регистрация?\",\"value_2\":\"Можно пройти регистрацию на компьютере или со смартфона в течение 10 секунд. Нужно ввести электронную почту или номер телефона, дополнительно придумав надежный пароль. Сразу после верификации открывается функция пополнения счета и можно приступать к азартному провождению времени в любых играх клуба.\"}]', '[{\"review_name\":\"CatcherL\",\"review_rating\":\"94\",\"date\":\"09.03.2011\",\"review_text\":\"Играю сразу в нескольких казино. Cosmolot — мое любимое. Я вообще считаю, что для украинских игроков — это лучший вариант. У них есть местная лицензия, деньги выводятся без проблем на Приват и без комиссий. Играть можно во что хочешь, даже с живыми дилерами. Очень интересно. Даже есть бездеп за привязку почты, немного, всего 5 фриспинов, но все равно приятно. С верификацией немного запутался, но саппорт помог и все быстро разрулил. Рекомендую!\"},{\"review_name\":\"Ярик Марков\",\"review_rating\":\"91\",\"date\":\"11.02.2001\",\"review_text\":\"Отрицательные отзывы пишут те, кто читать не умеет. Господа, читайте правила, бонус — это НЕ подарок! А еще невозможно поднять «стопятьсот» тысяч, делая ставки по одной гривне. Казино честное, золотых гор не обещают, а то, что обещают — выполняют на все сто. Поставил 1000, выиграл три, это реально.\"}]', '[\"https://sloto.top/casino/cosmolot\"]', 0, 85, 'phone', '100 грн / 200 руб / 5$', '100 грн / 200 руб / 5$', 'cosmolot@mail.ru', 'Да', '2015', 'cosmolot.com.ua', 'до 24 часов', '722', '[]', '12 500 UAH', 'x15', 10);

-- --------------------------------------------------------

--
-- Структура таблицы `casino_payment_relatives`
--

CREATE TABLE `casino_payment_relatives` (
  `post_id` int(11) NOT NULL DEFAULT '0',
  `relative_id` int(11) NOT NULL DEFAULT '0'
) ENGINE=InnoDB DEFAULT CHARSET=utf8;

--
-- Дамп данных таблицы `casino_payment_relatives`
--

INSERT INTO `casino_payment_relatives` (`post_id`, `relative_id`) VALUES
(8, 1),
(2, 2),
(3, 2),
(4, 2),
(5, 2),
(6, 2),
(7, 2),
(8, 2),
(3, 3),
(4, 3),
(7, 3),
(8, 3),
(9, 3),
(10, 3),
(2, 4),
(4, 4),
(5, 4),
(7, 4),
(10, 4),
(1, 5),
(3, 5),
(4, 5),
(6, 5),
(9, 5),
(10, 5),
(2, 6),
(5, 6),
(7, 6),
(8, 6),
(10, 6),
(6, 7),
(3, 8),
(6, 8),
(9, 8),
(9, 9),
(6, 10),
(9, 10);

-- --------------------------------------------------------

--
-- Структура таблицы `casino_vendor_relatives`
--

CREATE TABLE `casino_vendor_relatives` (
  `post_id` int(11) NOT NULL DEFAULT '0',
  `relative_id` int(11) NOT NULL DEFAULT '0'
) ENGINE=InnoDB DEFAULT CHARSET=utf8;

--
-- Дамп данных таблицы `casino_vendor_relatives`
--

INSERT INTO `casino_vendor_relatives` (`post_id`, `relative_id`) VALUES
(3, 1),
(6, 1),
(9, 1),
(10, 1),
(2, 2),
(4, 2),
(5, 2),
(7, 2),
(9, 2),
(10, 2),
(2, 3),
(3, 3),
(4, 3),
(9, 3),
(10, 3),
(2, 4),
(5, 4),
(7, 4),
(9, 4),
(10, 4),
(2, 5),
(3, 5),
(4, 5),
(6, 5),
(9, 5),
(10, 5),
(1, 6),
(4, 6),
(5, 6),
(7, 6),
(8, 6),
(9, 6),
(10, 6),
(6, 7),
(8, 7),
(9, 7),
(8, 8),
(9, 8),
(8, 9),
(9, 9),
(6, 10),
(8, 10),
(9, 10);

-- --------------------------------------------------------

--
-- Структура таблицы `games`
--

CREATE TABLE `games` (
  `id` int(11) NOT NULL,
  `status` enum('public','hide','basket') DEFAULT 'public',
  `permalink` varchar(255) DEFAULT NULL,
  `title` varchar(255) DEFAULT NULL,
  `thumbnail` varchar(255) DEFAULT NULL,
  `short_desc` varchar(255) DEFAULT NULL,
  `h1` varchar(255) DEFAULT NULL,
  `meta_title` varchar(255) DEFAULT NULL,
  `description` varchar(255) DEFAULT NULL,
  `keywords` varchar(255) DEFAULT NULL,
  `content` text,
  `lang` int(11) DEFAULT '1',
  `updated_at` datetime DEFAULT CURRENT_TIMESTAMP,
  `created_at` datetime DEFAULT CURRENT_TIMESTAMP,
  `post_type` varchar(255) DEFAULT 'game',
  `slug` varchar(255) DEFAULT 'game'
) ENGINE=InnoDB DEFAULT CHARSET=utf8;

--
-- Дамп данных таблицы `games`
--

INSERT INTO `games` (`id`, `status`, `permalink`, `title`, `thumbnail`, `short_desc`, `h1`, `meta_title`, `description`, `keywords`, `content`, `lang`, `updated_at`, `created_at`, `post_type`, `slug`) VALUES
(1, 'public', 'book-of-ra', 'Book of Ra', 'http://127.0.0.1:5000/uploads/69f82203cdb4f7a6-618405a1e5e78.png', 'Short desc Book of Ra', 'H1 Book of Ra', 'Meta title Book of Ra', 'Description Book of Ra', 'Keywords Book of Ra', '<pre class=\"ql-syntax\" spellcheck=\"false\">&lt;p&gt;Безумовно, ігровий автомат Book of Ra від Novomatic вважається одним із найпопулярніших емуляторів в онлайн казино з моменту його виходу у світ у 2005 році. За часи його тріумфального сходження до вершин популярності виробник випустив 14 оновлень апарата. Наразі слот Книга Ра відомий багатьом відвідувачам українських онлайн казино під назвами: Бук оф Ра, Книга Ра, Книжки. З нього розпочалася ціла епоха слот-машин, пов’язаних із єгипетською тематикою. І сьогодні ігровий автомат Book of Ra є найулюбленішою розвагою для багатьох гемблерів, котра здатна захоплювати, дивувати й задовольняти всіх, хто полюбляє грати на гроші онлайн.&lt;/p&gt;&nbsp;\n&lt;h2&gt;Організація ігрового процесу в слоті Книга Ра&lt;/h2&gt;\n&lt;p&gt;На перший погляд сучасних гемблерів, розбещених усілякими неймовірними ефектами та вишуканими бонусними опціями, у слоті Книга Ра немає нічого особливого. Молодий шукач пригод вирушає на пошуки скарбів і знаходить у стародавньому храмі таємний манускрипт самого Бога Сонця. Апарат має 5 барабанів і 9 нефіксованих ліній для ставок. Події відбуваються в темних лабіринтах підземних гробниць, де на стінах зображені таємничі знаки та ієрогліфи. Десь тут захована головна реліквія фараонів — старовинний фоліант, здатний озолотити того, хто ним заволодіє. Подорожувати таємними лабіринтами гравцю допоможе панель управління апаратом Книга Ра. За допомогою кнопок встановлюються потрібні розміри ставок, викликається корисна інформація, запускаються барабани й ризикована гра. Є можливість грати в автоматичному режимі.&lt;/p&gt;\n&lt;h2&gt;Стародавні символи та їхні ролі в ігровому автоматі Книга Ра&lt;/h2&gt;\n&lt;p&gt;Механіка ігрового автомата Книга Ра доволі типова. На полі, сформованому барабанами, є 15 комірок, заповнених різними картинками. Поміж них трапляються:&lt;/p&gt;\n&lt;ul&gt;\n&lt;li&gt;яскраві карткові номінали;&lt;/li&gt;\n&lt;li&gt;старші знаки — Мандрівник, Золота Маска, зображення богині Ісіди, Жук-скарабей;&lt;/li&gt;\n&lt;li&gt;таємнича Книга, котра одночасно виконує ролі Wild і Scatter!&lt;/li&gt;\n&lt;/ul&gt;\n&lt;p&gt;Виплати в апараті Book of Ra встановлені за дві й більше картинки в призовій комбінації для старших знаків, для решти оплата починається з трьох символів. Найбільші виграші приносить гравцям сам шукач пригод, а Вайлд не тільки заміняє потрібні в призових комбінаціях символи, а й запускає бонусний раунд призових спінів із десяти безплатних обертань. Перед їхнім запуском одна картинка вибирається у якості зростаючого знака, котрий впродовж призових обертань буде розширюватися на кілька барабанів. Кожну виплату в грі можна подвоїти, скориставшись кнопкою Gamble, котра активує міні-гру на вгадування кольору перевернутої карти.&lt;/p&gt;\n&lt;h2&gt;Технічні характеристики слота Book of Ra&lt;/h2&gt;\n&lt;p&gt;Наведемо основні характеристики слота Book of Ra:&lt;/p&gt;\n&lt;ul&gt;\n&lt;li&gt;схема — 5х3;&lt;/li&gt;\n&lt;li&gt;призові лінії — 9;&lt;/li&gt;\n&lt;li&gt;мінімальна ставка — 1 монета;&lt;/li&gt;\n&lt;li&gt;максимальна ставка — 100 монет;&lt;/li&gt;\n&lt;li&gt;максимальний виграш — х9000;&lt;/li&gt;\n&lt;li&gt;гра на подвоєння виграшу — є;&lt;/li&gt;\n&lt;li&gt;RTP — 97%!&lt;/li&gt;\n&lt;/ul&gt;\n&lt;p&gt;Отож, автомат Book of Ra пропонує гемблерам зіграти роль шукача скарбів й отримати реальний профіт від цієї захоплюючої пригоди.&lt;/p&gt;\n</pre>', 1, '2022-04-21 15:52:54', '2022-04-21 15:52:54', 'game', 'game'),
(2, 'public', 'gonzos-quest', 'Gonzos Quest', 'http://127.0.0.1:5000/uploads/5eb118933208b266-613a1054da203.png', 'Short desc Gonzos Quest', 'H1 Gonzos Quest', 'Meta title Gonzos Quest', 'Description Gonzos Quest', 'Keywords Gonzos Quest', '<pre class=\"ql-syntax\" spellcheck=\"false\">&lt;p&gt;Ліцензійний ігровий автомат Gonzos Quest Megaways розроблений компанією Red Tiger Україна. Дата релізу — 23 грудень 2020 року. Цього разу програмісти присвятили сюжет пригодам іспанського конкістадора. Поки ігровий автомат Gonzos Quest Megaways вантажиться, на дисплеї видніється тематична заставка. На ній зображені руїни ацтекського міста. Головний персонаж — іспанець в обладунках і шоломі. Його зображення зберігається на дисплеї в момент обертання барабанів. Слот Гонзо Квест Мегавейс оснащений 6 барабанами. Гравцям будуть цікаві інші технічні характеристики:&lt;/p&gt;\n&lt;ul&gt;\n&nbsp;&lt;li&gt;дисперсія варіюється від середньої до високої;&lt;/li&gt;\n&nbsp;&lt;li&gt;RTP (віддача) — 94,66%;&lt;/li&gt;\n&nbsp;&lt;li&gt;призові лінії — 117 649;&lt;/li&gt;\n&nbsp;&lt;li&gt;прогресивний джекпот — немає;&lt;/li&gt;\n&nbsp;&lt;li&gt;гра на ризик — немає;&lt;/li&gt;\n&nbsp;&lt;li&gt;особливі іконки — немає!&lt;/li&gt;\n&lt;/ul&gt;\n&lt;p&gt;Творець софта використовує платформи html 5 і js. Завдяки цьому однорукий бандит запускається на комп\'ютері і мобільному телефоні з сенсорним екраном.&lt;/p&gt;\n&lt;h2&gt;Ігровий автомат Гонзо Квест Мегавейс і питання управління&lt;/h2&gt;\n&lt;p&gt;Ігровий автомат Гонзо Квест Мегавейс — симулятор з інтуїтивно зрозумілим управлінням. Панель меню відображається на барабанах після натискання на клавішу з трикутником. «Stake» — регулювання суми на кону. Кліком на «Auto» запускаються автоматичні спіни. На першому етапі треба визначитися з кількістю. Натиснувши на «Turbo», Гемблери перейдуть в режим турбо. Обертань барабанів немає, результати показуються відразу.&lt;/p&gt;\n&lt;p&gt;Коли тестується апарат Gonzos Quest Megaways, є можливість активувати одиночний спін. Для цього потрібно запускати барабани кліком на клавішу зі стрілкою.&lt;/p&gt;\n&lt;h2&gt;Слот Gonzos Quest Megaways і тематичні символи&lt;/h2&gt;\n&lt;p&gt;Запускаючи слот Gonzos Quest Megaways без реєстрації, гемблери можуть заглянути в таблицю платежів. Тут є зображення птахів, тварин, жерців. У верхній частині знаходяться маски, промальовані на тлі:&lt;/p&gt;\n&lt;ul&gt;\n&nbsp;&lt;li&gt;фіолетовому;&lt;/li&gt;\n&nbsp;&lt;li&gt;синьому;&lt;/li&gt;\n&nbsp;&lt;li&gt;зеленому;&lt;/li&gt;\n&nbsp;&lt;li&gt;рожевому;&lt;/li&gt;\n&nbsp;&lt;li&gt;сірому!&lt;/li&gt;\n&lt;/ul&gt;\n&lt;p&gt;Оплачуються комбінації з 3-6 однакових картинок. Вони можуть розділятися виключно Вайлдом. Повинні починатися з першої котушки зліва.&lt;/p&gt;\n&lt;p&gt;Якщо в автомат Gonzos Quest Megaways грати безкоштовно, можна ознайомитися зі спецзнаками. Wild (знак питання) заміщає інші картинки. Scatter (золота монета) використовується для активації бонусу. Сама по собі не оплачується.&lt;/p&gt;\n&lt;h2&gt;Оригінальний слот Гонзо Квест Мегавейс і його бонуси&lt;/h2&gt;\n&lt;p&gt;Слот Гонзо Квест Мегавейс демо рекомендується запускати до реальних ставок. Можна прорахувати можливість участі в бонусному раунді. Тур починається при випаданні 3-5 Скаттерів. Замість безкоштовних обертань гравці отримують фріроли.&lt;/p&gt;\n&lt;p&gt;Якщо грати онлайн апарат Гонзо Квест Мегавейс на гроші, під час додаткового раунду використовується опція «Лавина». Виграші оплачуються з мультиплікаторами від х1 до х15.&lt;/p&gt;\n</pre>', 1, '2022-04-21 15:52:54', '2022-04-21 15:52:54', 'game', 'game'),
(3, 'public', 'crazy-monkey', 'Crazy Monkey', 'http://127.0.0.1:5000/uploads/e563cec92773d2fe-60b630c855f82.png', 'Short desc Crazy Monkey', 'H1 Crazy Monkey', 'Meta title Crazy Monkey', 'Description Crazy Monkey', 'Keywords Crazy Monkey', '<pre class=\"ql-syntax\" spellcheck=\"false\">&lt;p&gt;Популярний ігровий автомат Crazy Monkey багато років поспіль є одним з найбільш затребуваних в онлайн казино. Емулятор був розроблений компанією Igrosoft в 1999 році. Слот-автомат Крейзі Манкі привертає увагу гемблерів африканською тематикою, простими правилами і високим теоретичним відсотком повернення. Ігровий автомат Crazy Monkey можна тестувати в демо версії без реєстрації, він стане знахідкою для бажаючих грати онлайн без обмежень з ПК чи смартфону.&lt;/p&gt;\n&lt;h2&gt;Гральний автомат Мавпочки: інтерфейс та символіка&lt;/h2&gt;\n&lt;p&gt;Гральний автомат Мавпочки — це стандартний геймплей, оформлений в стилі затребуваних в наземних закладах «одноруких бандитів». Всі кнопки для налаштувань розташовані в нижній частині, під барабанами. Інтерфейс буде зрозумілий навіть починаючому гравцю. Серед головних характеристик симулятора слід виділити:&lt;/p&gt;\n&lt;ul&gt;\n&lt;li&gt;5 барабанів;&lt;/li&gt;\n&lt;li&gt;9 ліній;&lt;/li&gt;\n&lt;li&gt;фріспіни;&lt;/li&gt;\n&lt;li&gt;min ставка: 1 кредит;&lt;/li&gt;\n&lt;li&gt;max ставка: 100 кредитів;&lt;/li&gt;\n&lt;li&gt;RTP 98%;&lt;/li&gt;\n&lt;li&gt;раунд на подвоєння!&lt;/li&gt;\n&lt;/ul&gt;\n&lt;p&gt;Основне завдання гравця — складання однакових картинок в один безперервний ланцюг. В якості символів розробник використовує забавні зображення жителів Африки: мавп, змій, метеликів, левів. Дізнатися, який коефіцієнт принесе кожний з символів, можна у вкладці «Paytable».&lt;/p&gt;\n&lt;p&gt;Хоч апарат Crazy Monkey і не передбачає багато бонусних опцій, він дає можливість виграти крупні суми. Успішні комбінації будуть випадати на барабанах часто і обсипати користувача монетами. Виграти більше допоможе Вайлд. Його роль тут виконує картинка з зображенням магічного тотема. Цей знак замінює будь-яку базову картинку, що дозволяє в швидко отримувати успішні комбінації.&lt;/p&gt;\n&lt;h2&gt;Слот Мавпочки: бонусний раунд&lt;/h2&gt;\n&lt;p&gt;Слот Мавпочки передбачає бнусний раунд. Він відкривається, коли на барабанах випадає одночасно три зображення примата, складається з двох етапів. У першому рівні гравцям пощастить побачити 5 мотузок, які розташовані на тлі джунглів. Кожну з них необхідно смикати по черзі. Якщо випадуть банани або бонуси, гра продовжиться, а на рахунок зарахуються виграші.&lt;/p&gt;\n&lt;p&gt;Після того як гравець потягне всі 5 мотузок, він опиниться в супер розіграші з можливістю виграти майже 1 000 000 монет. Треба вгадати, за яким з ящиків сховався приз. Якщо ж на голову мавпі впаде важкий предмет, призовий раунд апарату Мавпочки буде завершено. Виграні гроші будуть зараховані на баланс.&lt;/p&gt;\n&lt;h2&gt;Класичний слот Crazy Monkey — грати на гроші&lt;/h2&gt;\n&lt;p&gt;Класичний слот Crazy Monkey простий в управлінні, він відмінно підійде як новеньким юзерам, так і досвідченим гравцям. Щоб грати на гроші і перемагати, необхідно поповнити депозит, зробити ставки, крутити барабан. Попри те, що автомат Crazy Monkey простий, він здатний порадувати клієнта віртуального закладу щедрими грошовими винагородами!&lt;/p&gt;\n</pre>', 1, '2022-04-21 15:52:54', '2022-04-21 15:52:54', 'game', 'game'),
(4, 'public', 'hyper-joker', 'Hyper Joker', 'http://127.0.0.1:5000/uploads/5b04565403461d96-61f82d410dc16.png', 'Short desc Hyper Joker', 'H1 Hyper Joker', 'Meta title Hyper Joker', 'Description Hyper Joker', 'Keywords Hyper Joker', '<pre class=\"ql-syntax\" spellcheck=\"false\">&lt;p&gt;На ринку онлайн гемблінгу ігровий автомат Hyper Joker з’явився наприкінці квітня 2021 року. Його виробник — маловідома компанія Game Burger Studios. Працюючи разом зі знаменитим провайдером Microgaming, студія створила цікаву версію слота-наслідувача, удосконаленого завдяки додатковим бонусним опціям. Слот Hyper Joker має дуже привабливий вигляд. Блакитні та рожеві відтінки ефектно відтіняють зорепад слави та фонтан золотих монеток, котрі щоразу заповнюють екран, якщо на барабанах з’являється виграшна комбінація. Конструкція симулятора складається із п’яти барабанів і нараховує 20 призових ліній для ставок. Максимальний виграш у 2000 разів перевищує розмір ставки. Теоретичний відсоток RTP встановлено на рівні 96,24%. Крім функції Scatter Win, ігровий автомат Hyper Joker пропонує гравцям Дикі символи й до тридцяти безплатних обертань зі множником виграшів від х1 до х3.&lt;/p&gt;\n&lt;h2&gt;Дизайн та наповнення слоту Гіпер Джокер&lt;/h2&gt;\n&lt;p&gt;Райдужні кольори слоту Гіпер Джокер, бадьора музика та вибухова анімація створюють у користувача особливий настрій і підсилюють задоволення від отриманих виграшів. Їх приносять користувачам майже всі символи, котрі залучені до гри. Поміж них трапляються:&lt;/p&gt;\n&lt;ul&gt;\n&lt;li&gt;цифри «7» різних розмірів і в різній кількості;&lt;/li&gt;\n&lt;li&gt;класичні таблички BAR;&lt;/li&gt;\n&lt;li&gt;дзвоники, вишні, умовні зображення долара;&lt;/li&gt;\n&lt;li&gt;стильний логотип Wild;&lt;/li&gt;\n&lt;li&gt;картинка з написом «Free Spins»;&lt;/li&gt;\n&lt;li&gt;Scatter у вигляді веселого Джокера!&lt;/li&gt;\n&lt;/ul&gt;\n&lt;p&gt;Оплачуються всі зображення, крім останнього, за умови розміщення однакових картинок вздовж призових ліній. Дикий символ здатен також замінити будь-який із символів у призовій комбінації. Максимальну виплату у розмірі х250 приносять п’ять Вайлдів. Але набагато більші виграші в апараті Гіпер Джокер здатні подарувати гемблерам саме картинки з головним персонажем слоту.&lt;/p&gt;\n&lt;h2&gt;Роль Скатерів в ігровому автоматі Гіпер Джокер&lt;/h2&gt;\n&lt;p&gt;Розміри виплат, котрі приносять гравцям Скатер-символи в апараті Hyper Joker, приводиться безпосередньо зліва від гральних барабанів. Виграші зараховуються на рахунок гравця за умови, якщо на полі одночасно з’являється 3 і більше головних героїв відеослоту. Ця подія відбувається рандомно й можлива лише в базовій грі. Максимальна сума виграшу в ігровому автоматі Гіпер Джокер сягає 2000 ставок, якщо кількість Скатерів досягне дев’яти. До того ж їхнє розташування на екрані не грає ніякої ролі.&lt;/p&gt;\n&lt;h2&gt;Бонусний раунд слота Hyper Joker&lt;/h2&gt;\n&lt;p&gt;Фонтан виграшів, котрий щоразу б’є в слоті Hyper Joker, стає ще потужнішим, якщо на екрані випадуть одночасно три знаки «Free Spins». Їхня поява дає старт призовим фріспінам із мультиплікаторами виграшів. На початку серії безплатних обертань гравцеві надається можливість запустити Колесо Удачі. На його секторах у два кола написані цифри. Колесо Удачі використовується в автоматі Hyper Joker з тією метою, щоби визначити кількість безплатних обертань (горішнє коло) та розмір множника для виграшів у цій серії (нижнє коло). Максимальні показники — 30 обертань і трикратне збільшення виплат.&lt;/p&gt;\n</pre>', 1, '2022-04-21 15:52:54', '2022-04-21 15:52:54', 'game', 'game'),
(5, 'public', 'pips-quest', 'Pips Quest', 'http://127.0.0.1:5000/uploads/b13c4270804e47e6-61f829e8755d0.png', 'Short desc Pips Quest', 'H1 Pips Quest', 'Meta title Pips Quest', 'Description Pips Quest', 'Keywords Pips Quest', '<pre class=\"ql-syntax\" spellcheck=\"false\">&lt;nav class=\'nav\'&gt;&lt;/nav&gt;\n&lt;p&gt;Ігровий автомат Pips Quest — це нова розробка студії OneTouch, котра вийшла у світ у 2021 році. Для більшості цей емулятор виявився доволі незвичайним і водночас потішним. А справа вся в тому, що виробник слота Квест Піпа запропонував гравцям спробувати незвичну механіку й зіграти одночасно на дев’яти полях. Отож, стимулятор має 9 барабанів і 57 призових ліній. Гравець має змогу вибирати для гри певну кількість рядів і відповідно ліній для виплат. Усі комірки відеослоту заповнені костями різних кольорів. Для формування призових комбінацій вздовж ліній для виплат мусять вишикуватися кості одного кольору й номіналу. Максимальний виграш в ігровому автоматі Pips Quest у 54 рази перевищує розмір ставки, є в ньому бонусні функції у вигляді мегаліній і призова квест-гра.&lt;/p&gt;\n&lt;h2&gt;Стиль та дизайн слоту Pips Quest&lt;/h2&gt;\n&lt;p&gt;У гравця слот Pips Quest викликає відчуття гри, зробленої в стилі фентезі. На таку думку гравця наводять барабани, котрі парять у повітрі разом із тим островом, на якому вони розташовані. Під барабанами тече вода, а поруч стоїть маленький персонаж, ймовірно то і є Піп. Він уважно спостерігає за подіями, що відбуваються в автоматі Pips Quest. Забігаючи вперед зазначимо, що в такому ж незвичному стилі побудована й бонусна квест-гра, де Піпу доведеться пересуватися в повітряному просторі досить незвичним способом. Для управління емулятором у його нижній частині є кілька характерних піктограм. Клацнувши на одну з них, гравець матиме змогу:&lt;/p&gt;\n&lt;ul&gt;\n&lt;li&gt;зробити зручні налаштування;&lt;/li&gt;\n&lt;li&gt;встановити прийнятний розмір ставки;&lt;/li&gt;\n&lt;li&gt;переглянути Правила гри й Таблицю виплат;&lt;/li&gt;\n&lt;li&gt;прокрутити барабани;&lt;/li&gt;\n&lt;li&gt;запустити туро-режим;&lt;/li&gt;\n&lt;li&gt;грати в автоматичному режимі!&lt;/li&gt;\n&lt;/ul&gt;\n&lt;p&gt;Геймплей у цьому слоті простий і легкий в управлінні.&lt;/p&gt;\n&lt;h2&gt;Як визначаються виграші в ігровому автоматі Квест Піпа&lt;/h2&gt;\n&lt;p&gt;Виграші в ігровому автоматі Квест Піпа присуджуються за суміжні комбінації символів, котрі з’являються в будь-якій із дев’яти ігор на екрані. Виплати нараховуються за збіг трьох символів у діагоналях або в горизонтальних рядках. Чим більші значення номіналів кісток, тим вищими будуть винагороди гравців. Розмір виграшів у апараті Pips Quest залежить також від частоти випадання очок. Так, випадіння трьох одиниць дає виграш, котрий перевищує ставку втричі, а випадіння дев’яти шісток дає максимальну виплату в розмірі 54 ставок. Гравець має змогу більш детально ознайомитися з розмірами виплат в інформаційному блоці слоту.&lt;/p&gt;\n&lt;h2&gt;Бонусна гра в слоті Квест Піпа&lt;/h2&gt;\n&lt;p&gt;Поява одного або декількох бонусних символів у вигляді червоного ромба в центрі кожної гри активує в слоті Квест Піпа бонусний раунд. За кожен ромб гравець отримує в бонусній грі один кидок. Суть цього раунду полягає в пересуванні головного персонажу апарата Квест Піпа різними плитками і збиранні призів. Але варто в цій подорожі бути обережним, відтак, як кілька плиток заважають пересуванню героя. Поміж них є пусті плитки, ті, що повертають Піпа на крок назад, переносять у випадкові місця або на самий початок квесту.&lt;/p&gt;\n</pre>', 1, '2022-04-21 15:52:54', '2022-04-21 15:52:54', 'game', 'game'),
(6, 'public', 'orbs-of-atlantis', 'Orbs Of Atlantis', 'http://127.0.0.1:5000/uploads/cb6990a95b505de3-61fc61c4843db.png', 'Short desc Orbs Of Atlantis', 'H1 Orbs Of Atlantis', 'Meta title Orbs Of Atlantis', 'Description Orbs Of Atlantis', 'Keywords Orbs Of Atlantis', '<pre class=\"ql-syntax\" spellcheck=\"false\">&lt;p&gt;Фантастичний ігровий автомат Orbs Of Atlantis створений за мотивами легенди про Атлантиду. Гамінатор презентований розробником Habanero у лютому 2021 року. Емулятор має цікавий сюжет, високоякісну тривимірну графіку, анімацію та оригінальний геймплей. В основі механіки слота Сфера Атлантиди лежить «Три у рядок». Завдяки каскадним виграшам та високому відсотку віддачі гравці можуть розраховувати на солідну винагороду, завдяки тому користувачам вигідно грати на гроші. Бонусні функції — фріспіни, Скаттер, Вайлд, «Лавина», можливість купити додатковий раунд, множник. Познайомитись з ігровим автоматом Orbs Of Atlantis можна у демо режимі без реєстрації та без смс.&lt;/p&gt;\n&lt;h2&gt;Опис слоту Сфера Атлантиди&lt;/h2&gt;\n&lt;p&gt;Після активації слоту Сфера Атлантиди гравці опиняться у підводному царстві атлантів. Гємблерів чекає незабутня пригода, цікава екскурсія та безліч приємних подарунків. Користувачі стануть першими сучасними людьми, яким вдалось розгадати загадку легендарної цивілізації.&lt;/p&gt;\n&lt;p&gt;Оформлення апарату Сфера Атлантиди виконана у тематичному стилі. Гемблер опиниться навпроти великого ілюмінатора, який по периметру має рунічні написи. За склом видно, як плавають риби. З обох боків розташовані статуї древніх богів підводного царства. Справа та зліва від ігрового поля несуть варту Кракени, які охороняють спокій мешканців та їхні скарби. Великі кальмари анімовані та постійно рухаються.&lt;/p&gt;\n&lt;h2&gt;Характеристики ігрового автомата Сфери Атлантиди&lt;/h2&gt;\n&lt;p&gt;У слот-машині немає барабанів та ліній. У якості символів в ігровому автоматі Сфери Атлантиди виступають кулі різного номіналу. Вони розташовуються на дзеркально відбитих полях сферичної форми. Для їх місцерозташування розробники придумали доріжку. Характеристики слот-автомату:&lt;/p&gt;\n&lt;ul&gt;\n&lt;li&gt;барабани — ні;&lt;/li&gt;\n&lt;li&gt;лінії — ні;&lt;/li&gt;\n&lt;li&gt;ставка — 0,15-3000;&lt;/li&gt;\n&lt;li&gt;максимальний виграш — 60 000;&lt;/li&gt;\n&lt;li&gt;RTP — 96,60%;&lt;/li&gt;\n&lt;li&gt;волатильність — середня!&lt;/li&gt;\n&lt;/ul&gt;\n&lt;p&gt;Панель управління апарату Orbs Of Atlantis знаходиться традиційно у нижній частині симулятора. Музичне супроводження тематичне, та гармонійно доповнює картинку.&lt;/p&gt;\n&lt;h2&gt;Виплати та бонусні функції слоту Orbs Of Atlantis&lt;/h2&gt;\n&lt;p&gt;Щоб скласти призову комбінацію, в апараті необхідно зібрати 5-13 однакових куль. Вони повинні бути розташовані у сусідніх комірках. Отримати максимальну винагороду можна тільки граючи на самих високих ставках. Найбільша кількість куль у ланцюгу — 13. Серед картинок у слоті Orbs Of Atlantis представлені очі, обличчя атлантів, морські чудовиська, полум’я тощо.&lt;/p&gt;\n&lt;p&gt;Полум’я — це Вайлд, який має змогу замінити усі зображення крім Скаттера. Зібравши 13 Wild на сусідніх комірках при максимальній оплаті спіна гравець отримає 25000. Розробники передбачили у грі каскадні виграші. Після кожного прибуткового спину усі призові картинки видаляються з поля, а їхні місця займаються новими зображеннями. При цьому множник збільшується до 5 разів.&lt;/p&gt;\n&lt;p&gt;Коли на екрані з’явиться 3-9 Скаттерів буде активоване від 10 до 1000 безкоштовних обертів. Кількість фріспінів залежить від числа символів Розкиду. Гра може бути подовжена. Множник у цьому режимі збільшиться до х15. Якщо з’являться 4 або більше Вайлдів, мультиплікатор не буде скинутий після програшного спіну. Бонусний раунд можна придбати у будь-який момент гри.&lt;/p&gt;\n&lt;ul&gt;\n&lt;li&gt;3-8 Скаттерів з 10-500 спінів — 90000;&lt;/li&gt;\n&lt;li&gt;4 з 25 FS — за 130000;&lt;/li&gt;\n&lt;li&gt;5 з 50 FS — за 220000!&lt;/li&gt;\n&lt;/ul&gt;\n&lt;p&gt;Автомат Orbs Of Atlantis — це незвичний, оригінальний та привабливий симулятор з відмінним виграшним потенціалом. Щоб оцінити переваги гаминатора та дізнатися про його особливості, пропонується в онлайн казино грати безкоштовно.&lt;/p&gt;\n</pre>', 1, '2022-04-21 15:52:54', '2022-04-21 15:52:54', 'game', 'game'),
(7, 'public', 'zulu-treasure', 'Zulu Treasure', 'http://127.0.0.1:5000/uploads/e3e930d4d0e49402-6214fa439904f.png', 'Short desc Zulu Treasure', 'H1 Zulu Treasure', 'Meta title Zulu Treasure', 'Description Zulu Treasure', 'Keywords Zulu Treasure', '<pre class=\"ql-syntax\" spellcheck=\"false\">&lt;p&gt;Шанувальникам історичних сюжетів в азартних іграх обов\'язково сподобається ігровий автомат Zulu Treasure, головними героями якого стали представники південноафриканського етносу. Саме за їхні скарби ведеться боротьба на п\'яти барабанах демо гамінатора. Дизайнери емулятора продумали його графічні деталі до дрібниць. Це дозволяє грати безкоштовно в прибутковий і візуально стильний ігровий автомат Zulu Treasure з величезною насолодою.&lt;/p&gt;\n&lt;p&gt;Після запуску слота Скарб Зулу онлайн перед гравцями з\'являється справжнісінька савана зі світляками, що невпинно мерехтять. Симулятор Ainsworth, реліз якого відбувся 8 січня 2021 року, вражає реалістичністю графіки та достатньо приємним показником RTP 94.76%. В ході азартної гри без смс на гравців, які обрали відеослот про індіанців, чекають безплатні обертання барабанів, Вайлд, бонус Quad Shot та полювання за старовинними скарбами.&lt;/p&gt;\n&lt;h2&gt;Характеристики та особливості слота Скарб Зулу&lt;/h2&gt;\n&lt;p&gt;Новий слот Скарб Зулу має сучасний інтерфейс і необхідні кнопки для регулювання кількості активних ліній і розміру ставки. Більшу частину ігрового поля емулятора без смс займають барабани, прикрашені атрибутами африканської культури. За ними видніється анімоване зображення місцевої природи.&lt;/p&gt;\n&lt;p&gt;Цікаві функції та коефіцієнти тематичних символів апарата Скарб Зулу активуються після запуску барабанів. На одне обертання в гамінаторі можна зробити ставку від 4 до 6 кредитів. При максимальній вдачі гемблер отримує виграш розміром х300. Варто пам\'ятати, що допустима сума винагороди залежить від налаштувань спінів слот-автомата, та крім звичайних виплат у симуляторі є статичний джекпот, що досягає 10000 доларів.&lt;/p&gt;\n&lt;h2&gt;Символи та виграші в слоті Zulu Treasure&lt;/h2&gt;\n&lt;p&gt;Представники давніх африканських племен завжди захищають свої родові надбання, та в слоті Zulu Treasure їх вдасться отримати без реєстрації. При обертанні барабанів слот-машини зі ставкою 2 кредити символи дарують:&lt;/p&gt;\n&lt;ul&gt;\n&lt;li&gt;фірмовий логотип — від 10 до 200;&lt;/li&gt;\n&lt;li&gt;темношкірий чоловік — від 0.20 до 12;&lt;/li&gt;\n&lt;li&gt;жінка в капелюсі, музичний інструмент, стріли — від 0.20 до 8;&lt;/li&gt;\n&lt;li&gt;намисто — від 0.20 до 6;&lt;/li&gt;\n&lt;li&gt;туз, король, дама — до 4;&lt;/li&gt;\n&lt;li&gt;валет, дев\'ятка, десятка — до 2!&lt;/li&gt;\n&lt;/ul&gt;\n&lt;p&gt;Також в автоматі Zulu Treasure є Дикий і ще один бонусний символ. Якщо вони активують додаткові гральні режими, то таблиця виплат гамінатора без реєстрації змінюється. Щодо можливостей Вайлда, то він традиційно підміняє інші іконки, за виключенням Scatter, а з\'являється на трьох останніх барабанах.&lt;/p&gt;\n&lt;h2&gt;Бонуси грального автомата Zulu Treasure&lt;/h2&gt;\n&lt;p&gt;Подорож потаємними африканськими землями в гральному автоматі Zulu Treasure не була б такою цікавою без бонусних опцій симулятора. Scatter, що має вигляд яскравого фірмового логотипа, активує 10 безперервних фріспінів онлайн розваги. Під час них на екрані з\'являється новий символ. Він випадає лише в третьому стовпчику, та дозволяє зібрати до 20 ігор Treasure Hunt.&lt;/p&gt;\n&lt;p&gt;Додатковий раунд обертань апарата Zulu Treasure запускається після закінчення фріспінів. Він також активує новий символ слот-автомата, що пришвидшує отримання шалених виплат без смс гравцями.&lt;/p&gt;\n</pre>', 1, '2022-04-21 15:52:54', '2022-04-21 15:52:54', 'game', 'game'),
(8, 'public', 'hand-of-gold', 'Hand Of Gold', 'http://127.0.0.1:5000/uploads/500628d16d588e2a-61e56891ccc0b.png', 'Short desc Hand Of Gold', 'H1 Hand Of Gold', 'Meta title Hand Of Gold', 'Description Hand Of Gold', 'Keywords Hand Of Gold', '<pre class=\"ql-syntax\" spellcheck=\"false\">&lt;p&gt;Незвичайний гральний автомат Hand Of Gold присвячений візиту до казкового королівства. На екрані зображені сходи, оточені величними кипарисами. Дизайн має елементи 3D-анімації. Персонажами слот-машини стали король та його чарівна дочка. Розробником стала компанія Playson. Реліз відбувся 19 квітня 2021 року. У емулятор можна грати безкоштовно, без реєстрації, без смс. Щоб запустити ігровий автомат Hand Of Gold, необхідно натиснути на кнопку «Демо» на панелі управління.&lt;/p&gt;\n&lt;h2&gt;Характеристики оригінального слота Золота Рука&lt;/h2&gt;\n&lt;p&gt;В унікальний слот Золота Рука закладена висока дисперсія. Теоретичне повернення — 95,17%. Накопичувального джекпоту немає, у разі успіху гравці отримують фіксовану виплату. До інших технічних характеристик належать:&lt;/p&gt;\n&lt;ul&gt;\n&lt;li&gt;обертові барабани — 6;&lt;/li&gt;\n&lt;li&gt;фіксовані лінії — 20;&lt;/li&gt;\n&lt;li&gt;ставка — від 0,20 до 100 фішок;&lt;/li&gt;\n&lt;li&gt;спеціальні символи є;&lt;/li&gt;\n&lt;li&gt;призові опції є;&lt;/li&gt;\n&lt;li&gt;подвоєння виграшу — опція відсутня;&lt;/li&gt;\n&lt;li&gt;автоматичний запуск є!&lt;/li&gt;\n&lt;/ul&gt;\n&lt;p&gt;Розробляючи онлайн апарат Золота Рука, автор софту впровадив технології html 5 і js. Завдяки цьому симулятор може запускатись на різних носіях. Він завантажується за секунди на комп\'ютерах, ноутбуках, планшетах, смартфонах. В останньому випадку рекомендується завантажити програму.&lt;/p&gt;\n&lt;h2&gt;Символіка грального автомата Золота Рука&lt;/h2&gt;\n&lt;p&gt;У гральному автоматі Золота Рука немає карткових позначень. Наймолодшими символами гамінатора стали самоцвіти зеленого, фіолетового, синього, блакитного кольору. Вони оплачуються із мультиплікаторами від х0,1 до х1. До тематичних зображень слот-автомата належать:&lt;/p&gt;\n&lt;ul&gt;\n&lt;li&gt;чаша;&lt;/li&gt;\n&lt;li&gt;скринька;&lt;/li&gt;\n&lt;li&gt;принцеса;&lt;/li&gt;\n&lt;li&gt;король!&lt;/li&gt;\n&lt;/ul&gt;\n&lt;p&gt;В апараті Hand Of Gold оплачуються комбінації, що починаються з першого барабана зліва. Вони включають від трьох до шести однакових картинок. Чим більше іконок, тим вищий розмір заохочення. Обов\'язкова вимога — безперервність. Послідовності можуть поділятися лише Вайлдами.&lt;/p&gt;\n&lt;h2&gt;Бонусні функції слота Hand Of Gold&lt;/h2&gt;\n&lt;p&gt;У незвичайному слоті Hand Of Gold є два спеціальні символи. Wild апарату виконано у вигляді золотої монети з відповідним англомовним написом. Він замінює програшні зображення та оплачується сам собою. Завдяки цьому шанси на здобуття виграшу збільшуються.&lt;/p&gt;\n&lt;p&gt;Другий спецзнак автомата Hand Of Gold — Bonus, роль якого виконує рубін. Нагороди за нього нараховуються без прив\'язки до ліній. Підраховуються із мультиплікаторами від х2 до х200. Спецзнак використовується для активації 10 безкоштовних обертань.&lt;/p&gt;\n&lt;p&gt;Є функція золотого дотику. Вона активується під час випадання зображення руки. Під час одного спина може випасти до шести таких символів. Один із них вибирається випадковим чином. Він перетворюється на Wild. Завдяки цьому збільшуються шанси на побудову прибуткового ланцюжка.&lt;/p&gt;\n</pre>', 1, '2022-04-21 15:52:54', '2022-04-21 15:52:54', 'game', 'game'),
(9, 'public', 'sphinx-fortune', 'Sphinx Fortune', 'http://127.0.0.1:5000/uploads/7a362f480fbf7476-61f82c758c71f.png', 'Short desc Sphinx Fortune', 'H1 Sphinx Fortune', 'Meta title Sphinx Fortune', 'Description Sphinx Fortune', 'Keywords Sphinx Fortune', '<pre class=\"ql-syntax\" spellcheck=\"false\">&lt;p&gt;Чергова варіація гри на тему Стародавнього Єгипту відтворена в ігровому автоматі Sphinx Fortune, створеному відомою компанією Booming Games у 2021 році. Щоби заволодіти казковими скарбами колишніх фараонів у слоті Удача Сфінкса гравцям пропонується 576 шляхів формування призових комбінацій. Незвичною є й механіка емулятора. П’ять барабанів, котрі щоразу обертаються, мають структуру 3-4-4-3 комірок. Символіка відеослота пов’язана з історичними персонажами та атрибутикою стародавніх часів. Тому максимальний виграш гравцеві приносять п’ять портретів легендарної цариці Клеопатри. Не обходиться тут і без інших, характерних для тієї епохи, атрибутів. Здобуттю максимальних виграшів у ігровому автоматі Sphinx Fortune сприяють додаткові множники, призові респіни, висхідні в розмірах Дикі символи та серії безплатних обертань.&lt;/p&gt;\n&lt;h2&gt;Роль дивовижних зображень у слоті Удача Сфінкса&lt;/h2&gt;\n&lt;p&gt;У слоті Удача Сфінкса є звичайні та спеціальні ігрові символи, котрі наділені додатковими можливостями. Поміж них трапляються такі знаки, як:&lt;/p&gt;\n&lt;ul&gt;\n&lt;li&gt;Wild, що має вигляд золотої статуї Фараона;&lt;/li&gt;\n&lt;li&gt;Scatter, котрий постає на барабанах у вигляді оздобленої золотом таблички з написом «Fee Spins»;&lt;/li&gt;\n&lt;li&gt;Bonus, котрим є зображення Піраміди;&lt;/li&gt;\n&lt;li&gt;звичайні базові символи, що мають вигляд стилізованих карткових номіналів, портрета цариці Єгипту, жуків-скарабеїв та інших культових зображень!&lt;/li&gt;\n&lt;/ul&gt;\n&lt;p&gt;Звичайні картинки приносять гравцеві грошові виграші, у тому разі, коли створюють призові комбінації. Вони оплачуються відповідно до Таблиці виплат, котра розміщена в інформаційному блоці емулятора. Статуя Фараона в апараті Удача Сфінкса виконує кілька функцій. По-перше, вона розтягнута на цілий барабан, здатна замінити будь-яку з базових картинок та збільшити множник виграшів від х1 до х4. Бонусний знак з’являється лише на першому та п’ятому барабанах і запускає цікавий бонусний раунд із трьох респінів. Скатер, як годиться, оплачується в розкид і дає старт серії призових фріспінів.&lt;/p&gt;\n&lt;h2&gt;Бонусні респіни в гральному автоматі Удача Сфінкса&lt;/h2&gt;\n&lt;p&gt;Після появи на екрані двох Пірамід на крайніх барабанах у гральному автоматі Удача Сфінкса активується бонусний раунд. Він відбувається на полі 3х4, де щоразу з’являються нові монети різної вартості. Монети мають властивість «залипати» на своїх місцях упродовж трьох призових респінів. Виграш у бонусній грі дорівнює сумі монет, що залишилися на полі після трьох обертань. Але після закінчення бонусних респінів у апараті Sphinx Fortune на гравця чекає ще й Колесо Фортуни. Запуск Колеса визначає множник кінцевого виграшу гравця на цьому етапі.&lt;/p&gt;\n&lt;h2&gt;Як у слоті Sphinx Fortune активувати фріспіни&lt;/h2&gt;\n&lt;p&gt;У слоті Sphinx Fortune не порушуються традиції щодо запуску призових фріспінів. Вісім безплатних обертань запускаються після появи на котушках 2, 3 і 4 картинок із відповідним написом. Особливістю цієї серії в автоматі Sphinx Fortune є цікава поведінка статуї Фараона. З кожною появою величного Вайлда на екрані зростає на 1 пункт множник виграшу, котрий не зменшується аж до кінця всієї серії.&lt;/p&gt;\n</pre>', 1, '2022-04-21 15:52:54', '2022-04-21 15:52:54', 'game', 'game'),
(10, 'public', 'crystal-mine', 'Crystal Mine', 'http://127.0.0.1:5000/uploads/4fa0f27fc256e2a4-61f82a6b5e607.png', 'Short desc Crystal Mine', 'H1 Crystal Mine', 'Meta title Crystal Mine', 'Description Crystal Mine', 'Keywords Crystal Mine', '<pre class=\"ql-syntax\" spellcheck=\"false\">&lt;p&gt;Для провайдера такого рангу, як студія Mancala, ігровий автомат Crystal Mine є чудовим витвором, котрий прикрашає лобі багатьох казино. Слот побачив світ улітку 2021 року, пропонуючи гравцям цікавий геймплей та бездоганну візуалізацію. Темою стимулятора стала важка праця гномів-шахтарів, котрі вдень і вночі копають коштовне каміння в глибоких копальнях. Ігрове поле слоту Кришталева Копальня сформоване п’ятьма барабанами з трьома рядами комірок. Для ставок встановлено 25 фіксованих ліній. Гравець має змогу зробити ставку на спін у діапазоні від 1€ до 90€. Максимальний виграш у слоті сягає 10500 ставок. RTP заявлено на рівні 95%. В ігровому автоматі Crystal Mine на гравця чекає Дикий символ, що допоможе дістати більше призів, захоплива бонусна гра та раунд безплатних спінів.&lt;/p&gt;\n&lt;h2&gt;Особливості символів ігрового автомата Кришталева Копальня&lt;/h2&gt;\n&lt;p&gt;Здобутки гравців у ігровому автоматі Кришталева Копальня залежать від того, які ігрові знаки та в якому місці з’являються на полі після чергового обертання барабанів. За своїми функціональними можливостями всі символи розподіляються за такими категоріями:&lt;/p&gt;\n&lt;ul&gt;\n&lt;li&gt;оплачувані картинки, до яких входять гноми-копачі та стилізовані під коштовності карткові номінали;&lt;/li&gt;\n&lt;li&gt;Дерев’яна Стрілка, котра з’являється на середній котушці і продовжує далі її обертання, формуючи кращу комбінацію;&lt;/li&gt;\n&lt;li&gt;знак Wild у вигляді купи каміння;&lt;/li&gt;\n&lt;li&gt;Гральні Кості, котрі виконують роль бонусного знака!&lt;/li&gt;\n&lt;/ul&gt;\n&lt;p&gt;Перша категорія зображень в апараті Crystal Mine приносить гравцеві грошові виграші за умови формування ними призових комбінацій, котрі оплачуються відповідно до Таблиці виплат. Інші картинки лише сприяють збільшенню призових оплат. Так, Wild заміняє всі базові картинки, котрих бракує для утворення виграшних ланцюжків. Три й більше картинок із зображенням костей активують захопливу гру в Кості.&lt;/p&gt;\n&lt;h2&gt;Бонусний раунд слоту Кришталева Копальня &lt;/h2&gt;\n&lt;p&gt;Призовий раунд у слоті Кришталева Копальня відбувається на лісовій галявині. Тут вночі на пеньку вирішується доля виграшу. Його розмір визначається кількістю бонусних знаків, що випали на ігровому полі. Якщо на котушках з’явилося 3 картинки з костями, гравець дістане до х35 розмірів загальної ставки, якщо знаків 4 — сума сягне х100, а за 5 бонусних символів на кону лежатиме сума в 1000 ставок! Гравець матиме в бонусному раунді апарату Кришталева Копальня всього 5 спроб, котрі й визначать розмір його виграшу.&lt;/p&gt;\n&lt;h2&gt;Як дістати фріспіни в слоті Crystal Mine&lt;/h2&gt;\n&lt;p&gt;Слот Crystal Mine цікавий ще й тим, що в ньому кількість подарункових фріспінів залежить від числа невдалих прокруток барабанів. Обертання, що не принесли гравцеві профіту, ретельно фіксуються за допомогою лічильника, котрий розміщений у горішній частині п’ятибарабанної конструкції. Відлік розпочинається з трьох промахів, а далі кількість фріспінів зростає майже в «експоненційній» формі. За 10 промахів поспіль користувач має змогу запустити 250 безплатних обертань! Кожен отриманий виграш обнуляє лічильник. На щастя, гравець в автоматі Crystal Mine сам вирішує, коли скористатися бонусними спінами, поки вони не згоріли. Фріспіни активуються кнопкою «Use».&lt;/p&gt;\n</pre>', 1, '2022-04-21 15:52:54', '2022-04-21 15:52:54', 'game', 'game');

-- --------------------------------------------------------

--
-- Структура таблицы `game_casino_relatives`
--

CREATE TABLE `game_casino_relatives` (
  `post_id` int(11) NOT NULL DEFAULT '0',
  `relative_id` int(11) NOT NULL DEFAULT '0'
) ENGINE=InnoDB DEFAULT CHARSET=utf8;

--
-- Дамп данных таблицы `game_casino_relatives`
--

INSERT INTO `game_casino_relatives` (`post_id`, `relative_id`) VALUES
(1, 1),
(2, 1),
(3, 1),
(4, 1),
(5, 1),
(8, 1),
(10, 1),
(1, 2),
(2, 2),
(3, 2),
(6, 2),
(7, 2),
(10, 2),
(2, 3),
(3, 3),
(4, 3),
(5, 3),
(6, 3),
(8, 3),
(10, 3),
(1, 4),
(3, 4),
(4, 4),
(7, 4),
(8, 4),
(10, 4),
(1, 5),
(3, 5),
(4, 5),
(5, 5),
(6, 5),
(8, 5),
(9, 5),
(10, 5),
(1, 6),
(2, 6),
(3, 6),
(7, 6),
(9, 6),
(5, 7),
(6, 7),
(8, 7),
(9, 7),
(1, 8),
(6, 8),
(9, 8),
(1, 9),
(5, 9),
(8, 9),
(10, 9),
(4, 10),
(5, 10),
(6, 10),
(8, 10);

-- --------------------------------------------------------

--
-- Структура таблицы `game_category`
--

CREATE TABLE `game_category` (
  `id` int(11) NOT NULL,
  `status` enum('public','hide','basket') DEFAULT 'public',
  `permalink` varchar(255) DEFAULT NULL,
  `title` varchar(255) DEFAULT NULL,
  `thumbnail` varchar(255) DEFAULT NULL,
  `short_desc` varchar(255) DEFAULT NULL,
  `h1` varchar(255) DEFAULT NULL,
  `meta_title` varchar(255) DEFAULT NULL,
  `description` varchar(255) DEFAULT NULL,
  `keywords` varchar(255) DEFAULT NULL,
  `content` text,
  `lang` int(11) DEFAULT '1',
  `updated_at` datetime DEFAULT CURRENT_TIMESTAMP,
  `created_at` datetime DEFAULT CURRENT_TIMESTAMP,
  `parent_id` int(11) DEFAULT '0',
  `post_type` varchar(255) DEFAULT 'game/category',
  `slug` varchar(255) DEFAULT 'games',
  `faq` text
) ENGINE=InnoDB DEFAULT CHARSET=utf8;

--
-- Дамп данных таблицы `game_category`
--

INSERT INTO `game_category` (`id`, `status`, `permalink`, `title`, `thumbnail`, `short_desc`, `h1`, `meta_title`, `description`, `keywords`, `content`, `lang`, `updated_at`, `created_at`, `parent_id`, `post_type`, `slug`, `faq`) VALUES
(1, 'public', 'slots', 'Слоты', 'Thumbnail category-0', 'Включать приглянувшийся слот бесплатно рекомендуется не только новичкам, но и продвинутым геймерам. Этот режим станет незаменимым во время ознакомления с новинками азартных развлечений, а также поможет основательнее подготовиться к платной игре', 'Слоты онлайн для любителей азарта', 'Слоты онлайн для любителей азарта', 'Слоты онлайн для любителей азарта', 'Слоты онлайн для любителей азарта', '<pre class=\"ql-syntax\" spellcheck=\"false\">&lt;div class=\"nav\"&gt;&lt;/div&gt;\n&lt;p&gt;Слоты онлайн — это отличная возможность приятно и прибыльно провести несколько часов свободного времени, играя со стационарного ПК или мобильного устройства. На официальном сайте sloto.top игроков ожидает огромный выбор подобных игр от проверенных производителей (NetEnt, Novomatic, Microgaming, Belatra, Casino Technology и другие).&lt;/p&gt;\n&lt;p&gt;В каждый отдельный слот клуб предлагает играть бесплатно или с денежными ставками. Предварительно нужно определиться с подходящим азартным развлечением. Узнайте, как выбирать слоты онлайн, учитывая множество критериев и попытавшись при этом получать щедрые выигрыши на счет.&lt;/p&gt;\n&lt;h2 id=\"heading_0\"&gt;Игровые слоты и их ассортимент&lt;/h2&gt;\n&lt;p&gt;Слоты &lt;a href=\"/\"&gt;игровые автоматы&lt;/a&gt; на slototop представлены огромным изобилием. Всего их насчитывается несколько сотен. Они могут отличаться между собой:&lt;/p&gt;\n&lt;ul&gt;\n	&lt;li&gt;функционалом;&lt;/li&gt;\n	&lt;li&gt;техническими характеристиками;&lt;/li&gt;\n	&lt;li&gt;правилами;&lt;/li&gt;\n	&lt;li&gt;панелью управления;&lt;/li&gt;\n	&lt;li&gt;коэффициентами выплат;&lt;/li&gt;\n	&lt;li&gt;тематической направленностью!&lt;/li&gt;\n&lt;/ul&gt;\n&lt;table&gt;\n&lt;thead&gt;\n&nbsp; &lt;tr&gt;\n&nbsp; &nbsp; &lt;th&gt;Бренд казино / Доменное имя&lt;/th&gt;\n&nbsp; &nbsp; &lt;th&gt;Владелец&lt;/th&gt;\n&nbsp; &nbsp; &lt;th&gt;Юридический адрес&lt;/th&gt;\n&nbsp; &nbsp; &lt;th&gt;Email для связи&lt;/th&gt;\n&nbsp; &lt;/tr&gt;\n&lt;/thead&gt;\n&lt;tbody&gt;\n&nbsp; &lt;tr&gt;\n&nbsp; &nbsp; &lt;td&gt;Космолот (cosmolot.ua)&lt;/td&gt;\n&nbsp; &nbsp; &lt;td&gt;Общество с ограниченной ответственностью Спейсикс, размер уставного капитала 30 000 000 гривен&lt;/td&gt;\n&nbsp; &nbsp; &lt;td&gt;Украина, 04112, г. Киев, ул. авиаконструктора Игоря Сикорского, дом 8, офис 5&lt;/td&gt;\n&nbsp; &nbsp; &lt;td&gt;spaceiks777@gmail.com&lt;/td&gt;\n&nbsp; &lt;/tr&gt;\n&nbsp; &lt;tr&gt;\n&nbsp; &nbsp; &lt;td&gt;СлотсСити (slotscity.ua)&lt;/td&gt;\n&nbsp; &nbsp; &lt;td&gt;Общество с ограниченной ответственностью Геймдев, размер уставного капитала 30 000 000 гривен&lt;/td&gt;\n&nbsp; &nbsp; &lt;td&gt;Украина, 01042, г. Киев, Новопечерский переулок, дом 18, офис 32&lt;/td&gt;\n&nbsp; &nbsp; &lt;td&gt;support@slotscity.ua&lt;/td&gt;\n&nbsp; &lt;/tr&gt;\n&nbsp; &lt;tr&gt;\n&nbsp; &nbsp; &lt;td&gt;ПариМатч (pm.ua)&lt;/td&gt;\n&nbsp; &nbsp; &lt;td&gt;Общество с ограниченной ответственностью Париматч, размер уставного капитала 60 000 000 гривен&lt;/td&gt;\n&nbsp; &nbsp; &lt;td&gt;Украина, 02140, г. Киев, Николая Бажана проспект, дом 14 А, офис 26&lt;/td&gt;\n&nbsp; &nbsp; &lt;td&gt;support@pm.ua&lt;/td&gt;\n&nbsp; &lt;/tr&gt;\n&nbsp; &lt;tr&gt;\n&nbsp; &nbsp; &lt;td&gt;Ферст Казино (first.ua)&lt;/td&gt;\n&nbsp; &nbsp; &lt;td&gt;Общество с ограниченной ответственностью Фьорст Элемент, размер уставного капитала 30 000 000 гривен&lt;/td&gt;\n&nbsp; &nbsp; &lt;td&gt;Украина, 03110 г. Киев, ул. Соломенская, дом 3, офис 6&lt;/td&gt;\n&nbsp; &nbsp; &lt;td&gt;support@first.ua&lt;/td&gt;\n&nbsp; &lt;/tr&gt;\n&nbsp; &lt;tr&gt;\n&nbsp; &nbsp; &lt;td&gt;Фавбет (favbet.ua)&lt;/td&gt;\n&nbsp; &nbsp; &lt;td&gt;Общество с ограниченной ответственностью Букмекерская контора Фавбет, размер уставного капитала 31 000 000 гривен&lt;/td&gt;\n&nbsp; &nbsp; &lt;td&gt;Украина, 04205, г. Киев, ул. Маршала Тимошенко, дом 21, корпус 3&lt;/td&gt;\n&nbsp; &nbsp; &lt;td&gt;favbc@ukr.net&lt;/td&gt;\n&nbsp; &lt;/tr&gt;\n&nbsp; &lt;tr&gt;\n&nbsp; &nbsp; &lt;td&gt;Вулкан казино (vulkancasino.ua)&lt;/td&gt;\n&nbsp; &nbsp; &lt;td&gt;Общество с ограниченной ответственностью Конкуэрор, размер уставного капитала 31 000 000 гривен&lt;/td&gt;\n&nbsp; &nbsp; &lt;td&gt;Украина, 03134, г. Киев, ул. Трублаини, дом 2 А, офис 305&lt;/td&gt;\n&nbsp; &nbsp; &lt;td&gt;support@vulkancasino.ua&lt;/td&gt;\n&nbsp; &lt;/tr&gt;\n&nbsp; &lt;tr&gt;\n&nbsp; &nbsp; &lt;td&gt;Пин-Ап (pin-up.ua)&lt;/td&gt;\n&nbsp; &nbsp; &lt;td&gt;Общество с ограниченной ответственностью УкрГеймТехнолоджи, размер уставного капитала 30 000 000 гривен&lt;/td&gt;\n&nbsp; &nbsp; &lt;td&gt;Украина, 01021, г. Киев, ул. Кловский спуск, дом 7&lt;/td&gt;\n&nbsp; &nbsp; &lt;td&gt;office@ugame.com.ua&lt;/td&gt;\n&nbsp; &lt;/tr&gt;\n&nbsp; &lt;tr&gt;\n&nbsp; &nbsp; &lt;td&gt;Слотокинг (slotoking.ua)&lt;/td&gt;\n&nbsp; &nbsp; &lt;td&gt;Общество с ограниченной ответственностью Слотс Ю.Эй., размер уставного капитала 31 000 000 гривен&lt;/td&gt;\n&nbsp; &nbsp; &lt;td&gt;Украина, 03150, г. Киев, ул. Деловая, дом 6&lt;/td&gt;\n&nbsp; &nbsp; &lt;td&gt;info.slots.ua@gmail.com&lt;/td&gt;\n&nbsp; &lt;/tr&gt;\n&nbsp; &lt;tr&gt;\n&nbsp; &nbsp; &lt;td&gt;Золотой Кубок (goldcup.ua)&lt;/td&gt;\n&nbsp; &nbsp; &lt;td&gt;Общество с ограниченной ответственностью Альфагейм, размер уставного капитала 30 090 000 гривен&lt;/td&gt;\n&nbsp; &nbsp; &lt;td&gt;Украина, 02141, г. Киев, ул. Ларисы Руденко, дом 6А, комната 69&lt;/td&gt;\n&nbsp; &nbsp; &lt;td&gt;alphagame@ukr.net&lt;/td&gt;\n&nbsp; &lt;/tr&gt;\n&nbsp; &lt;tr&gt;\n&nbsp; &nbsp; &lt;td&gt;Джокер (joker.ua)&lt;/td&gt;\n&nbsp; &nbsp; &lt;td&gt;Общество с ограниченной ответственностью Джокер.ЮА, размер уставного капитала 30 000 000 гривен&lt;/td&gt;\n&nbsp; &nbsp; &lt;td&gt;Украина, 01034, г. Киев, ул. Бориса Гринченко, дом 9, офис 503&lt;/td&gt;\n&nbsp; &nbsp; &lt;td&gt;general@joker.ua&lt;/td&gt;\n&nbsp; &lt;/tr&gt;\n&nbsp; &lt;tr&gt;\n&nbsp; &nbsp; &lt;td&gt;Вбет (vbet.ua)&lt;/td&gt;\n&nbsp; &nbsp; &lt;td&gt;Общество с ограниченной ответственностью Вбет Украина, размер уставного капитала 35 000 000 гривен&lt;/td&gt;\n&nbsp; &nbsp; &lt;td&gt;Украина, 04053, г. Киев, ул. Обсерваторная, дом 8, помещение 10&lt;/td&gt;\n&nbsp; &nbsp; &lt;td&gt;vbetua@gmail.com&lt;/td&gt;\n&nbsp; &lt;/tr&gt;\n&lt;/tbody&gt;\n&lt;/table&gt;\n&lt;p&gt;Особое внимание во время выбора следует обратить на технические характеристики слот автоматов. Именно от них будет зависеть получение геймером солидных денежных выигрышей. лучше всего, если производителем будут предусмотрены специальные символы с расширенными возможностями, бонусные раунды, риск-игра по равным шансам, дополнительные множители, призовые игры. благодаря этому набору параметров выплаты будут гораздо чаще поступать на счет.&lt;/p&gt;\n&lt;h2 id=\"heading_1\"&gt;Как запускать слот бесплатно&lt;/h2&gt;\n&lt;p&gt;Включать приглянувшийся слот бесплатно рекомендуется не только новичкам, но и продвинутым геймерам. Этот режим станет незаменимым во время ознакомления с новинками азартных развлечений, а также поможет основательнее подготовиться к платной игре. Запуская слоты без регистрации, игрок сможет поэкспериментировать с разными лимитами ставок, изучить ассортимент игр от различных производителей, ознакомиться с их стилем, а также обратить внимание на важные детали.&lt;/p&gt;\n&lt;p&gt;Бесплатная игра не лимитирована по времени и не требует финансовых вложений, поэтому игроку не придется тратить собственные денежные средства во время выставления ставок. После тестового режима уже стоит играть на реальные деньги, ведь грамотное наполнение и продуманные опции сулят желанные призы для геймеров.&lt;/p&gt;\n&lt;h2 id=\"heading_2\"&gt;Официальные слоты и их производители&lt;/h2&gt;\n&lt;p&gt;После перехода на сайт слот можно выбрать любого производителя и с различным техническим наполнением. Лучше всего отдавать предпочтение играм от известных провайдеров. Это могут быть такие компании-производители как:&lt;/p&gt;\n&lt;ul&gt;\n	&lt;li&gt;EGT (Rise Of Ra, Age Of Troy, Wolf Run);&lt;/li&gt;\n	&lt;li&gt;NetEnt (Stickers. Gonzo’s Quest);&lt;/li&gt;\n	&lt;li&gt;Novomatic (Dolphin’s Pearl, Diamond 7, Pharaon’s Ring);&lt;/li&gt;\n	&lt;li&gt;Betsoft (Frankenslot’s Monster, Gold Diggers)!&lt;/li&gt;\n&lt;/ul&gt;\n&lt;p&gt;Очень много аппаратов представлено и от других не менее известных производителей — Endorphina, Amatic, Playson, Casino Technology, Quickspin. Каждый из этих разработчиков постоянно работает над усовершенствованием своих онлайн-игр, дополняя и х уникальными опциями, призовыми функциями, Бонусными символами с расширенными возможностями.&lt;/p&gt;\n&lt;p&gt;Порадует искусного ценителя гэмблинга и разнообразие тематик с сюжетными линиями. Наибольшей популярностью пользуются разработки на пиратскую, фруктовую, спортивную, приключенческую, историческую, фантастическую тематики. Например, начав играть в Крейзи Манки слот в казино, удастся виртуально познакомиться с главной героиней — забавной обезьянкой, которая живет в диких джунглях и одним только забавным внешним видом способна поднимать настроение гэмблеру.&lt;/p&gt;\n&lt;p&gt;Сотрудники Playtech разработали целую серию автоматов, посвященных комиксам. В них очень реалистичное графические оформление и достаточное количество призовых опций, поэтому выиграть с их помощью сможет каждый. При необходимости с помощью удобной навигационной системы сайта можно отсортировать интересующие азартные разработки по нескольких критериям — по популярности, по производителю, по волатильности, новизне или в алфавитном порядке. Также предлагается отыскать интересующий автомат по его названию.&lt;/p&gt;\n&lt;p&gt;В век инновационных технологий, когда технический прогресс идет семимильными шагами, сыграть геймеру предлагается не только со стационарного ПК в пределах собственного дома, но и в любом другом месте, используя при этом свой мобильный гаджет. Для этого можно скачать слоты на телефон, планшет или смартфон с ОС Android или IOS и больше не быть привязанным к определенному месту.&lt;/p&gt;\n&lt;p&gt;Онлайн-игры с портативных девайсов гораздо быстрее грузятся, не подвисают и корректно работают. Само скачивание происходит совершенно бесплатно. Более того, на экране не всплывают рекламные баннеры и другие уведомления, благодаря чему можно полностью сконцентрироваться на игровом процессе и не отвлекаться на посторонние мелочи. Выбирайте подходящий слот и играйте в свое удовольствие без каких-либо ограничений.&lt;/p&gt;\n</pre>', 1, '2022-04-21 15:52:45', '2022-04-21 15:52:45', 0, 'game/category', 'games', '[{\"value_1\":\"✅ Принимает ли Slotoking игроков из Украины?\",\"value_2\":\"Да, принимает. Slotoking одно из первых украинских казино. Кроме игроков их Украины, здесь могут играть жители Европы и Азии.\"}]'),
(2, 'public', 'category-1', 'Title category-1', 'Thumbnail category-1', 'Short desc category-1', 'H1 category-1', 'Meta title category-1', 'Description category-1', 'Keywords category-1', 'Content category-1', 1, '2022-04-21 15:52:45', '2022-04-21 15:52:45', 0, 'game/category', 'games', '[{\"value_1\":\"✅ Принимает ли Slotoking игроков из Украины?\",\"value_2\":\"Да, принимает. Slotoking одно из первых украинских казино. Кроме игроков их Украины, здесь могут играть жители Европы и Азии.\"}]'),
(3, 'public', 'category-2', 'Title category-2', 'Thumbnail category-2', 'Short desc category-2', 'H1 category-2', 'Meta title category-2', 'Description category-2', 'Keywords category-2', 'Content category-2', 1, '2022-04-21 15:52:45', '2022-04-21 15:52:45', 0, 'game/category', 'games', '[{\"value_1\":\"✅ Принимает ли Slotoking игроков из Украины?\",\"value_2\":\"Да, принимает. Slotoking одно из первых украинских казино. Кроме игроков их Украины, здесь могут играть жители Европы и Азии.\"}]'),
(4, 'public', 'category-3', 'Title category-3', 'Thumbnail category-3', 'Short desc category-3', 'H1 category-3', 'Meta title category-3', 'Description category-3', 'Keywords category-3', 'Content category-3', 1, '2022-04-21 15:52:45', '2022-04-21 15:52:45', 0, 'game/category', 'games', '[{\"value_1\":\"✅ Принимает ли Slotoking игроков из Украины?\",\"value_2\":\"Да, принимает. Slotoking одно из первых украинских казино. Кроме игроков их Украины, здесь могут играть жители Европы и Азии.\"}]'),
(5, 'public', 'category-4', 'Title category-4', 'Thumbnail category-4', 'Short desc category-4', 'H1 category-4', 'Meta title category-4', 'Description category-4', 'Keywords category-4', 'Content category-4', 1, '2022-04-21 15:52:45', '2022-04-21 15:52:45', 0, 'game/category', 'games', '[{\"value_1\":\"✅ Принимает ли Slotoking игроков из Украины?\",\"value_2\":\"Да, принимает. Slotoking одно из первых украинских казино. Кроме игроков их Украины, здесь могут играть жители Европы и Азии.\"}]'),
(6, 'public', 'category-5', 'Title category-5', 'Thumbnail category-5', 'Short desc category-5', 'H1 category-5', 'Meta title category-5', 'Description category-5', 'Keywords category-5', 'Content category-5', 1, '2022-04-21 15:52:45', '2022-04-21 15:52:45', 0, 'game/category', 'games', '[{\"value_1\":\"✅ Принимает ли Slotoking игроков из Украины?\",\"value_2\":\"Да, принимает. Slotoking одно из первых украинских казино. Кроме игроков их Украины, здесь могут играть жители Европы и Азии.\"}]'),
(7, 'public', 'category-6', 'Title category-6', 'Thumbnail category-6', 'Short desc category-6', 'H1 category-6', 'Meta title category-6', 'Description category-6', 'Keywords category-6', 'Content category-6', 1, '2022-04-21 15:52:45', '2022-04-21 15:52:45', 0, 'game/category', 'games', '[{\"value_1\":\"✅ Принимает ли Slotoking игроков из Украины?\",\"value_2\":\"Да, принимает. Slotoking одно из первых украинских казино. Кроме игроков их Украины, здесь могут играть жители Европы и Азии.\"}]'),
(8, 'public', 'category-7', 'Title category-7', 'Thumbnail category-7', 'Short desc category-7', 'H1 category-7', 'Meta title category-7', 'Description category-7', 'Keywords category-7', 'Content category-7', 1, '2022-04-21 15:52:45', '2022-04-21 15:52:45', 0, 'game/category', 'games', '[{\"value_1\":\"✅ Принимает ли Slotoking игроков из Украины?\",\"value_2\":\"Да, принимает. Slotoking одно из первых украинских казино. Кроме игроков их Украины, здесь могут играть жители Европы и Азии.\"}]'),
(9, 'public', 'category-8', 'Title category-8', 'Thumbnail category-8', 'Short desc category-8', 'H1 category-8', 'Meta title category-8', 'Description category-8', 'Keywords category-8', 'Content category-8', 1, '2022-04-21 15:52:45', '2022-04-21 15:52:45', 0, 'game/category', 'games', '[{\"value_1\":\"✅ Принимает ли Slotoking игроков из Украины?\",\"value_2\":\"Да, принимает. Slotoking одно из первых украинских казино. Кроме игроков их Украины, здесь могут играть жители Европы и Азии.\"}]'),
(10, 'public', 'category-9', 'Title category-9', 'Thumbnail category-9', 'Short desc category-9', 'H1 category-9', 'Meta title category-9', 'Description category-9', 'Keywords category-9', 'Content category-9', 1, '2022-04-21 15:52:45', '2022-04-21 15:52:45', 0, 'game/category', 'games', '[{\"value_1\":\"✅ Принимает ли Slotoking игроков из Украины?\",\"value_2\":\"Да, принимает. Slotoking одно из первых украинских казино. Кроме игроков их Украины, здесь могут играть жители Европы и Азии.\"}]');

-- --------------------------------------------------------

--
-- Структура таблицы `game_category_relatives`
--

CREATE TABLE `game_category_relatives` (
  `post_id` int(11) NOT NULL DEFAULT '0',
  `relative_id` int(11) NOT NULL DEFAULT '0'
) ENGINE=InnoDB DEFAULT CHARSET=utf8;

--
-- Дамп данных таблицы `game_category_relatives`
--

INSERT INTO `game_category_relatives` (`post_id`, `relative_id`) VALUES
(1, 1),
(2, 1),
(3, 1),
(4, 1);

-- --------------------------------------------------------

--
-- Структура таблицы `game_meta`
--

CREATE TABLE `game_meta` (
  `iframe` text,
  `rating` int(11) DEFAULT '0',
  `details` text,
  `characters` text,
  `galery` text,
  `rtp` varchar(255) NOT NULL,
  `volatility` varchar(255) NOT NULL,
  `min_rate` varchar(255) NOT NULL,
  `post_id` int(11) DEFAULT NULL
) ENGINE=InnoDB DEFAULT CHARSET=utf8;

--
-- Дамп данных таблицы `game_meta`
--

INSERT INTO `game_meta` (`iframe`, `rating`, `details`, `characters`, `galery`, `rtp`, `volatility`, `min_rate`, `post_id`) VALUES
('', 93, '[{\"value_1\":\"Name\",\"value_2\":\"Book of Ra\"},{\"value_1\":\"Фріспіни\",\"value_2\":\"Немає\"},{\"value_1\":\"Scatters\",\"value_2\":\"Немає\"}]', '[]', '[{\"src\":\"http://127.0.0.1:5000/uploads/aaedac67f92f6383-4screenshot-candy-dreams-slot-by-microgaming-61f5f4b531743.png\",\"value_1\":\"\",\"value_2\":\"\"},{\"src\":\"http://127.0.0.1:5000/uploads/4d90bf5c792f717c-5screenshot-candy-dreams-slot-by-microgaming-61f5f4bbea404.png\",\"value_1\":\"\",\"value_2\":\"\"},{\"src\":\"http://127.0.0.1:5000/uploads/e70d9f65fb135857-6screenshot-candy-dreams-slot-by-microgaming-61f5f4bf51658.png\",\"value_1\":\"\",\"value_2\":\"\"}]', ' 97%', 'high', '100', 1),
('', 91, '[]', '[]', '[]', '92%', 'medium', '0.6', 2),
('', 94, '[]', '[]', '[]', '98%', 'low', ' 100', 3),
('', 90, '[]', '[]', '[]', '96.24%', 'medium', '60', 4),
('', 96, '[]', '[]', '[]', '96.18%', 'medium', ' N/A', 5),
('', 92, '[]', '[]', '[]', ' 96.6%', 'medium', '0.15', 6),
('', 95, '[]', '[]', '[]', '94.76%', 'medium', '60', 7),
('', 81, '[]', '[]', '[]', '95.17%', 'low', '0.2', 8),
('', 95, '[]', '[]', '[]', '95.32%', 'medium', '0.1', 9),
('', 96, '[]', '[]', '[]', '95%', 'high', '1', 10);

-- --------------------------------------------------------

--
-- Структура таблицы `game_vendor_relatives`
--

CREATE TABLE `game_vendor_relatives` (
  `post_id` int(11) NOT NULL DEFAULT '0',
  `relative_id` int(11) NOT NULL DEFAULT '0'
) ENGINE=InnoDB DEFAULT CHARSET=utf8;

--
-- Дамп данных таблицы `game_vendor_relatives`
--

INSERT INTO `game_vendor_relatives` (`post_id`, `relative_id`) VALUES
(1, 2),
(5, 2),
(2, 3),
(3, 4),
(9, 4),
(4, 6),
(7, 6),
(10, 6),
(6, 8),
(8, 9);

-- --------------------------------------------------------

--
-- Структура таблицы `licenses`
--

CREATE TABLE `licenses` (
  `id` int(11) NOT NULL,
  `status` enum('public','hide','basket') DEFAULT 'public',
  `permalink` varchar(255) DEFAULT NULL,
  `title` varchar(255) DEFAULT NULL,
  `thumbnail` varchar(255) DEFAULT NULL,
  `short_desc` varchar(255) DEFAULT NULL,
  `h1` varchar(255) DEFAULT NULL,
  `meta_title` varchar(255) DEFAULT NULL,
  `description` varchar(255) DEFAULT NULL,
  `keywords` varchar(255) DEFAULT NULL,
  `content` text,
  `lang` int(11) DEFAULT '1',
  `updated_at` datetime DEFAULT CURRENT_TIMESTAMP,
  `created_at` datetime DEFAULT CURRENT_TIMESTAMP,
  `post_type` varchar(255) DEFAULT 'license',
  `slug` varchar(255) DEFAULT 'license'
) ENGINE=InnoDB DEFAULT CHARSET=utf8;

--
-- Дамп данных таблицы `licenses`
--

INSERT INTO `licenses` (`id`, `status`, `permalink`, `title`, `thumbnail`, `short_desc`, `h1`, `meta_title`, `description`, `keywords`, `content`, `lang`, `updated_at`, `created_at`, `post_type`, `slug`) VALUES
(1, 'public', 'niderlandy', 'Kansspelautoriteit (KSA)', 'http://127.0.0.1:5000/uploads/55c6de950064fa6c-o750_400_optim_m_b65351a28632a3dbf68de716058a92f9.jpg', 'Игорная лицензия Нидерландов', 'Игорная лицензия Нидерландов', 'Meta title Kansspelautoriteit (KSA)', 'Description Kansspelautoriteit (KSA)', 'Keywords Kansspelautoriteit (KSA)', '<pre class=\"ql-syntax\" spellcheck=\"false\">&lt;div class=\"nav\"&gt;&lt;/div&gt;\n&lt;p&gt;Выделяя лучшие онлайн казино 2022, гэмблеры называют востребованные игровые платформы, получившие высокий рейтинг и заработавшие отличную репутацию. Список топовых азартных залов возглавляют онлайн клубы с шикарным выбором развлечений, простой и прибыльной бонусной программой, оперативной службой поддержки. В результате лучшие казино активно увеличивают аудиторию. Отзывы о популярных залах опубликованы на тематических форумах и профильных ресурсах. Ориентироваться в огромном разнообразии игровых клубов помогают специализированные порталы. Изучая обзоры и просматривая отзывы, легко выбирать лучшие онлайн казино 2022, отдавая предпочтение исключительно заслуживающим внимания платформам.&lt;/p&gt;\n&lt;h2 id=\"heading_0\"&gt;Рейтинг онлайн казино в Украине на деньги&lt;/h2&gt;\n&lt;p&gt;Топ позиции в списке лучших получают наиболее надежные и популярные интернет клубы. Рейтинг онлайн казино составляется на основании ряда ключевых критериев. Одним из главных правил при выборе надежного портала для гэмблеров выступает высокий уровень безопасности платных спинов. Ведущие игровые платформы используют для обеспечения конфиденциальности и сохранности информации двойные протоколы шифрования. Позиции азартного зала в списке лучших определяют и такие факторы:&lt;/p&gt;\n&lt;ul&gt;\n&lt;li&gt;получение лицензии;&lt;/li&gt;\n&lt;li&gt;возможность выбора из нескольких платежных систем;&lt;/li&gt;\n&lt;li&gt;выгодные предложения программы лояльности;&lt;/li&gt;\n&lt;li&gt;игровые автоматы с разным функционалом и тематиками;&lt;/li&gt;\n&lt;li&gt;оперативный вывод выигрышей;&lt;/li&gt;\n&lt;li&gt;квалифицированная и оперативная работа саппорта!&lt;/li&gt;\n&lt;/ul&gt;\n&lt;p&gt;Попадающие в топ списка залы регулярно получают положительные оценки клиентов и приятные отзывы. Жалобы игроков и негативные комментарии приводят к снижению рейтинга казино. Важно понимать, что определенная доля критики для интернет клуба вполне приемлема и определяется личным отношением гэмблеров, как правило, новичков. Залы с хорошей репутацией даже при нескольких негативных публикациях сохраняют позиции в топе лучших игровых порталов.&lt;/p&gt;\n&lt;p&gt;Чтобы начать играть в онлайн казино, достаточно выбрать надежное заведение. Вошедшие в топ списки интернет клубы предлагают огромный набор азартных развлечений, комфортный сервис и выгодные бонусы. Шанс сорвать банк при сравнительно небольших вложениях существует в каждом спине. Онлайн порталы работают в режиме 24/7, позволяя запускать азартные игры в любое время.&lt;/p&gt;\n&lt;blockquote&gt;&lt;p&gt;Избежать лишних трат новичкам поможет простая схема: внести минимальный депозит, получить бонус и постараться его отыграть.&lt;/p&gt;&lt;/blockquote&gt;\n&lt;p&gt;Клиенты, готовые играть в онлайн казино на реальные деньги, обязательно обращают внимание на предлагаемый интернет клубом ассортимент азартных аппаратов. В надежных клубах с хорошей репутацией представлены оригинальные игровые автоматы. Компании работают с официальными поставщиками лицензионного оборудования. Установка на площадке скриптовых автоматов — повод исключить развлекательную платформу из списка лучших заведений.&lt;/p&gt;\n&lt;h2 id=\"heading_1\"&gt;Что нужно знать про рейтинг честных онлайн казино&lt;/h2&gt;\n&lt;p&gt;Получить место в топе могут только, действительно, надежные азартные платформы. Рейтинг честных онлайн казино составляется с учетом предлагаемых порталом условий и отзывов активных пользователей. Заведения с сомнительной репутацией в список не попадают. Отличительными особенностями надежного онлайн казино выступают:&lt;/p&gt;\n&lt;ul&gt;\n&lt;li&gt;получение официальной лицензии Украины;&lt;/li&gt;\n&lt;li&gt;свободный доступ к данным о регистрации, юридическом адресе, лицензии;&lt;/li&gt;\n&lt;li&gt;оперативная верификация пользователей;&lt;/li&gt;\n&lt;li&gt;простая форма регистрации аккаунта;&lt;/li&gt;\n&lt;li&gt;разнообразие лицензионных игровых автоматов в лобби;&lt;/li&gt;\n&lt;li&gt;сотрудничество с надежными платежными операторами;&lt;/li&gt;\n&lt;li&gt;прозрачные условия финансовых расчетов и оперативный вывод;&lt;/li&gt;\n&lt;li&gt;круглосуточный квалифицированный саппорт;&lt;/li&gt;\n&lt;li&gt;продуманная программа лояльности!&lt;/li&gt;\n&lt;/ul&gt;\n&lt;p&gt;Попасть в рейтинг топ казино могут исключительно заведения с хорошей репутацией. Интересный дизайн и броская реклама не влияют на позиции портала в списке лучших. Оригинальное оформление обеспечивает дополнительный рост аудитории. Если же другие критерии не позволяют отнести азартный зал к честным онлайн казино, заведение не получит место в топе.&lt;/p&gt;\n&lt;blockquote&gt;&lt;p&gt;В ТОП избранных попадают казино с хорошим имиджем, благоприятной финансовой историей, большим опытом, отличными отзывами и наличием лицензии.&lt;/p&gt;&lt;/blockquote&gt;\n&lt;p&gt;Автоматы казино успели стать любимыми развлечениями миллионов. Клиенты интернет клубов запускают азартные игры онлайн в любое время, заряжаясь адреналиновыми эмоциями и регулярно получая выплаты. Пользователям предлагается возможность выбора демо или перехода в платный режим. Решение играть на реальные деньги часто принимается после серии спинов в демонстрационной версии слотов. Формат не требует пополнения счета или регистрации. Запускать игровые автоматы бесплатно может каждый. Демо позволяет убедиться в корректности работы азартного софта, правильности образования комбинаций и подобрать стратегию, которая позволит регулярно добиваться успеха. Переходить к платным спинам стоит только в честных лицензионных залах.&lt;/p&gt;\n&lt;h2 id=\"heading_2\"&gt;ТОП 10 казино онлайн 2022 — лучшие игровые клубы&lt;/h2&gt;\n&lt;p&gt;В рейтинговый список входят исключительно надежные клубы. Хорошая репутация порталов и качество предлагаемых сервисов подтверждаются многочисленными отзывами игроков. В ТОП 10 казино онлайн 2022 года Украины вошли платформы, работающие на основе лицензий авторитетных регуляторов. В надежности клубов из первой десятки позволяют убедиться и предлагаемые бонусные акции, регулярно стартующие турниры. Переходя на официальный сайт казино онлайн играют как используя средства депозита, так и запуская демо. Адаптированные под компактные гаджеты ресурсы качественно работают и в мобильной версии.&lt;/p&gt;\n&lt;table&gt;\n	&lt;tbody&gt;\n		&lt;tr&gt;\n			&lt;th&gt;Название казино&lt;/th&gt;\n			&lt;th&gt;Тип бонуса&lt;/th&gt;\n			&lt;th&gt;Типы игр&lt;/th&gt;\n			&lt;th&gt;Провайдеры&lt;/th&gt;\n		&lt;/tr&gt;\n		&lt;tr&gt;\n			&lt;td&gt;Slotoking&lt;/td&gt;\n			&lt;td&gt;Приветственный пакет, фриспины&lt;/td&gt;\n			&lt;td&gt;Слоты, лотерея, Рулетка&lt;/td&gt;\n			&lt;td&gt;Netgame, Igrosoft, Elk Studios, Novobet, QuickSpin, Thunderkick, Pragmatic, Yggdrasil, Spinomenal и другие&lt;/td&gt;\n		&lt;/tr&gt;\n		&lt;tr&gt;\n			&lt;td&gt;Vulkan&lt;/td&gt;\n			&lt;td&gt;Приветственный пакет, программа лояльности,&lt;/td&gt;\n			&lt;td&gt;Слоты&lt;/td&gt;\n			&lt;td&gt;1x2 Gaming, August Gaming, BB Games, Blueprint Gaming, Dragoon Soft, ELK, Evoplay, Fantasma Games, GameArt, Gamefish Global, Hacksaw Gaming и другие&lt;/td&gt;\n		&lt;/tr&gt;\n		&lt;tr&gt;\n			&lt;td&gt;Cosmolot &lt;/td&gt;\n			&lt;td&gt;Приветственный пакет, кэшбек&lt;/td&gt;\n			&lt;td&gt;Слоты&lt;/td&gt;\n			&lt;td&gt;Novomatic, Playson, Habanero, Microgaming, Yggdrasil, BetSoft, Playtech, Endorphina, Igrosoft и другие&lt;/td&gt;\n		&lt;/tr&gt;\n		&lt;tr&gt;\n			&lt;td&gt;SlotsCity&lt;/td&gt;\n			&lt;td&gt;Бонус на депозит&lt;/td&gt;\n			&lt;td&gt;Слоты&lt;/td&gt;\n			&lt;td&gt;Playson, NetEnt, Habanero, Microgaming, Spinomenal, BetSoft, Thunderkick, Igrosoft, Quickspin, Fugaso и другие&lt;/td&gt;\n		&lt;/tr&gt;\n		&lt;tr&gt;\n			&lt;td&gt;Gold Cup&lt;/td&gt;\n			&lt;td&gt;Приветственный пакет&lt;/td&gt;\n			&lt;td&gt;Слоты, лотерея&lt;/td&gt;\n			&lt;td&gt;Igrosoft&lt;/td&gt;\n		&lt;/tr&gt;\n	&lt;/tbody&gt;\n&lt;/table&gt;\n&lt;p&gt;Удобный интерфейс и продуманное меню позволяют быстро переходить в нужные разделы. Качественная навигация и стильный дизайн — базовые правила комфортного гэмблинга. На главной странице расположена вся важная информация. Рекламные баннеры презентуют самые интересные акции и турниры. На главной странице интернет казино размещается и список наиболее популярных слотов. Планируя запускать азартные игры онлайн, стоит обратить внимание на этот раздел. На сайте обязательно отмечаются варианты связи со специалистами саппорта.&lt;/p&gt;\n&lt;p&gt;Просматривая рейтинг игровых клубов, можно быть точно уверенным, что каждый портал из списка лучших азартных залов Украины сотрудничает с проверенными производителями слотов. На официальном сайте надежных казино размещаются только лицензионные игровые автоматы с гарантией честного вывода. Коллекция залов регулярно пополняется интересными новинками. Наличие достойных внимания популярных игровых автоматов — еще один параметр, определяющий рейтинг онлайн казино.&lt;/p&gt;\n&lt;p&gt;Предлагаемые лучшими залами видеослоты отличаются разнообразием сюжетов и тематик. Релизы привлекают красочным исполнением, яркой графикой и интересными анимациями. Тайтлы качественно работают как при использовании стационарных компьютеров, так и телефонов на Android и iOS. Реализация администрацией зала качественного скачиваемого приложения или автоматически запускаемой мобильной версии повышает шансы интернет клуба на внесение в рейтинг онлайн казино. Быстрый доступ к азартным развлечениям обеспечивает максимально комфортный гэмблинг и возможность выигрывать всегда и везде.&lt;/p&gt;\n&lt;p&gt;Важным моментом попадания в топ выступает и оперативность работы саппорта. Специалисты технической поддержки в надежных залах работают в круглосуточном режиме. Сотрудники готовы быстро предоставлять оперативные варианты решения возникающих сложностей и консультировать по интересующим пользователей вопросам.\n&lt;/p&gt;\n&lt;h2 id=\"heading_3\"&gt;Надежные казино с украинской лицензией — КРАИЛ&lt;/h2&gt;\n&lt;p&gt;Благодаря легализации гэмблинга на территории Украины отношение к азартным развлечениям кардинально изменилось. Принятие соответствующих законов позволило открывать казино с украинской лицензией как в формате наземных залов, так и в виде интернет клубов. Ориентироваться в предложениях многочисленных операторов помогают обзоры порталов, получивших разрешение на ведение легальной деятельности. Официальные ресурсы в глобальной сети и оффлайновые наземные клубы открывают такие известные бренды как Космолот, Slot Sity, First Casino.&lt;/p&gt;\n&lt;p&gt;Разрешения на открытие легальных игровых залов выдает Комиссия КРАИЛ. Процедура получения лицензии на игорный бизнес в Украине предполагает предоставление регулятору полного пакета документации. Одно из условий работы казино в законодательном поле — прозрачность ведения бизнеса, уплата налогов и выплата предусмотренной в лицензионных документах суммы для получения разрешения.&lt;/p&gt;\n&lt;p&gt;Серьезность подхода к выдаче документации гарантирует, что украинская лицензия онлайн казино и наземных залов — залог безопасного и увлекательного гэмблинга. Клиентам предоставляется исключительно оригинальное оборудование популярных производителей. Бонусные программы предполагают полностью прозрачные условия начисления и использования игровой валюты.&lt;/p&gt;\n&lt;p&gt;Выдаваемое в Украине разрешение или лицензия на проведение азартных игр — государственный документ, гарантирующий клиентам залов безопасность развлечений при выборе ставок в реальных деньгах. Получение разрешения на работу стоит для компаний 23,4 миллиона гривен в год. Выплачивающие в бюджет настолько крупные суммы операторы демонстрируют готовность к длительной работе в индустрии. В работающих полностью легально онлайн клубах финансовые расчеты с клиентами максимально прозрачны.&lt;/p&gt;\n&lt;p&gt;Лицензия на осуществление деятельности по организации и проведению азартных игр казино в сети Интернет — документ, гарантирующий гэмблерам безопасность запусков автоматов со ставками в реальной валюте. Требования к получению разрешения достаточно высокие. Представителям индустрии развлечений необходимо аккумулировать максимум ресурсов для организации легального бизнеса.&lt;/p&gt;\n&lt;table&gt;\n	&lt;tbody&gt;\n		&lt;tr&gt;\n			&lt;th&gt;БРЕНД ОРГАНИЗАТОРА АЗАРТНЫХ ИГР&lt;/th&gt;\n			&lt;th&gt;НАЗВАНИЕ ЮРИДИЧЕСКОГО ЛИЦА&lt;/th&gt;\n			&lt;th&gt;ДАТА И НОМЕР ВЫДАЧИ ЛИЦЕНЗИИ&lt;/th&gt;\n			&lt;th&gt;АДРЕС ЮРИДИЧЕСКОГО ЛИЦА&lt;/th&gt;\n		&lt;/tr&gt;\n		&lt;tr&gt;\n			&lt;td&gt;Cosmolot Casino&lt;/td&gt;\n			&lt;td&gt;ООО «СПЕЙСИКС»&lt;/td&gt;\n			&lt;td&gt;№ 34 от 08.02.2021&lt;/td&gt;\n			&lt;td&gt;04112, г. Киев, ул. Сикорского Игоря авиаконструктора, дом 8, офис 5&lt;/td&gt;\n		&lt;/tr&gt;\n		&lt;tr&gt;\n			&lt;td&gt;Slots City Casino&lt;/td&gt;\n			&lt;td&gt;ООО «ГЕЙМДЕВ»&lt;/td&gt;\n			&lt;td&gt;№ 47 от 16.02.2021&lt;/td&gt;\n			&lt;td&gt;01042, г. Киев, пер. Новопечерский, дом 18, офис 32&lt;/td&gt;\n		&lt;/tr&gt;\n		&lt;tr&gt;\n			&lt;td&gt;Parimatch Casino&lt;/td&gt;\n			&lt;td&gt;ООО «ПАРИМАТЧ»&lt;/td&gt;\n			&lt;td&gt;№ 48 от 02.03.2021&lt;/td&gt;\n			&lt;td&gt;02140, г. Киев, пр-т Николая Бажана, дом 14А, офис 26&lt;/td&gt;\n		&lt;/tr&gt;\n		&lt;tr&gt;\n			&lt;td&gt;First Casino&lt;/td&gt;\n			&lt;td&gt;ООО «ФЕРСТ ЭЛЕМЕНТ» &lt;/td&gt;\n			&lt;td&gt;№ 56 от 26.02.2021&lt;/td&gt;\n			&lt;td&gt;03110, г. Киев, ул. Соломенская, дом 3, офис 6&lt;/td&gt;\n		&lt;/tr&gt;\n		&lt;tr&gt;\n			&lt;td&gt;Vulkan Casino&lt;/td&gt;\n			&lt;td&gt;ООО «КОНКУЭРОР»&lt;/td&gt;\n			&lt;td&gt;№ 141 от 15.04.2021&lt;/td&gt;\n			&lt;td&gt;03134,м. Киев, ул. Трублаини, дом. 2А, офис 305&lt;/td&gt;\n		&lt;/tr&gt;\n		&lt;tr&gt;\n			&lt;td&gt;Favbet Casino&lt;/td&gt;\n			&lt;td&gt;ООО «БУКМЕКЕРСКАЯ КОМПАНИЯ «ФАВБЕТ»&lt;/td&gt;\n			&lt;td&gt;№ 137 от 20.04.2021&lt;/td&gt;\n			&lt;td&gt;04212, г. Киев, ул. Маршалла Тимошенко, дом 21, корпус 3&lt;/td&gt;\n		&lt;/tr&gt;\n		&lt;tr&gt;\n			&lt;td&gt;Pin-up Casino&lt;/td&gt;\n			&lt;td&gt;ООО «УКР ГЕЙМ ТЕХНОЛОДЖИ»&lt;/td&gt;\n			&lt;td&gt;№ 147 от 21.04.2021&lt;/td&gt;\n			&lt;td&gt;01021, г. Киев, Кловский спуск, дом. 7&lt;/td&gt;\n		&lt;/tr&gt;\n		&lt;tr&gt;\n			&lt;td&gt;Slotoking Casino&lt;/td&gt;\n			&lt;td&gt;ООО «СЛОТС Ю.ЭЙ»&lt;/td&gt;\n			&lt;td&gt;№ 150 от 26.04.2021&lt;/td&gt;\n			&lt;td&gt;03150, г. Киев, ул. Деловая, д.6&lt;/td&gt;\n		&lt;/tr&gt;\n		&lt;tr&gt;\n			&lt;td&gt;Gold Cup Casino&lt;/td&gt;\n			&lt;td&gt;ООО «АЛЬФАГЕЙМ»&lt;/td&gt;\n			&lt;td&gt;№ 165 от 26.04.2021&lt;/td&gt;\n			&lt;td&gt;02141, г. Киев, ул. Ларисы Руденко, дом. 6А, комната 69&lt;/td&gt;\n		&lt;/tr&gt;\n		&lt;tr&gt;\n			&lt;td&gt;Joker Casino&lt;/td&gt;\n			&lt;td&gt;ООО «ДЖОКЕР.ЮА»&lt;/td&gt;\n			&lt;td&gt;№ 235 от 12.05.2021&lt;/td&gt;\n			&lt;td&gt;01034, г. Киев, ул. Гринченко Бориса, дом. 9, офис 503&lt;/td&gt;\n		&lt;/tr&gt;\n		&lt;tr&gt;\n			&lt;td&gt;Vbet Casino&lt;/td&gt;\n			&lt;td&gt;ООО «ВБЕТ УКРАИНА»&lt;/td&gt;\n			&lt;td&gt;№ 314 от 03.06.2021&lt;/td&gt;\n			&lt;td&gt;04053, г. Киев, ул. Обсерваторная, дом. 8, помещение 10&lt;/td&gt;\n		&lt;/tr&gt;\n		&lt;tr&gt;\n			&lt;td&gt;Champion Casino&lt;/td&gt;\n			&lt;td&gt;ООО «ЛИМОН»&lt;/td&gt;\n			&lt;td&gt;№ 603 от 30.09.2021&lt;/td&gt;\n			&lt;td&gt;01042, г. Киев, ул. Саперное поле, дом 5, квартира 39&lt;/td&gt;\n		&lt;/tr&gt;\n		&lt;tr&gt;\n			&lt;td&gt;Melbet Casino&lt;/td&gt;\n			&lt;td&gt;ООО «МЕЛБЕТ»&lt;/td&gt;\n			&lt;td&gt;№ 683 от 29.10.2021&lt;/td&gt;\n			&lt;td&gt;03039, г. Киев, пер. Лужевского Руслана, дом 14, корпус 7, офис 32/3&lt;/td&gt;\n		&lt;/tr&gt;\n&lt;tr&gt;\n			&lt;td&gt;FanSport Casino&lt;/td&gt;\n			&lt;td&gt;ООО «ПЛЕЙ ФАН ИНСВЕСТМЕНТ»&lt;/td&gt;\n			&lt;td&gt;№ 14 от 18.01.2022&lt;/td&gt;\n			&lt;td&gt;03039, г. Киев, пр-т. Валерия Лобановского, дом 119&lt;/td&gt;\n		&lt;/tr&gt;&nbsp;\n&lt;tr&gt;\n			&lt;td&gt;1xBet Casino&lt;/td&gt;\n			&lt;td&gt;ТОВ «ТБК»&lt;/td&gt;\n			&lt;td&gt;№ 116 от 30.03.2022&lt;/td&gt;\n			&lt;td&gt;02081, г. Киев, днепровская набережная, дом 19-Б&lt;/td&gt;\n		&lt;/tr&gt;&nbsp;\n	&lt;/tbody&gt;\n&lt;/table&gt;\n&lt;h2 id=\"heading_4\"&gt;ТОП онлайн казино с хорошей репутацией — надежные залы&lt;/h2&gt;\n&lt;p&gt;Гарантией высокой позиций в списках популярных залов выступает наличие лицензии. ТОП онлайн казино с хорошей репутацией возглавляют заведения, придерживающиеся международных правовых норм. Для авторитетных интернет казино не существует необходимости скрывать лицензию. Наличие разрешительной документации повышает уровень доверия клиентов. В случае возникновения спорных вопросов между администрацией азартных клубов и пользователями разрешением конфликтов занимаются независимые регуляторы. Контакты лицензиатов указываются в информационном разделе.&lt;/p&gt;\n&lt;blockquote&gt;&lt;p&gt;Отзывы и комментарии игроков учитываются при составлении рейтингов онлайн казино наименьше. Многие из них подкупаются или пишутся дилетантами, которые создают прецеденты конфликтных ситуаций.&lt;/p&gt;&lt;/blockquote&gt;\n&lt;p&gt;Лучшие онлайн казино Украины обеспечивают клиентам возможность оперативной обратной связи. Одним из преимуществ отечественных заведений выступает возможность обращения к специалистам технической поддержки на языке общения. Топовые интернет казино обеспечивают максимум доступных каналов связи. Обращаться к операторам можно в онлайн чате, посредством популярных мессенджеров, по электронной почте.&lt;/p&gt;\n&lt;h2 id=\"heading_5\"&gt;Рейтинг онлайн казино Украины — только достойные внимания игровые клубы&lt;/h2&gt;\n&lt;p&gt;Подробные списки лучших залов — ключевой фактор при выборе оптимального заведения для игры на деньги. Рейтинг онлайн казино Украины составляется после комплексной оценки предлагаемых порталом условий. Аналитики учитывают множество параметров, в том числе и отзывы активных пользователей. Выбирая надежное онлайн казино, необходимо обратить внимание на такие факторы:&lt;/p&gt;\n&lt;ul&gt;\n&lt;li&gt;на сайте указана информация о лицензии работы казино в Украине;&lt;/li&gt;\n&lt;li&gt;в лобби представлены исключительно оригинальные слоты известных разработчиков;&lt;/li&gt;\n&lt;li&gt;квалифицированная и оперативная служба поддержки;&lt;/li&gt;\n&lt;li&gt;простая и понятная бонусная программа и увлекательные турниры;&lt;/li&gt;\n&lt;li&gt;прозрачное решение финансовых вопросов и оперативный вывод!&lt;/li&gt;\n&lt;/ul&gt;\n&lt;p&gt;Переходя на официальный сайт казино из топа лучших, игроки отмечают удобное расположение пунктов меню, продуманный интерфейс, качественную работу игрового портала во всех операционных системах. Важным моментом выступает изучение правил сотрудничества. Профессионалы рекомендуют новичкам для начала просмотреть базовые условия использования сервисов и только после этого проходить регистрацию и начинать играть в казино онлайн. Создавая игровой профиль, гэмблеры подтверждают согласие с правилами азартной платформы.&lt;/p&gt;\n&lt;p&gt;Важным моментом быстрого и безопасного перечисления выигрышей выступает верификация аккаунта. В каждом топовом казино вывод денег требует минимума времени, что подтверждают и отзывы. Гэмблер должен загрузить в личном кабинете сканы документов, подтверждающих личность. После проверки администрацией предоставленных файлов становится доступен вывод выигрышей. Верифицированные клиенты казино используют возможность быстрого вывода денег на карту или персональный электронный кошелек.&lt;/p&gt;\n</pre>', 1, '2022-04-21 15:54:11', '2022-04-21 15:54:11', 'license', 'license'),
(2, 'public', 'italiya', 'AAMS Italy', 'http://127.0.0.1:5000/uploads/35da8f6c8a2ba85d-AAMS-Italy.jpg', 'Лицензия Италии для онлайн казино', 'Игорная лицензия Италии', 'Meta title AAMS Italy', 'Description AAMS Italy', 'Keywords AAMS Italy', '<pre class=\"ql-syntax\" spellcheck=\"false\">&lt;p&gt;Переходя на официальный сайт казино из топа лучших, игроки отмечают удобное расположение пунктов меню, продуманный интерфейс, качественную работу игрового портала во всех операционных системах. Важным моментом выступает изучение правил сотрудничества. Профессионалы рекомендуют новичкам для начала просмотреть базовые условия использования сервисов и только после этого проходить регистрацию и начинать играть в казино онлайн. Создавая игровой профиль, гэмблеры подтверждают согласие с правилами азартной платформы.&lt;/p&gt;\n</pre>', 1, '2022-04-21 15:54:11', '2022-04-21 15:54:11', 'license', 'license'),
(3, 'public', 'beliz', 'Gaming Control Board of Belize', 'http://127.0.0.1:5000/uploads/ac6a48aab621489c-litsenzia-beliza.jpg', 'Short desc Игорная лицензия Белиза', 'H1 Игорная лицензия Белиза', 'Meta title Игорная лицензия Белиза', 'Description Игорная лицензия Белиза', 'Keywords Игорная лицензия Белиза', '<pre class=\"ql-syntax\" spellcheck=\"false\">&lt;p&gt;Игорная лицензия Белиза&lt;/p&gt;\n</pre>', 1, '2022-04-21 15:54:11', '2022-04-21 15:54:11', 'license', 'license'),
(4, 'public', 'avstriya', 'Bundesministerium Finanzen', 'http://127.0.0.1:5000/uploads/4d5472e6753ff14f-BMF_Logo.svg.png', 'Лицензия Австрии для онлайн казино - гарантия честности', 'Лицензия Австрии для онлайн казино - гарантия честности', 'Meta title Лицензия Австрии для онлайн казино - гарантия честности', 'Description Лицензия Австрии для онлайн казино - гарантия честности', 'Лицензия Австрии для онлайн казино - гарантия честности', 'Content post-3', 1, '2022-04-21 15:54:11', '2022-04-21 15:54:11', 'license', 'license'),
(5, 'public', 'filippiny', 'PAGCOR', 'http://127.0.0.1:5000/uploads/d29f2c571b8d383e-PAGCOR-800x500.png', 'Лицензия Филиппин для онлайн казино - гарантия честности', 'Лицензия Филиппин для онлайн казино - гарантия честности', 'Meta title Лицензия Филиппин для онлайн казино - гарантия честности', 'Description Лицензия Филиппин для онлайн казино - гарантия честности', 'Keywords Лицензия Филиппин для онлайн казино - гарантия честности', 'Content post-4', 1, '2022-04-21 15:54:11', '2022-04-21 15:54:11', 'license', 'license'),
(6, 'public', 'post-5', 'Danish Gambling Authority', 'http://127.0.0.1:5000/uploads/b87bcc9c736487cc-Denmark.png', 'Лицензия Дании для онлайн казино - гарантия честности', 'Игорная лицензия Дании', 'Лицензия Дании для онлайн казино - гарантия честности', 'Description Лицензия Дании для онлайн казино - гарантия честности', 'Keywords post-5', 'Content post-5', 1, '2022-04-21 15:54:11', '2022-04-21 15:54:11', 'license', 'license'),
(7, 'public', 'post-6', 'ONJN', 'http://127.0.0.1:5000/uploads/39b13211a307c17a-ONJN.png', 'Лицензия Румынии для онлайн казино - гарантия честности', 'Игорная лицензия Румынии', 'Meta title Лицензия Румынии для онлайн казино - гарантия честности', 'Description Лицензия Румынии для онлайн казино - гарантия честности', 'Keywords Лицензия Румынии для онлайн казино - гарантия честности', 'Content post-6', 1, '2022-04-21 15:54:11', '2022-04-21 15:54:11', 'license', 'license'),
(8, 'public', 'gobierno-de-mexico', 'Gobierno de México', 'http://127.0.0.1:5000/uploads/6f1b7f828dc22ab9-mexico.png', 'Лицензия Мексики для онлайн казино - гарантия честности', 'Игорная лицензия Мексики', 'Лицензия Мексики для онлайн казино - гарантия честности', 'Лицензия Мексики для онлайн казино - гарантия честности', 'Лицензия Мексики для онлайн казино - гарантия честности', 'Content post-7', 1, '2022-04-21 15:54:11', '2022-04-21 15:54:11', 'license', 'license'),
(9, 'public', 'hellenic-gaming-commission-hgc', 'Hellenic Gaming Commission (HGC)', 'http://127.0.0.1:5000/uploads/43b6bdfd7fa32a14-images.png', 'Лицензия Греции для онлайн казино - гарантия честности', 'Игорная лицензия Греции', 'Лицензия Греции для онлайн казино - гарантия честности', 'Лицензия Греции для онлайн казино - гарантия честности', 'Лицензия Греции для онлайн казино - гарантия честности', 'Content post-8', 1, '2022-04-21 15:54:11', '2022-04-21 15:54:11', 'license', 'license'),
(10, 'public', 'independent-gambling-authority', 'Independent Gambling Authority', 'http://127.0.0.1:5000/uploads/29dbce433efc7022-png-clipart-united-kingdom-independent-betting-adjudication-service-gambling-commission-sports-betting-lottery-united-kingdom-blue-angle.png', 'Лицензия Австралии для онлайн казино - гарантия честности', 'Игорная лицензия Австралии', 'Лицензия Австралии для онлайн казино - гарантия честности', 'Лицензия Австралии для онлайн казино - гарантия честности', 'Лицензия Австралии для онлайн казино - гарантия честности', 'Content post-9', 1, '2022-04-21 15:54:11', '2022-04-21 15:54:11', 'license', 'license');

-- --------------------------------------------------------

--
-- Структура таблицы `license_category`
--

CREATE TABLE `license_category` (
  `id` int(11) NOT NULL,
  `status` enum('public','hide','basket') DEFAULT 'public',
  `permalink` varchar(255) DEFAULT NULL,
  `title` varchar(255) DEFAULT NULL,
  `thumbnail` varchar(255) DEFAULT NULL,
  `short_desc` varchar(255) DEFAULT NULL,
  `h1` varchar(255) DEFAULT NULL,
  `meta_title` varchar(255) DEFAULT NULL,
  `description` varchar(255) DEFAULT NULL,
  `keywords` varchar(255) DEFAULT NULL,
  `content` text,
  `lang` int(11) DEFAULT '1',
  `updated_at` datetime DEFAULT CURRENT_TIMESTAMP,
  `created_at` datetime DEFAULT CURRENT_TIMESTAMP,
  `parent_id` int(11) DEFAULT '0',
  `post_type` varchar(255) DEFAULT 'license/category',
  `slug` varchar(255) DEFAULT 'licenses',
  `faq` text
) ENGINE=InnoDB DEFAULT CHARSET=utf8;

--
-- Дамп данных таблицы `license_category`
--

INSERT INTO `license_category` (`id`, `status`, `permalink`, `title`, `thumbnail`, `short_desc`, `h1`, `meta_title`, `description`, `keywords`, `content`, `lang`, `updated_at`, `created_at`, `parent_id`, `post_type`, `slug`, `faq`) VALUES
(1, 'public', 'evropejskie-licenzii', 'Европейские лицензии', 'http://127.0.0.1:5000/img/default.png', 'Короткое описание Европейские лицензии', 'Н1 Европейские лицензии', 'Европейские лицензии', 'Описание Европейские лицензии', '', '<pre class=\"ql-syntax\" spellcheck=\"false\">&lt;div class=\"nav\"&gt;&lt;/div&gt;\n&lt;p&gt;Слоты онлайн — это отличная возможность приятно и прибыльно провести несколько часов свободного времени, играя со стационарного ПК или мобильного устройства. На официальном сайте sloto.top игроков ожидает огромный выбор подобных игр от проверенных производителей (NetEnt, Novomatic, Microgaming, Belatra, Casino Technology и другие).&lt;/p&gt;\n&lt;p&gt;В каждый отдельный слот клуб предлагает играть бесплатно или с денежными ставками. Предварительно нужно определиться с подходящим азартным развлечением. Узнайте, как выбирать слоты онлайн, учитывая множество критериев и попытавшись при этом получать щедрые выигрыши на счет.&lt;/p&gt;\n&lt;h2 id=\"heading_0\"&gt;Игровые слоты и их ассортимент&lt;/h2&gt;\n&lt;p&gt;Слоты &lt;a href=\"/\"&gt;игровые автоматы&lt;/a&gt; на slototop представлены огромным изобилием. Всего их насчитывается несколько сотен. Они могут отличаться между собой:&lt;/p&gt;\n&lt;ul&gt;\n	&lt;li&gt;функционалом;&lt;/li&gt;\n	&lt;li&gt;техническими характеристиками;&lt;/li&gt;\n	&lt;li&gt;правилами;&lt;/li&gt;\n	&lt;li&gt;панелью управления;&lt;/li&gt;\n	&lt;li&gt;коэффициентами выплат;&lt;/li&gt;\n	&lt;li&gt;тематической направленностью!&lt;/li&gt;\n&lt;/ul&gt;\n&lt;table&gt;\n&lt;thead&gt;\n&nbsp; &lt;tr&gt;\n&nbsp; &nbsp; &lt;th&gt;Бренд казино / Доменное имя&lt;/th&gt;\n&nbsp; &nbsp; &lt;th&gt;Владелец&lt;/th&gt;\n&nbsp; &nbsp; &lt;th&gt;Юридический адрес&lt;/th&gt;\n&nbsp; &nbsp; &lt;th&gt;Email для связи&lt;/th&gt;\n&nbsp; &lt;/tr&gt;\n&lt;/thead&gt;\n&lt;tbody&gt;\n&nbsp; &lt;tr&gt;\n&nbsp; &nbsp; &lt;td&gt;Космолот (cosmolot.ua)&lt;/td&gt;\n&nbsp; &nbsp; &lt;td&gt;Общество с ограниченной ответственностью Спейсикс, размер уставного капитала 30 000 000 гривен&lt;/td&gt;\n&nbsp; &nbsp; &lt;td&gt;Украина, 04112, г. Киев, ул. авиаконструктора Игоря Сикорского, дом 8, офис 5&lt;/td&gt;\n&nbsp; &nbsp; &lt;td&gt;spaceiks777@gmail.com&lt;/td&gt;\n&nbsp; &lt;/tr&gt;\n&nbsp; &lt;tr&gt;\n&nbsp; &nbsp; &lt;td&gt;СлотсСити (slotscity.ua)&lt;/td&gt;\n&nbsp; &nbsp; &lt;td&gt;Общество с ограниченной ответственностью Геймдев, размер уставного капитала 30 000 000 гривен&lt;/td&gt;\n&nbsp; &nbsp; &lt;td&gt;Украина, 01042, г. Киев, Новопечерский переулок, дом 18, офис 32&lt;/td&gt;\n&nbsp; &nbsp; &lt;td&gt;support@slotscity.ua&lt;/td&gt;\n&nbsp; &lt;/tr&gt;\n&nbsp; &lt;tr&gt;\n&nbsp; &nbsp; &lt;td&gt;ПариМатч (pm.ua)&lt;/td&gt;\n&nbsp; &nbsp; &lt;td&gt;Общество с ограниченной ответственностью Париматч, размер уставного капитала 60 000 000 гривен&lt;/td&gt;\n&nbsp; &nbsp; &lt;td&gt;Украина, 02140, г. Киев, Николая Бажана проспект, дом 14 А, офис 26&lt;/td&gt;\n&nbsp; &nbsp; &lt;td&gt;support@pm.ua&lt;/td&gt;\n&nbsp; &lt;/tr&gt;\n&nbsp; &lt;tr&gt;\n&nbsp; &nbsp; &lt;td&gt;Ферст Казино (first.ua)&lt;/td&gt;\n&nbsp; &nbsp; &lt;td&gt;Общество с ограниченной ответственностью Фьорст Элемент, размер уставного капитала 30 000 000 гривен&lt;/td&gt;\n&nbsp; &nbsp; &lt;td&gt;Украина, 03110 г. Киев, ул. Соломенская, дом 3, офис 6&lt;/td&gt;\n&nbsp; &nbsp; &lt;td&gt;support@first.ua&lt;/td&gt;\n&nbsp; &lt;/tr&gt;\n&nbsp; &lt;tr&gt;\n&nbsp; &nbsp; &lt;td&gt;Фавбет (favbet.ua)&lt;/td&gt;\n&nbsp; &nbsp; &lt;td&gt;Общество с ограниченной ответственностью Букмекерская контора Фавбет, размер уставного капитала 31 000 000 гривен&lt;/td&gt;\n&nbsp; &nbsp; &lt;td&gt;Украина, 04205, г. Киев, ул. Маршала Тимошенко, дом 21, корпус 3&lt;/td&gt;\n&nbsp; &nbsp; &lt;td&gt;favbc@ukr.net&lt;/td&gt;\n&nbsp; &lt;/tr&gt;\n&nbsp; &lt;tr&gt;\n&nbsp; &nbsp; &lt;td&gt;Вулкан казино (vulkancasino.ua)&lt;/td&gt;\n&nbsp; &nbsp; &lt;td&gt;Общество с ограниченной ответственностью Конкуэрор, размер уставного капитала 31 000 000 гривен&lt;/td&gt;\n&nbsp; &nbsp; &lt;td&gt;Украина, 03134, г. Киев, ул. Трублаини, дом 2 А, офис 305&lt;/td&gt;\n&nbsp; &nbsp; &lt;td&gt;support@vulkancasino.ua&lt;/td&gt;\n&nbsp; &lt;/tr&gt;\n&nbsp; &lt;tr&gt;\n&nbsp; &nbsp; &lt;td&gt;Пин-Ап (pin-up.ua)&lt;/td&gt;\n&nbsp; &nbsp; &lt;td&gt;Общество с ограниченной ответственностью УкрГеймТехнолоджи, размер уставного капитала 30 000 000 гривен&lt;/td&gt;\n&nbsp; &nbsp; &lt;td&gt;Украина, 01021, г. Киев, ул. Кловский спуск, дом 7&lt;/td&gt;\n&nbsp; &nbsp; &lt;td&gt;office@ugame.com.ua&lt;/td&gt;\n&nbsp; &lt;/tr&gt;\n&nbsp; &lt;tr&gt;\n&nbsp; &nbsp; &lt;td&gt;Слотокинг (slotoking.ua)&lt;/td&gt;\n&nbsp; &nbsp; &lt;td&gt;Общество с ограниченной ответственностью Слотс Ю.Эй., размер уставного капитала 31 000 000 гривен&lt;/td&gt;\n&nbsp; &nbsp; &lt;td&gt;Украина, 03150, г. Киев, ул. Деловая, дом 6&lt;/td&gt;\n&nbsp; &nbsp; &lt;td&gt;info.slots.ua@gmail.com&lt;/td&gt;\n&nbsp; &lt;/tr&gt;\n&nbsp; &lt;tr&gt;\n&nbsp; &nbsp; &lt;td&gt;Золотой Кубок (goldcup.ua)&lt;/td&gt;\n&nbsp; &nbsp; &lt;td&gt;Общество с ограниченной ответственностью Альфагейм, размер уставного капитала 30 090 000 гривен&lt;/td&gt;\n&nbsp; &nbsp; &lt;td&gt;Украина, 02141, г. Киев, ул. Ларисы Руденко, дом 6А, комната 69&lt;/td&gt;\n&nbsp; &nbsp; &lt;td&gt;alphagame@ukr.net&lt;/td&gt;\n&nbsp; &lt;/tr&gt;\n&nbsp; &lt;tr&gt;\n&nbsp; &nbsp; &lt;td&gt;Джокер (joker.ua)&lt;/td&gt;\n&nbsp; &nbsp; &lt;td&gt;Общество с ограниченной ответственностью Джокер.ЮА, размер уставного капитала 30 000 000 гривен&lt;/td&gt;\n&nbsp; &nbsp; &lt;td&gt;Украина, 01034, г. Киев, ул. Бориса Гринченко, дом 9, офис 503&lt;/td&gt;\n&nbsp; &nbsp; &lt;td&gt;general@joker.ua&lt;/td&gt;\n&nbsp; &lt;/tr&gt;\n&nbsp; &lt;tr&gt;\n&nbsp; &nbsp; &lt;td&gt;Вбет (vbet.ua)&lt;/td&gt;\n&nbsp; &nbsp; &lt;td&gt;Общество с ограниченной ответственностью Вбет Украина, размер уставного капитала 35 000 000 гривен&lt;/td&gt;\n&nbsp; &nbsp; &lt;td&gt;Украина, 04053, г. Киев, ул. Обсерваторная, дом 8, помещение 10&lt;/td&gt;\n&nbsp; &nbsp; &lt;td&gt;vbetua@gmail.com&lt;/td&gt;\n&nbsp; &lt;/tr&gt;\n&lt;/tbody&gt;\n&lt;/table&gt;\n&lt;p&gt;Особое внимание во время выбора следует обратить на технические характеристики слот автоматов. Именно от них будет зависеть получение геймером солидных денежных выигрышей. лучше всего, если производителем будут предусмотрены специальные символы с расширенными возможностями, бонусные раунды, риск-игра по равным шансам, дополнительные множители, призовые игры. благодаря этому набору параметров выплаты будут гораздо чаще поступать на счет.&lt;/p&gt;\n&lt;h2 id=\"heading_1\"&gt;Как запускать слот бесплатно&lt;/h2&gt;\n&lt;p&gt;Включать приглянувшийся слот бесплатно рекомендуется не только новичкам, но и продвинутым геймерам. Этот режим станет незаменимым во время ознакомления с новинками азартных развлечений, а также поможет основательнее подготовиться к платной игре. Запуская слоты без регистрации, игрок сможет поэкспериментировать с разными лимитами ставок, изучить ассортимент игр от различных производителей, ознакомиться с их стилем, а также обратить внимание на важные детали.&lt;/p&gt;\n&lt;p&gt;Бесплатная игра не лимитирована по времени и не требует финансовых вложений, поэтому игроку не придется тратить собственные денежные средства во время выставления ставок. После тестового режима уже стоит играть на реальные деньги, ведь грамотное наполнение и продуманные опции сулят желанные призы для геймеров.&lt;/p&gt;\n&lt;h2 id=\"heading_2\"&gt;Официальные слоты и их производители&lt;/h2&gt;\n&lt;p&gt;После перехода на сайт слот можно выбрать любого производителя и с различным техническим наполнением. Лучше всего отдавать предпочтение играм от известных провайдеров. Это могут быть такие компании-производители как:&lt;/p&gt;\n&lt;ul&gt;\n	&lt;li&gt;EGT (Rise Of Ra, Age Of Troy, Wolf Run);&lt;/li&gt;\n	&lt;li&gt;NetEnt (Stickers. Gonzo’s Quest);&lt;/li&gt;\n	&lt;li&gt;Novomatic (Dolphin’s Pearl, Diamond 7, Pharaon’s Ring);&lt;/li&gt;\n	&lt;li&gt;Betsoft (Frankenslot’s Monster, Gold Diggers)!&lt;/li&gt;\n&lt;/ul&gt;\n&lt;p&gt;Очень много аппаратов представлено и от других не менее известных производителей — Endorphina, Amatic, Playson, Casino Technology, Quickspin. Каждый из этих разработчиков постоянно работает над усовершенствованием своих онлайн-игр, дополняя и х уникальными опциями, призовыми функциями, Бонусными символами с расширенными возможностями.&lt;/p&gt;\n&lt;p&gt;Порадует искусного ценителя гэмблинга и разнообразие тематик с сюжетными линиями. Наибольшей популярностью пользуются разработки на пиратскую, фруктовую, спортивную, приключенческую, историческую, фантастическую тематики. Например, начав играть в Крейзи Манки слот в казино, удастся виртуально познакомиться с главной героиней — забавной обезьянкой, которая живет в диких джунглях и одним только забавным внешним видом способна поднимать настроение гэмблеру.&lt;/p&gt;\n&lt;p&gt;Сотрудники Playtech разработали целую серию автоматов, посвященных комиксам. В них очень реалистичное графические оформление и достаточное количество призовых опций, поэтому выиграть с их помощью сможет каждый. При необходимости с помощью удобной навигационной системы сайта можно отсортировать интересующие азартные разработки по нескольких критериям — по популярности, по производителю, по волатильности, новизне или в алфавитном порядке. Также предлагается отыскать интересующий автомат по его названию.&lt;/p&gt;\n&lt;p&gt;В век инновационных технологий, когда технический прогресс идет семимильными шагами, сыграть геймеру предлагается не только со стационарного ПК в пределах собственного дома, но и в любом другом месте, используя при этом свой мобильный гаджет. Для этого можно скачать слоты на телефон, планшет или смартфон с ОС Android или IOS и больше не быть привязанным к определенному месту.&lt;/p&gt;\n&lt;p&gt;Онлайн-игры с портативных девайсов гораздо быстрее грузятся, не подвисают и корректно работают. Само скачивание происходит совершенно бесплатно. Более того, на экране не всплывают рекламные баннеры и другие уведомления, благодаря чему можно полностью сконцентрироваться на игровом процессе и не отвлекаться на посторонние мелочи. Выбирайте подходящий слот и играйте в свое удовольствие без каких-либо ограничений.&lt;/p&gt;\n</pre>', 1, '2022-05-16 00:00:00', '2022-05-16 00:00:00', 0, 'license/category', 'licenses', '[]');

-- --------------------------------------------------------

--
-- Структура таблицы `license_category_relatives`
--

CREATE TABLE `license_category_relatives` (
  `post_id` int(11) NOT NULL DEFAULT '0',
  `relative_id` int(11) NOT NULL DEFAULT '0'
) ENGINE=InnoDB DEFAULT CHARSET=utf8;

--
-- Дамп данных таблицы `license_category_relatives`
--

INSERT INTO `license_category_relatives` (`post_id`, `relative_id`) VALUES
(2, 1),
(6, 1),
(7, 1),
(9, 1);

-- --------------------------------------------------------

--
-- Структура таблицы `license_meta`
--

CREATE TABLE `license_meta` (
  `faq` text,
  `post_id` int(11) DEFAULT NULL
) ENGINE=InnoDB DEFAULT CHARSET=utf8;

--
-- Дамп данных таблицы `license_meta`
--

INSERT INTO `license_meta` (`faq`, `post_id`) VALUES
('[{\"value_1\":\"? Связаны ли рейтинг казино и отзывы игроков?\",\"value_2\":\"Рейтинг любого онлайн казино составляется по определенному алгоритму, в котором отзывы игроков играют далеко не последнюю роль. Анализ впечатлений, полученных клиентами, позволяет дать заведению непредвзятую оценку и увидеть реальную картину происходящего.\"}]', 1),
('[]', 2),
('[]', 3),
('[]', 4),
('[]', 5),
('[]', 6),
('[]', 7),
('[]', 8),
('[]', 9),
('[]', 10);

-- --------------------------------------------------------

--
-- Структура таблицы `options`
--

CREATE TABLE `options` (
  `id` int(11) NOT NULL,
  `slug` varchar(255) DEFAULT 'options',
  `key_id` varchar(255) DEFAULT NULL,
  `value` text,
  `title` varchar(255) DEFAULT NULL,
  `editor` varchar(255) DEFAULT NULL
) ENGINE=InnoDB DEFAULT CHARSET=utf8;

--
-- Дамп данных таблицы `options`
--

INSERT INTO `options` (`id`, `slug`, `key_id`, `value`, `title`, `editor`) VALUES
(1, 'options', 'logo', 'http://127.0.0.1:5000/uploads/d3f35896933f6d81-logo.png', 'Редактор изображения Logo', 'image');

-- --------------------------------------------------------

--
-- Структура таблицы `pages`
--

CREATE TABLE `pages` (
  `id` int(11) NOT NULL,
  `status` enum('public','hide','basket') DEFAULT 'public',
  `permalink` varchar(255) DEFAULT NULL,
  `title` varchar(255) DEFAULT NULL,
  `thumbnail` varchar(255) DEFAULT NULL,
  `short_desc` varchar(255) DEFAULT NULL,
  `h1` varchar(255) DEFAULT NULL,
  `meta_title` varchar(255) DEFAULT NULL,
  `description` varchar(255) DEFAULT NULL,
  `keywords` varchar(255) DEFAULT NULL,
  `content` text,
  `lang` int(11) DEFAULT '1',
  `updated_at` datetime DEFAULT CURRENT_TIMESTAMP,
  `created_at` datetime DEFAULT CURRENT_TIMESTAMP,
  `post_type` varchar(255) DEFAULT 'static-pages',
  `slug` varchar(255) DEFAULT 'static-pages',
  `faq` text
) ENGINE=InnoDB DEFAULT CHARSET=utf8;

--
-- Дамп данных таблицы `pages`
--

INSERT INTO `pages` (`id`, `status`, `permalink`, `title`, `thumbnail`, `short_desc`, `h1`, `meta_title`, `description`, `keywords`, `content`, `lang`, `updated_at`, `created_at`, `post_type`, `slug`, `faq`) VALUES
(1, 'public', 'main', 'Main page ru', 'http://127.0.0.1:5000/img/default.png', 'Short desc main page ru', 'H1 main page ru', 'Meta title main page ru', 'Description main page ru', 'Keywords main page ru', '<pre class=\"ql-syntax\" spellcheck=\"false\">&lt;nav class=\"nav\"&gt;&lt;/nav&gt;\n&lt;h2&gt;Онлайн казино Украины&lt;/h2&gt;\n&lt;p&gt;\nНа свете существует множество развлечений, однако в современном динамичном мире пользуются спросом игровые автоматы, широко представленные в портфолио ведущих брендов. Такое доступное, лёгкое и увлекательное занятие - активация эмуляторов - радует каждого пользователя, вне зависимости от его профессиональных умений и навыков. Жители разных регионов предпочитают комфортный домашний отдых, что полностью соответствует концепции игры в режиме реального времени.&lt;/p&gt;\n&lt;p&gt;\nКлиент абсолютно ничем не рискует - надежность и безопасность гарантируется специальными аудиторскими компаниями и подтверждается лицензиями, представленными на сайтах виртуальных порталов. На результативность сессии влияет выбор виртуального казино: геймеру следует определиться с онлайн ресурсом, обеспечивающим полноценное и приятное времяпровождение.&lt;/p&gt;\n&lt;p&gt;\nНа свете существует множество развлечений, однако в современном динамичном мире пользуются спросом игровые автоматы, широко представленные в портфолио ведущих брендов. Такое доступное, лёгкое и увлекательное занятие - активация эмуляторов - радует каждого пользователя, вне зависимости от его профессиональных умений и навыков. Жители разных регионов предпочитают комфортный домашний отдых, что полностью соответствует концепции игры в режиме реального времени.&lt;/p&gt;\n&lt;p&gt;\nКлиент абсолютно ничем не рискует - надежность и безопасность гарантируется специальными аудиторскими компаниями и подтверждается лицензиями, представленными на сайтах виртуальных порталов. На результативность сессии влияет выбор виртуального казино: геймеру следует определиться с онлайн ресурсом, обеспечивающим полноценное и приятное времяпровождение.&lt;/p&gt;\n&lt;h3&gt;Онлайн казино Украины Heading 3&lt;/h3&gt;\n&lt;p&gt;\nНа свете существует множество развлечений, однако в современном динамичном мире пользуются спросом игровые автоматы, широко представленные в портфолио ведущих брендов. Такое доступное, лёгкое и увлекательное занятие - активация эмуляторов - радует каждого пользователя, вне зависимости от его профессиональных умений и навыков. Жители разных регионов предпочитают комфортный домашний отдых, что полностью соответствует концепции игры в режиме реального времени.&lt;/p&gt;\n&lt;p&gt;\nКлиент абсолютно ничем не рискует - надежность и безопасность гарантируется специальными аудиторскими компаниями и подтверждается лицензиями, представленными на сайтах виртуальных порталов. На результативность сессии влияет выбор виртуального казино: геймеру следует определиться с онлайн ресурсом, обеспечивающим полноценное и приятное времяпровождение.&lt;/p&gt;\n&lt;p&gt;\nНа свете существует множество развлечений, однако в современном динамичном мире пользуются спросом игровые автоматы, широко представленные в портфолио ведущих брендов. Такое доступное, лёгкое и увлекательное занятие - активация эмуляторов - радует каждого пользователя, вне зависимости от его профессиональных умений и навыков. Жители разных регионов предпочитают комфортный домашний отдых, что полностью соответствует концепции игры в режиме реального времени.&lt;/p&gt;\n&lt;p&gt;\n&lt;h3&gt;Онлайн казино Украины Heading 2&lt;/h3&gt;\nКлиент абсолютно ничем не рискует - надежность и безопасность гарантируется специальными аудиторскими компаниями и подтверждается лицензиями, представленными на сайтах виртуальных порталов. На результативность сессии влияет выбор виртуального казино: геймеру следует определиться с онлайн ресурсом, обеспечивающим полноценное и приятное времяпровождение.&lt;/p&gt;\n&lt;p&gt;\nНа свете существует множество развлечений, однако в современном динамичном мире пользуются спросом игровые автоматы, широко представленные в портфолио ведущих брендов. Такое доступное, лёгкое и увлекательное занятие - активация эмуляторов - радует каждого пользователя, вне зависимости от его профессиональных умений и навыков. Жители разных регионов предпочитают комфортный домашний отдых, что полностью соответствует концепции игры в режиме реального времени.&lt;/p&gt;\n&lt;p&gt;\nКлиент абсолютно ничем не рискует - надежность и безопасность гарантируется специальными аудиторскими компаниями и подтверждается лицензиями, представленными на сайтах виртуальных порталов. На результативность сессии влияет выбор виртуального казино: геймеру следует определиться с онлайн ресурсом, обеспечивающим полноценное и приятное времяпровождение.&lt;/p&gt;\n&lt;p&gt;\nНа свете существует множество развлечений, однако в современном динамичном мире пользуются спросом игровые автоматы, широко представленные в портфолио ведущих брендов. Такое доступное, лёгкое и увлекательное занятие - активация эмуляторов - радует каждого пользователя, вне зависимости от его профессиональных умений и навыков. Жители разных регионов предпочитают комфортный домашний отдых, что полностью соответствует концепции игры в режиме реального времени.&lt;/p&gt;\n&lt;p&gt;\nКлиент абсолютно ничем не рискует - надежность и безопасность гарантируется специальными аудиторскими компаниями и подтверждается лицензиями, представленными на сайтах виртуальных порталов. На результативность сессии влияет выбор виртуального казино: геймеру следует определиться с онлайн ресурсом, обеспечивающим полноценное и приятное времяпровождение.&lt;/p&gt;\n&lt;p&gt;\n&lt;h2&gt;Онлайн казино Украины Heading 2&lt;/h2&gt;\nНа свете существует множество развлечений, однако в современном динамичном мире пользуются спросом игровые автоматы, широко представленные в портфолио ведущих брендов. Такое доступное, лёгкое и увлекательное занятие - активация эмуляторов - радует каждого пользователя, вне зависимости от его профессиональных умений и навыков. Жители разных регионов предпочитают комфортный домашний отдых, что полностью соответствует концепции игры в режиме реального времени.&lt;/p&gt;\n&lt;p&gt;\nКлиент абсолютно ничем не рискует - надежность и безопасность гарантируется специальными аудиторскими компаниями и подтверждается лицензиями, представленными на сайтах виртуальных порталов. На результативность сессии влияет выбор виртуального казино: геймеру следует определиться с онлайн ресурсом, обеспечивающим полноценное и приятное времяпровождение.&lt;/p&gt;\n&lt;p&gt;\nНа свете существует множество развлечений, однако в современном динамичном мире пользуются спросом игровые автоматы, широко представленные в портфолио ведущих брендов. Такое доступное, лёгкое и увлекательное занятие - активация эмуляторов - радует каждого пользователя, вне зависимости от его профессиональных умений и навыков. Жители разных регионов предпочитают комфортный домашний отдых, что полностью соответствует концепции игры в режиме реального времени.&lt;/p&gt;\n&lt;p&gt;\nКлиент абсолютно ничем не рискует - надежность и безопасность гарантируется специальными аудиторскими компаниями и подтверждается лицензиями, представленными на сайтах виртуальных порталов. На результативность сессии влияет выбор виртуального казино: геймеру следует определиться с онлайн ресурсом, обеспечивающим полноценное и приятное времяпровождение.&lt;/p&gt;\n</pre>', 1, '2022-04-21 15:46:14', '2022-04-21 15:46:14', 'static-pages', 'static-pages', '[{\"value_1\":\"✅ Принимает ли Slotoking игроков из Украины?\",\"value_2\":\"Да, принимает. Slotoking одно из первых украинских казино. Кроме игроков их Украины, здесь могут играть жители Европы и Азии.\"},{\"value_1\":\"✅ Принимает ли Slotoking игроков из Украины?\",\"value_2\":\"Да, принимает. Slotoking одно из первых украинских казино. Кроме игроков их Украины, здесь могут играть жители Европы и Азии.\"},{\"value_1\":\"✅ Принимает ли Slotoking игроков из Украины?\",\"value_2\":\"Да, принимает. Slotoking одно из первых украинских казино. Кроме игроков их Украины, здесь могут играть жители Европы и Азии.\"}]'),
(2, 'public', 'ua', 'Main page ua', 'http://127.0.0.1:5000/img/default.png', 'Short desc main page ua', 'H1 main page ua', 'Meta title main page ua', 'Description main page ua', 'Keywords main page ua', 'Content main page ua', 2, '2022-04-21 15:46:14', '2022-04-21 15:46:14', 'static-pages', 'static-pages', '[{\"value_1\":\"✅ Принимает ли Slotoking игроков из Украины?\",\"value_2\":\"Да, принимает. Slotoking одно из первых украинских казино. Кроме игроков их Украины, здесь могут играть жители Европы и Азии.\"}]'),
(3, 'public', 'casino', 'Casino page ru', 'http://127.0.0.1:5000/img/default.png', 'Дизайн СлотоКинг официального сайта выполнен стильно и лаконично. На его главной странице размещены баннеры о текущих акциях, игорных новинках, а также размерах джекпотов', 'H1 casino page ru', 'Meta title casino page ru', 'Description casino page ru', 'Keywords casino page ru', '<pre class=\"ql-syntax\" spellcheck=\"false\">&lt;nav class=\"nav\"&gt;&lt;/nav&gt;\n&lt;h2&gt;Онлайн казино Украины Page Casino&lt;/h2&gt;\n&lt;p&gt;\nНа свете существует множество развлечений, однако в современном динамичном мире пользуются спросом игровые автоматы, широко представленные в портфолио ведущих брендов. Такое доступное, лёгкое и увлекательное занятие - активация эмуляторов - радует каждого пользователя, вне зависимости от его профессиональных умений и навыков. Жители разных регионов предпочитают комфортный домашний отдых, что полностью соответствует концепции игры в режиме реального времени.&lt;/p&gt;\n&lt;p&gt;\nКлиент абсолютно ничем не рискует - надежность и безопасность гарантируется специальными аудиторскими компаниями и подтверждается лицензиями, представленными на сайтах виртуальных порталов. На результативность сессии влияет выбор виртуального казино: геймеру следует определиться с онлайн ресурсом, обеспечивающим полноценное и приятное времяпровождение.&lt;/p&gt;\n&lt;p&gt;\nНа свете существует множество развлечений, однако в современном динамичном мире пользуются спросом игровые автоматы, широко представленные в портфолио ведущих брендов. Такое доступное, лёгкое и увлекательное занятие - активация эмуляторов - радует каждого пользователя, вне зависимости от его профессиональных умений и навыков. Жители разных регионов предпочитают комфортный домашний отдых, что полностью соответствует концепции игры в режиме реального времени.&lt;/p&gt;\n&lt;p&gt;\nКлиент абсолютно ничем не рискует - надежность и безопасность гарантируется специальными аудиторскими компаниями и подтверждается лицензиями, представленными на сайтах виртуальных порталов. На результативность сессии влияет выбор виртуального казино: геймеру следует определиться с онлайн ресурсом, обеспечивающим полноценное и приятное времяпровождение.&lt;/p&gt;\n&lt;h3&gt;Онлайн казино Украины Heading 3&lt;/h3&gt;\n&lt;p&gt;\nНа свете существует множество развлечений, однако в современном динамичном мире пользуются спросом игровые автоматы, широко представленные в портфолио ведущих брендов. Такое доступное, лёгкое и увлекательное занятие - активация эмуляторов - радует каждого пользователя, вне зависимости от его профессиональных умений и навыков. Жители разных регионов предпочитают комфортный домашний отдых, что полностью соответствует концепции игры в режиме реального времени.&lt;/p&gt;\n&lt;p&gt;\nКлиент абсолютно ничем не рискует - надежность и безопасность гарантируется специальными аудиторскими компаниями и подтверждается лицензиями, представленными на сайтах виртуальных порталов. На результативность сессии влияет выбор виртуального казино: геймеру следует определиться с онлайн ресурсом, обеспечивающим полноценное и приятное времяпровождение.&lt;/p&gt;\n&lt;p&gt;\nНа свете существует множество развлечений, однако в современном динамичном мире пользуются спросом игровые автоматы, широко представленные в портфолио ведущих брендов. Такое доступное, лёгкое и увлекательное занятие - активация эмуляторов - радует каждого пользователя, вне зависимости от его профессиональных умений и навыков. Жители разных регионов предпочитают комфортный домашний отдых, что полностью соответствует концепции игры в режиме реального времени.&lt;/p&gt;\n&lt;p&gt;\n&lt;h3&gt;Онлайн казино Украины Heading 2&lt;/h3&gt;\nКлиент абсолютно ничем не рискует - надежность и безопасность гарантируется специальными аудиторскими компаниями и подтверждается лицензиями, представленными на сайтах виртуальных порталов. На результативность сессии влияет выбор виртуального казино: геймеру следует определиться с онлайн ресурсом, обеспечивающим полноценное и приятное времяпровождение.&lt;/p&gt;\n&lt;p&gt;\nНа свете существует множество развлечений, однако в современном динамичном мире пользуются спросом игровые автоматы, широко представленные в портфолио ведущих брендов. Такое доступное, лёгкое и увлекательное занятие - активация эмуляторов - радует каждого пользователя, вне зависимости от его профессиональных умений и навыков. Жители разных регионов предпочитают комфортный домашний отдых, что полностью соответствует концепции игры в режиме реального времени.&lt;/p&gt;\n&lt;p&gt;\nКлиент абсолютно ничем не рискует - надежность и безопасность гарантируется специальными аудиторскими компаниями и подтверждается лицензиями, представленными на сайтах виртуальных порталов. На результативность сессии влияет выбор виртуального казино: геймеру следует определиться с онлайн ресурсом, обеспечивающим полноценное и приятное времяпровождение.&lt;/p&gt;\n&lt;p&gt;\nНа свете существует множество развлечений, однако в современном динамичном мире пользуются спросом игровые автоматы, широко представленные в портфолио ведущих брендов. Такое доступное, лёгкое и увлекательное занятие - активация эмуляторов - радует каждого пользователя, вне зависимости от его профессиональных умений и навыков. Жители разных регионов предпочитают комфортный домашний отдых, что полностью соответствует концепции игры в режиме реального времени.&lt;/p&gt;\n&lt;p&gt;\nКлиент абсолютно ничем не рискует - надежность и безопасность гарантируется специальными аудиторскими компаниями и подтверждается лицензиями, представленными на сайтах виртуальных порталов. На результативность сессии влияет выбор виртуального казино: геймеру следует определиться с онлайн ресурсом, обеспечивающим полноценное и приятное времяпровождение.&lt;/p&gt;\n&lt;p&gt;\n&lt;h2&gt;Онлайн казино Украины Heading 2&lt;/h2&gt;\nНа свете существует множество развлечений, однако в современном динамичном мире пользуются спросом игровые автоматы, широко представленные в портфолио ведущих брендов. Такое доступное, лёгкое и увлекательное занятие - активация эмуляторов - радует каждого пользователя, вне зависимости от его профессиональных умений и навыков. Жители разных регионов предпочитают комфортный домашний отдых, что полностью соответствует концепции игры в режиме реального времени.&lt;/p&gt;\n&lt;p&gt;\nКлиент абсолютно ничем не рискует - надежность и безопасность гарантируется специальными аудиторскими компаниями и подтверждается лицензиями, представленными на сайтах виртуальных порталов. На результативность сессии влияет выбор виртуального казино: геймеру следует определиться с онлайн ресурсом, обеспечивающим полноценное и приятное времяпровождение.&lt;/p&gt;\n&lt;p&gt;\nНа свете существует множество развлечений, однако в современном динамичном мире пользуются спросом игровые автоматы, широко представленные в портфолио ведущих брендов. Такое доступное, лёгкое и увлекательное занятие - активация эмуляторов - радует каждого пользователя, вне зависимости от его профессиональных умений и навыков. Жители разных регионов предпочитают комфортный домашний отдых, что полностью соответствует концепции игры в режиме реального времени.&lt;/p&gt;\n&lt;p&gt;\nКлиент абсолютно ничем не рискует - надежность и безопасность гарантируется специальными аудиторскими компаниями и подтверждается лицензиями, представленными на сайтах виртуальных порталов. На результативность сессии влияет выбор виртуального казино: геймеру следует определиться с онлайн ресурсом, обеспечивающим полноценное и приятное времяпровождение.&lt;/p&gt;\n</pre>', 1, '2022-04-21 15:46:14', '2022-04-21 15:46:14', 'static-pages', 'static-pages', '[{\"value_1\":\"✅ Принимает ли Slotoking игроков из Украины? Page Casino\",\"value_2\":\"Да, принимает. Slotoking одно из первых украинских казино. Кроме игроков их Украины, здесь могут играть жители Европы и Азии.\"},{\"value_1\":\"✅ Принимает ли Slotoking игроков из Украины?\",\"value_2\":\"Да, принимает. Slotoking одно из первых украинских казино. Кроме игроков их Украины, здесь могут играть жители Европы и Азии.\"},{\"value_1\":\"✅ Принимает ли Slotoking игроков из Украины?\",\"value_2\":\"Да, принимает. Slotoking одно из первых украинских казино. Кроме игроков их Украины, здесь могут играть жители Европы и Азии.\"}]'),
(4, 'public', 'license', 'License page ru', 'http://127.0.0.1:5000/img/default.png', 'Short desc license page ru', 'H1 license page ru', 'Meta title license page ru', 'Description license page ru', 'Keywords license page ru', '<pre class=\"ql-syntax\" spellcheck=\"false\">&lt;nav class=\"nav\"&gt;&lt;/nav&gt;\r\n&lt;h2&gt;Онлайн казино Украины Page Casino&lt;/h2&gt;\r\n&lt;p&gt;\r\nНа свете существует множество развлечений, однако в современном динамичном мире пользуются спросом игровые автоматы, широко представленные в портфолио ведущих брендов. Такое доступное, лёгкое и увлекательное занятие - активация эмуляторов - радует каждого пользователя, вне зависимости от его профессиональных умений и навыков. Жители разных регионов предпочитают комфортный домашний отдых, что полностью соответствует концепции игры в режиме реального времени.&lt;/p&gt;\r\n&lt;p&gt;\r\nКлиент абсолютно ничем не рискует - надежность и безопасность гарантируется специальными аудиторскими компаниями и подтверждается лицензиями, представленными на сайтах виртуальных порталов. На результативность сессии влияет выбор виртуального казино: геймеру следует определиться с онлайн ресурсом, обеспечивающим полноценное и приятное времяпровождение.&lt;/p&gt;\r\n&lt;p&gt;\r\nНа свете существует множество развлечений, однако в современном динамичном мире пользуются спросом игровые автоматы, широко представленные в портфолио ведущих брендов. Такое доступное, лёгкое и увлекательное занятие - активация эмуляторов - радует каждого пользователя, вне зависимости от его профессиональных умений и навыков. Жители разных регионов предпочитают комфортный домашний отдых, что полностью соответствует концепции игры в режиме реального времени.&lt;/p&gt;\r\n&lt;p&gt;\r\nКлиент абсолютно ничем не рискует - надежность и безопасность гарантируется специальными аудиторскими компаниями и подтверждается лицензиями, представленными на сайтах виртуальных порталов. На результативность сессии влияет выбор виртуального казино: геймеру следует определиться с онлайн ресурсом, обеспечивающим полноценное и приятное времяпровождение.&lt;/p&gt;\r\n&lt;h3&gt;Онлайн казино Украины Heading 3&lt;/h3&gt;\r\n&lt;p&gt;\r\nНа свете существует множество развлечений, однако в современном динамичном мире пользуются спросом игровые автоматы, широко представленные в портфолио ведущих брендов. Такое доступное, лёгкое и увлекательное занятие - активация эмуляторов - радует каждого пользователя, вне зависимости от его профессиональных умений и навыков. Жители разных регионов предпочитают комфортный домашний отдых, что полностью соответствует концепции игры в режиме реального времени.&lt;/p&gt;\r\n&lt;p&gt;\r\nКлиент абсолютно ничем не рискует - надежность и безопасность гарантируется специальными аудиторскими компаниями и подтверждается лицензиями, представленными на сайтах виртуальных порталов. На результативность сессии влияет выбор виртуального казино: геймеру следует определиться с онлайн ресурсом, обеспечивающим полноценное и приятное времяпровождение.&lt;/p&gt;\r\n&lt;p&gt;\r\nНа свете существует множество развлечений, однако в современном динамичном мире пользуются спросом игровые автоматы, широко представленные в портфолио ведущих брендов. Такое доступное, лёгкое и увлекательное занятие - активация эмуляторов - радует каждого пользователя, вне зависимости от его профессиональных умений и навыков. Жители разных регионов предпочитают комфортный домашний отдых, что полностью соответствует концепции игры в режиме реального времени.&lt;/p&gt;\r\n&lt;p&gt;\r\n&lt;h3&gt;Онлайн казино Украины Heading 2&lt;/h3&gt;\r\nКлиент абсолютно ничем не рискует - надежность и безопасность гарантируется специальными аудиторскими компаниями и подтверждается лицензиями, представленными на сайтах виртуальных порталов. На результативность сессии влияет выбор виртуального казино: геймеру следует определиться с онлайн ресурсом, обеспечивающим полноценное и приятное времяпровождение.&lt;/p&gt;\r\n&lt;p&gt;\r\nНа свете существует множество развлечений, однако в современном динамичном мире пользуются спросом игровые автоматы, широко представленные в портфолио ведущих брендов. Такое доступное, лёгкое и увлекательное занятие - активация эмуляторов - радует каждого пользователя, вне зависимости от его профессиональных умений и навыков. Жители разных регионов предпочитают комфортный домашний отдых, что полностью соответствует концепции игры в режиме реального времени.&lt;/p&gt;\r\n&lt;p&gt;\r\nКлиент абсолютно ничем не рискует - надежность и безопасность гарантируется специальными аудиторскими компаниями и подтверждается лицензиями, представленными на сайтах виртуальных порталов. На результативность сессии влияет выбор виртуального казино: геймеру следует определиться с онлайн ресурсом, обеспечивающим полноценное и приятное времяпровождение.&lt;/p&gt;\r\n&lt;p&gt;\r\nНа свете существует множество развлечений, однако в современном динамичном мире пользуются спросом игровые автоматы, широко представленные в портфолио ведущих брендов. Такое доступное, лёгкое и увлекательное занятие - активация эмуляторов - радует каждого пользователя, вне зависимости от его профессиональных умений и навыков. Жители разных регионов предпочитают комфортный домашний отдых, что полностью соответствует концепции игры в режиме реального времени.&lt;/p&gt;\r\n&lt;p&gt;\r\nКлиент абсолютно ничем не рискует - надежность и безопасность гарантируется специальными аудиторскими компаниями и подтверждается лицензиями, представленными на сайтах виртуальных порталов. На результативность сессии влияет выбор виртуального казино: геймеру следует определиться с онлайн ресурсом, обеспечивающим полноценное и приятное времяпровождение.&lt;/p&gt;\r\n&lt;p&gt;\r\n&lt;h2&gt;Онлайн казино Украины Heading 2&lt;/h2&gt;\r\nНа свете существует множество развлечений, однако в современном динамичном мире пользуются спросом игровые автоматы, широко представленные в портфолио ведущих брендов. Такое доступное, лёгкое и увлекательное занятие - активация эмуляторов - радует каждого пользователя, вне зависимости от его профессиональных умений и навыков. Жители разных регионов предпочитают комфортный домашний отдых, что полностью соответствует концепции игры в режиме реального времени.&lt;/p&gt;\r\n&lt;p&gt;\r\nКлиент абсолютно ничем не рискует - надежность и безопасность гарантируется специальными аудиторскими компаниями и подтверждается лицензиями, представленными на сайтах виртуальных порталов. На результативность сессии влияет выбор виртуального казино: геймеру следует определиться с онлайн ресурсом, обеспечивающим полноценное и приятное времяпровождение.&lt;/p&gt;\r\n&lt;p&gt;\r\nНа свете существует множество развлечений, однако в современном динамичном мире пользуются спросом игровые автоматы, широко представленные в портфолио ведущих брендов. Такое доступное, лёгкое и увлекательное занятие - активация эмуляторов - радует каждого пользователя, вне зависимости от его профессиональных умений и навыков. Жители разных регионов предпочитают комфортный домашний отдых, что полностью соответствует концепции игры в режиме реального времени.&lt;/p&gt;\r\n&lt;p&gt;\r\nКлиент абсолютно ничем не рискует - надежность и безопасность гарантируется специальными аудиторскими компаниями и подтверждается лицензиями, представленными на сайтах виртуальных порталов. На результативность сессии влияет выбор виртуального казино: геймеру следует определиться с онлайн ресурсом, обеспечивающим полноценное и приятное времяпровождение.&lt;/p&gt;\r\n</pre>', 1, '2022-04-21 15:46:14', '2022-04-21 15:46:14', 'static-pages', 'static-pages', '[{\"value_1\":\"✅ Принимает ли Slotoking игроков из Украины? Page License\",\"value_2\":\"Да, принимает. Slotoking одно из первых украинских казино. Кроме игроков их Украины, здесь могут играть жители Европы и Азии.\"},{\"value_1\":\"✅ Принимает ли Slotoking игроков из Украины?\",\"value_2\":\"Да, принимает. Slotoking одно из первых украинских казино. Кроме игроков их Украины, здесь могут играть жители Европы и Азии.\"},{\"value_1\":\"✅ Принимает ли Slotoking игроков из Украины?\",\"value_2\":\"Да, принимает. Slotoking одно из первых украинских казино. Кроме игроков их Украины, здесь могут играть жители Европы и Азии.\"}]'),
(5, 'public', 'article', 'Article page ru', 'http://127.0.0.1:5000/img/default.png', 'Short desc article page ru', 'H1 article page ru', 'Meta title article page ru', 'Description article page ru', 'Keywords article page ru', '<pre class=\"ql-syntax\" spellcheck=\"false\">&lt;nav class=\"nav\"&gt;&lt;/nav&gt;\r\n&lt;h2&gt;Онлайн казино Украины Page Article&lt;/h2&gt;\r\n&lt;p&gt;\r\nНа свете существует множество развлечений, однако в современном динамичном мире пользуются спросом игровые автоматы, широко представленные в портфолио ведущих брендов. Такое доступное, лёгкое и увлекательное занятие - активация эмуляторов - радует каждого пользователя, вне зависимости от его профессиональных умений и навыков. Жители разных регионов предпочитают комфортный домашний отдых, что полностью соответствует концепции игры в режиме реального времени.&lt;/p&gt;\r\n&lt;p&gt;\r\nКлиент абсолютно ничем не рискует - надежность и безопасность гарантируется специальными аудиторскими компаниями и подтверждается лицензиями, представленными на сайтах виртуальных порталов. На результативность сессии влияет выбор виртуального казино: геймеру следует определиться с онлайн ресурсом, обеспечивающим полноценное и приятное времяпровождение.&lt;/p&gt;\r\n&lt;p&gt;\r\nНа свете существует множество развлечений, однако в современном динамичном мире пользуются спросом игровые автоматы, широко представленные в портфолио ведущих брендов. Такое доступное, лёгкое и увлекательное занятие - активация эмуляторов - радует каждого пользователя, вне зависимости от его профессиональных умений и навыков. Жители разных регионов предпочитают комфортный домашний отдых, что полностью соответствует концепции игры в режиме реального времени.&lt;/p&gt;\r\n&lt;p&gt;\r\nКлиент абсолютно ничем не рискует - надежность и безопасность гарантируется специальными аудиторскими компаниями и подтверждается лицензиями, представленными на сайтах виртуальных порталов. На результативность сессии влияет выбор виртуального казино: геймеру следует определиться с онлайн ресурсом, обеспечивающим полноценное и приятное времяпровождение.&lt;/p&gt;\r\n&lt;h3&gt;Онлайн казино Украины Heading 3&lt;/h3&gt;\r\n&lt;p&gt;\r\nНа свете существует множество развлечений, однако в современном динамичном мире пользуются спросом игровые автоматы, широко представленные в портфолио ведущих брендов. Такое доступное, лёгкое и увлекательное занятие - активация эмуляторов - радует каждого пользователя, вне зависимости от его профессиональных умений и навыков. Жители разных регионов предпочитают комфортный домашний отдых, что полностью соответствует концепции игры в режиме реального времени.&lt;/p&gt;\r\n&lt;p&gt;\r\nКлиент абсолютно ничем не рискует - надежность и безопасность гарантируется специальными аудиторскими компаниями и подтверждается лицензиями, представленными на сайтах виртуальных порталов. На результативность сессии влияет выбор виртуального казино: геймеру следует определиться с онлайн ресурсом, обеспечивающим полноценное и приятное времяпровождение.&lt;/p&gt;\r\n&lt;p&gt;\r\nНа свете существует множество развлечений, однако в современном динамичном мире пользуются спросом игровые автоматы, широко представленные в портфолио ведущих брендов. Такое доступное, лёгкое и увлекательное занятие - активация эмуляторов - радует каждого пользователя, вне зависимости от его профессиональных умений и навыков. Жители разных регионов предпочитают комфортный домашний отдых, что полностью соответствует концепции игры в режиме реального времени.&lt;/p&gt;\r\n&lt;p&gt;\r\n&lt;h3&gt;Онлайн казино Украины Heading 2&lt;/h3&gt;\r\nКлиент абсолютно ничем не рискует - надежность и безопасность гарантируется специальными аудиторскими компаниями и подтверждается лицензиями, представленными на сайтах виртуальных порталов. На результативность сессии влияет выбор виртуального казино: геймеру следует определиться с онлайн ресурсом, обеспечивающим полноценное и приятное времяпровождение.&lt;/p&gt;\r\n&lt;p&gt;\r\nНа свете существует множество развлечений, однако в современном динамичном мире пользуются спросом игровые автоматы, широко представленные в портфолио ведущих брендов. Такое доступное, лёгкое и увлекательное занятие - активация эмуляторов - радует каждого пользователя, вне зависимости от его профессиональных умений и навыков. Жители разных регионов предпочитают комфортный домашний отдых, что полностью соответствует концепции игры в режиме реального времени.&lt;/p&gt;\r\n&lt;p&gt;\r\nКлиент абсолютно ничем не рискует - надежность и безопасность гарантируется специальными аудиторскими компаниями и подтверждается лицензиями, представленными на сайтах виртуальных порталов. На результативность сессии влияет выбор виртуального казино: геймеру следует определиться с онлайн ресурсом, обеспечивающим полноценное и приятное времяпровождение.&lt;/p&gt;\r\n&lt;p&gt;\r\nНа свете существует множество развлечений, однако в современном динамичном мире пользуются спросом игровые автоматы, широко представленные в портфолио ведущих брендов. Такое доступное, лёгкое и увлекательное занятие - активация эмуляторов - радует каждого пользователя, вне зависимости от его профессиональных умений и навыков. Жители разных регионов предпочитают комфортный домашний отдых, что полностью соответствует концепции игры в режиме реального времени.&lt;/p&gt;\r\n&lt;p&gt;\r\nКлиент абсолютно ничем не рискует - надежность и безопасность гарантируется специальными аудиторскими компаниями и подтверждается лицензиями, представленными на сайтах виртуальных порталов. На результативность сессии влияет выбор виртуального казино: геймеру следует определиться с онлайн ресурсом, обеспечивающим полноценное и приятное времяпровождение.&lt;/p&gt;\r\n&lt;p&gt;\r\n&lt;h2&gt;Онлайн казино Украины Heading 2&lt;/h2&gt;\r\nНа свете существует множество развлечений, однако в современном динамичном мире пользуются спросом игровые автоматы, широко представленные в портфолио ведущих брендов. Такое доступное, лёгкое и увлекательное занятие - активация эмуляторов - радует каждого пользователя, вне зависимости от его профессиональных умений и навыков. Жители разных регионов предпочитают комфортный домашний отдых, что полностью соответствует концепции игры в режиме реального времени.&lt;/p&gt;\r\n&lt;p&gt;\r\nКлиент абсолютно ничем не рискует - надежность и безопасность гарантируется специальными аудиторскими компаниями и подтверждается лицензиями, представленными на сайтах виртуальных порталов. На результативность сессии влияет выбор виртуального казино: геймеру следует определиться с онлайн ресурсом, обеспечивающим полноценное и приятное времяпровождение.&lt;/p&gt;\r\n&lt;p&gt;\r\nНа свете существует множество развлечений, однако в современном динамичном мире пользуются спросом игровые автоматы, широко представленные в портфолио ведущих брендов. Такое доступное, лёгкое и увлекательное занятие - активация эмуляторов - радует каждого пользователя, вне зависимости от его профессиональных умений и навыков. Жители разных регионов предпочитают комфортный домашний отдых, что полностью соответствует концепции игры в режиме реального времени.&lt;/p&gt;\r\n&lt;p&gt;\r\nКлиент абсолютно ничем не рискует - надежность и безопасность гарантируется специальными аудиторскими компаниями и подтверждается лицензиями, представленными на сайтах виртуальных порталов. На результативность сессии влияет выбор виртуального казино: геймеру следует определиться с онлайн ресурсом, обеспечивающим полноценное и приятное времяпровождение.&lt;/p&gt;\r\n</pre>', 1, '2022-04-21 15:46:14', '2022-04-21 15:46:14', 'static-pages', 'static-pages', '[{\"value_1\":\"✅ Принимает ли Slotoking игроков из Украины? Page Article\",\"value_2\":\"Да, принимает. Slotoking одно из первых украинских казино. Кроме игроков их Украины, здесь могут играть жители Европы и Азии.\"},{\"value_1\":\"✅ Принимает ли Slotoking игроков из Украины?\",\"value_2\":\"Да, принимает. Slotoking одно из первых украинских казино. Кроме игроков их Украины, здесь могут играть жители Европы и Азии.\"},{\"value_1\":\"✅ Принимает ли Slotoking игроков из Украины?\",\"value_2\":\"Да, принимает. Slotoking одно из первых украинских казино. Кроме игроков их Украины, здесь могут играть жители Европы и Азии.\"}]'),
(6, 'public', 'payment', 'Payment page ru', 'http://127.0.0.1:5000/img/default.png', 'Short desc payment page ru', 'H1 payment page ru', 'Meta title payment page ru', 'Description payment page ru', 'Keywords payment page ru', '<pre class=\"ql-syntax\" spellcheck=\"false\">&lt;nav class=\"nav\"&gt;&lt;/nav&gt;\r\n&lt;h2&gt;Онлайн казино Украины Page Payment&lt;/h2&gt;\r\n&lt;p&gt;\r\nНа свете существует множество развлечений, однако в современном динамичном мире пользуются спросом игровые автоматы, широко представленные в портфолио ведущих брендов. Такое доступное, лёгкое и увлекательное занятие - активация эмуляторов - радует каждого пользователя, вне зависимости от его профессиональных умений и навыков. Жители разных регионов предпочитают комфортный домашний отдых, что полностью соответствует концепции игры в режиме реального времени.&lt;/p&gt;\r\n&lt;p&gt;\r\nКлиент абсолютно ничем не рискует - надежность и безопасность гарантируется специальными аудиторскими компаниями и подтверждается лицензиями, представленными на сайтах виртуальных порталов. На результативность сессии влияет выбор виртуального казино: геймеру следует определиться с онлайн ресурсом, обеспечивающим полноценное и приятное времяпровождение.&lt;/p&gt;\r\n&lt;p&gt;\r\nНа свете существует множество развлечений, однако в современном динамичном мире пользуются спросом игровые автоматы, широко представленные в портфолио ведущих брендов. Такое доступное, лёгкое и увлекательное занятие - активация эмуляторов - радует каждого пользователя, вне зависимости от его профессиональных умений и навыков. Жители разных регионов предпочитают комфортный домашний отдых, что полностью соответствует концепции игры в режиме реального времени.&lt;/p&gt;\r\n&lt;p&gt;\r\nКлиент абсолютно ничем не рискует - надежность и безопасность гарантируется специальными аудиторскими компаниями и подтверждается лицензиями, представленными на сайтах виртуальных порталов. На результативность сессии влияет выбор виртуального казино: геймеру следует определиться с онлайн ресурсом, обеспечивающим полноценное и приятное времяпровождение.&lt;/p&gt;\r\n&lt;h3&gt;Онлайн казино Украины Heading 3&lt;/h3&gt;\r\n&lt;p&gt;\r\nНа свете существует множество развлечений, однако в современном динамичном мире пользуются спросом игровые автоматы, широко представленные в портфолио ведущих брендов. Такое доступное, лёгкое и увлекательное занятие - активация эмуляторов - радует каждого пользователя, вне зависимости от его профессиональных умений и навыков. Жители разных регионов предпочитают комфортный домашний отдых, что полностью соответствует концепции игры в режиме реального времени.&lt;/p&gt;\r\n&lt;p&gt;\r\nКлиент абсолютно ничем не рискует - надежность и безопасность гарантируется специальными аудиторскими компаниями и подтверждается лицензиями, представленными на сайтах виртуальных порталов. На результативность сессии влияет выбор виртуального казино: геймеру следует определиться с онлайн ресурсом, обеспечивающим полноценное и приятное времяпровождение.&lt;/p&gt;\r\n&lt;p&gt;\r\nНа свете существует множество развлечений, однако в современном динамичном мире пользуются спросом игровые автоматы, широко представленные в портфолио ведущих брендов. Такое доступное, лёгкое и увлекательное занятие - активация эмуляторов - радует каждого пользователя, вне зависимости от его профессиональных умений и навыков. Жители разных регионов предпочитают комфортный домашний отдых, что полностью соответствует концепции игры в режиме реального времени.&lt;/p&gt;\r\n&lt;p&gt;\r\n&lt;h3&gt;Онлайн казино Украины Heading 2&lt;/h3&gt;\r\nКлиент абсолютно ничем не рискует - надежность и безопасность гарантируется специальными аудиторскими компаниями и подтверждается лицензиями, представленными на сайтах виртуальных порталов. На результативность сессии влияет выбор виртуального казино: геймеру следует определиться с онлайн ресурсом, обеспечивающим полноценное и приятное времяпровождение.&lt;/p&gt;\r\n&lt;p&gt;\r\nНа свете существует множество развлечений, однако в современном динамичном мире пользуются спросом игровые автоматы, широко представленные в портфолио ведущих брендов. Такое доступное, лёгкое и увлекательное занятие - активация эмуляторов - радует каждого пользователя, вне зависимости от его профессиональных умений и навыков. Жители разных регионов предпочитают комфортный домашний отдых, что полностью соответствует концепции игры в режиме реального времени.&lt;/p&gt;\r\n&lt;p&gt;\r\nКлиент абсолютно ничем не рискует - надежность и безопасность гарантируется специальными аудиторскими компаниями и подтверждается лицензиями, представленными на сайтах виртуальных порталов. На результативность сессии влияет выбор виртуального казино: геймеру следует определиться с онлайн ресурсом, обеспечивающим полноценное и приятное времяпровождение.&lt;/p&gt;\r\n&lt;p&gt;\r\nНа свете существует множество развлечений, однако в современном динамичном мире пользуются спросом игровые автоматы, широко представленные в портфолио ведущих брендов. Такое доступное, лёгкое и увлекательное занятие - активация эмуляторов - радует каждого пользователя, вне зависимости от его профессиональных умений и навыков. Жители разных регионов предпочитают комфортный домашний отдых, что полностью соответствует концепции игры в режиме реального времени.&lt;/p&gt;\r\n&lt;p&gt;\r\nКлиент абсолютно ничем не рискует - надежность и безопасность гарантируется специальными аудиторскими компаниями и подтверждается лицензиями, представленными на сайтах виртуальных порталов. На результативность сессии влияет выбор виртуального казино: геймеру следует определиться с онлайн ресурсом, обеспечивающим полноценное и приятное времяпровождение.&lt;/p&gt;\r\n&lt;p&gt;\r\n&lt;h2&gt;Онлайн казино Украины Heading 2&lt;/h2&gt;\r\nНа свете существует множество развлечений, однако в современном динамичном мире пользуются спросом игровые автоматы, широко представленные в портфолио ведущих брендов. Такое доступное, лёгкое и увлекательное занятие - активация эмуляторов - радует каждого пользователя, вне зависимости от его профессиональных умений и навыков. Жители разных регионов предпочитают комфортный домашний отдых, что полностью соответствует концепции игры в режиме реального времени.&lt;/p&gt;\r\n&lt;p&gt;\r\nКлиент абсолютно ничем не рискует - надежность и безопасность гарантируется специальными аудиторскими компаниями и подтверждается лицензиями, представленными на сайтах виртуальных порталов. На результативность сессии влияет выбор виртуального казино: геймеру следует определиться с онлайн ресурсом, обеспечивающим полноценное и приятное времяпровождение.&lt;/p&gt;\r\n&lt;p&gt;\r\nНа свете существует множество развлечений, однако в современном динамичном мире пользуются спросом игровые автоматы, широко представленные в портфолио ведущих брендов. Такое доступное, лёгкое и увлекательное занятие - активация эмуляторов - радует каждого пользователя, вне зависимости от его профессиональных умений и навыков. Жители разных регионов предпочитают комфортный домашний отдых, что полностью соответствует концепции игры в режиме реального времени.&lt;/p&gt;\r\n&lt;p&gt;\r\nКлиент абсолютно ничем не рискует - надежность и безопасность гарантируется специальными аудиторскими компаниями и подтверждается лицензиями, представленными на сайтах виртуальных порталов. На результативность сессии влияет выбор виртуального казино: геймеру следует определиться с онлайн ресурсом, обеспечивающим полноценное и приятное времяпровождение.&lt;/p&gt;\r\n</pre>', 1, '2022-04-21 15:46:14', '2022-04-21 15:46:14', 'static-pages', 'static-pages', '[{\"value_1\":\"✅ Принимает ли Slotoking игроков из Украины? Page Payment\",\"value_2\":\"Да, принимает. Slotoking одно из первых украинских казино. Кроме игроков их Украины, здесь могут играть жители Европы и Азии.\"},{\"value_1\":\"✅ Принимает ли Slotoking игроков из Украины?\",\"value_2\":\"Да, принимает. Slotoking одно из первых украинских казино. Кроме игроков их Украины, здесь могут играть жители Европы и Азии.\"},{\"value_1\":\"✅ Принимает ли Slotoking игроков из Украины?\",\"value_2\":\"Да, принимает. Slotoking одно из первых украинских казино. Кроме игроков их Украины, здесь могут играть жители Европы и Азии.\"}]'),
(7, 'public', 'vendor', 'Vendor page ru', 'http://127.0.0.1:5000/img/default.png', 'Short desc vendor page ru', 'H1 vendor page ru', 'Meta title vendor page ru', 'Description vendor page ru', 'Keywords vendor page ru', '<pre class=\"ql-syntax\" spellcheck=\"false\">&lt;nav class=\"nav\"&gt;&lt;/nav&gt;\r\n&lt;h2&gt;Онлайн казино Украины Page Vendor&lt;/h2&gt;\r\n&lt;p&gt;\r\nНа свете существует множество развлечений, однако в современном динамичном мире пользуются спросом игровые автоматы, широко представленные в портфолио ведущих брендов. Такое доступное, лёгкое и увлекательное занятие - активация эмуляторов - радует каждого пользователя, вне зависимости от его профессиональных умений и навыков. Жители разных регионов предпочитают комфортный домашний отдых, что полностью соответствует концепции игры в режиме реального времени.&lt;/p&gt;\r\n&lt;p&gt;\r\nКлиент абсолютно ничем не рискует - надежность и безопасность гарантируется специальными аудиторскими компаниями и подтверждается лицензиями, представленными на сайтах виртуальных порталов. На результативность сессии влияет выбор виртуального казино: геймеру следует определиться с онлайн ресурсом, обеспечивающим полноценное и приятное времяпровождение.&lt;/p&gt;\r\n&lt;p&gt;\r\nНа свете существует множество развлечений, однако в современном динамичном мире пользуются спросом игровые автоматы, широко представленные в портфолио ведущих брендов. Такое доступное, лёгкое и увлекательное занятие - активация эмуляторов - радует каждого пользователя, вне зависимости от его профессиональных умений и навыков. Жители разных регионов предпочитают комфортный домашний отдых, что полностью соответствует концепции игры в режиме реального времени.&lt;/p&gt;\r\n&lt;p&gt;\r\nКлиент абсолютно ничем не рискует - надежность и безопасность гарантируется специальными аудиторскими компаниями и подтверждается лицензиями, представленными на сайтах виртуальных порталов. На результативность сессии влияет выбор виртуального казино: геймеру следует определиться с онлайн ресурсом, обеспечивающим полноценное и приятное времяпровождение.&lt;/p&gt;\r\n&lt;h3&gt;Онлайн казино Украины Heading 3&lt;/h3&gt;\r\n&lt;p&gt;\r\nНа свете существует множество развлечений, однако в современном динамичном мире пользуются спросом игровые автоматы, широко представленные в портфолио ведущих брендов. Такое доступное, лёгкое и увлекательное занятие - активация эмуляторов - радует каждого пользователя, вне зависимости от его профессиональных умений и навыков. Жители разных регионов предпочитают комфортный домашний отдых, что полностью соответствует концепции игры в режиме реального времени.&lt;/p&gt;\r\n&lt;p&gt;\r\nКлиент абсолютно ничем не рискует - надежность и безопасность гарантируется специальными аудиторскими компаниями и подтверждается лицензиями, представленными на сайтах виртуальных порталов. На результативность сессии влияет выбор виртуального казино: геймеру следует определиться с онлайн ресурсом, обеспечивающим полноценное и приятное времяпровождение.&lt;/p&gt;\r\n&lt;p&gt;\r\nНа свете существует множество развлечений, однако в современном динамичном мире пользуются спросом игровые автоматы, широко представленные в портфолио ведущих брендов. Такое доступное, лёгкое и увлекательное занятие - активация эмуляторов - радует каждого пользователя, вне зависимости от его профессиональных умений и навыков. Жители разных регионов предпочитают комфортный домашний отдых, что полностью соответствует концепции игры в режиме реального времени.&lt;/p&gt;\r\n&lt;p&gt;\r\n&lt;h3&gt;Онлайн казино Украины Heading 2&lt;/h3&gt;\r\nКлиент абсолютно ничем не рискует - надежность и безопасность гарантируется специальными аудиторскими компаниями и подтверждается лицензиями, представленными на сайтах виртуальных порталов. На результативность сессии влияет выбор виртуального казино: геймеру следует определиться с онлайн ресурсом, обеспечивающим полноценное и приятное времяпровождение.&lt;/p&gt;\r\n&lt;p&gt;\r\nНа свете существует множество развлечений, однако в современном динамичном мире пользуются спросом игровые автоматы, широко представленные в портфолио ведущих брендов. Такое доступное, лёгкое и увлекательное занятие - активация эмуляторов - радует каждого пользователя, вне зависимости от его профессиональных умений и навыков. Жители разных регионов предпочитают комфортный домашний отдых, что полностью соответствует концепции игры в режиме реального времени.&lt;/p&gt;\r\n&lt;p&gt;\r\nКлиент абсолютно ничем не рискует - надежность и безопасность гарантируется специальными аудиторскими компаниями и подтверждается лицензиями, представленными на сайтах виртуальных порталов. На результативность сессии влияет выбор виртуального казино: геймеру следует определиться с онлайн ресурсом, обеспечивающим полноценное и приятное времяпровождение.&lt;/p&gt;\r\n&lt;p&gt;\r\nНа свете существует множество развлечений, однако в современном динамичном мире пользуются спросом игровые автоматы, широко представленные в портфолио ведущих брендов. Такое доступное, лёгкое и увлекательное занятие - активация эмуляторов - радует каждого пользователя, вне зависимости от его профессиональных умений и навыков. Жители разных регионов предпочитают комфортный домашний отдых, что полностью соответствует концепции игры в режиме реального времени.&lt;/p&gt;\r\n&lt;p&gt;\r\nКлиент абсолютно ничем не рискует - надежность и безопасность гарантируется специальными аудиторскими компаниями и подтверждается лицензиями, представленными на сайтах виртуальных порталов. На результативность сессии влияет выбор виртуального казино: геймеру следует определиться с онлайн ресурсом, обеспечивающим полноценное и приятное времяпровождение.&lt;/p&gt;\r\n&lt;p&gt;\r\n&lt;h2&gt;Онлайн казино Украины Heading 2&lt;/h2&gt;\r\nНа свете существует множество развлечений, однако в современном динамичном мире пользуются спросом игровые автоматы, широко представленные в портфолио ведущих брендов. Такое доступное, лёгкое и увлекательное занятие - активация эмуляторов - радует каждого пользователя, вне зависимости от его профессиональных умений и навыков. Жители разных регионов предпочитают комфортный домашний отдых, что полностью соответствует концепции игры в режиме реального времени.&lt;/p&gt;\r\n&lt;p&gt;\r\nКлиент абсолютно ничем не рискует - надежность и безопасность гарантируется специальными аудиторскими компаниями и подтверждается лицензиями, представленными на сайтах виртуальных порталов. На результативность сессии влияет выбор виртуального казино: геймеру следует определиться с онлайн ресурсом, обеспечивающим полноценное и приятное времяпровождение.&lt;/p&gt;\r\n&lt;p&gt;\r\nНа свете существует множество развлечений, однако в современном динамичном мире пользуются спросом игровые автоматы, широко представленные в портфолио ведущих брендов. Такое доступное, лёгкое и увлекательное занятие - активация эмуляторов - радует каждого пользователя, вне зависимости от его профессиональных умений и навыков. Жители разных регионов предпочитают комфортный домашний отдых, что полностью соответствует концепции игры в режиме реального времени.&lt;/p&gt;\r\n&lt;p&gt;\r\nКлиент абсолютно ничем не рискует - надежность и безопасность гарантируется специальными аудиторскими компаниями и подтверждается лицензиями, представленными на сайтах виртуальных порталов. На результативность сессии влияет выбор виртуального казино: геймеру следует определиться с онлайн ресурсом, обеспечивающим полноценное и приятное времяпровождение.&lt;/p&gt;\r\n</pre>', 1, '2022-04-21 15:46:14', '2022-04-21 15:46:14', 'static-pages', 'static-pages', '[{\"value_1\":\"✅ Принимает ли Slotoking игроков из Украины? Page Vendor\",\"value_2\":\"Да, принимает. Slotoking одно из первых украинских казино. Кроме игроков их Украины, здесь могут играть жители Европы и Азии.\"},{\"value_1\":\"✅ Принимает ли Slotoking игроков из Украины?\",\"value_2\":\"Да, принимает. Slotoking одно из первых украинских казино. Кроме игроков их Украины, здесь могут играть жители Европы и Азии.\"},{\"value_1\":\"✅ Принимает ли Slotoking игроков из Украины?\",\"value_2\":\"Да, принимает. Slotoking одно из первых украинских казино. Кроме игроков их Украины, здесь могут играть жители Европы и Азии.\"}]');
INSERT INTO `pages` (`id`, `status`, `permalink`, `title`, `thumbnail`, `short_desc`, `h1`, `meta_title`, `description`, `keywords`, `content`, `lang`, `updated_at`, `created_at`, `post_type`, `slug`, `faq`) VALUES
(8, 'public', 'game', 'Game page ru', 'http://127.0.0.1:5000/img/default.png', 'Short desc game page ru', 'H1 game page ru', 'Meta title vendor page ru', 'Description game page ru', 'Keywords game page ru', '<pre class=\"ql-syntax\" spellcheck=\"false\">&lt;nav class=\"nav\"&gt;&lt;/nav&gt;\r\n&lt;h2&gt;Онлайн казино Украины Page game&lt;/h2&gt;\r\n&lt;p&gt;\r\nНа свете существует множество развлечений, однако в современном динамичном мире пользуются спросом игровые автоматы, широко представленные в портфолио ведущих брендов. Такое доступное, лёгкое и увлекательное занятие - активация эмуляторов - радует каждого пользователя, вне зависимости от его профессиональных умений и навыков. Жители разных регионов предпочитают комфортный домашний отдых, что полностью соответствует концепции игры в режиме реального времени.&lt;/p&gt;\r\n&lt;p&gt;\r\nКлиент абсолютно ничем не рискует - надежность и безопасность гарантируется специальными аудиторскими компаниями и подтверждается лицензиями, представленными на сайтах виртуальных порталов. На результативность сессии влияет выбор виртуального казино: геймеру следует определиться с онлайн ресурсом, обеспечивающим полноценное и приятное времяпровождение.&lt;/p&gt;\r\n&lt;p&gt;\r\nНа свете существует множество развлечений, однако в современном динамичном мире пользуются спросом игровые автоматы, широко представленные в портфолио ведущих брендов. Такое доступное, лёгкое и увлекательное занятие - активация эмуляторов - радует каждого пользователя, вне зависимости от его профессиональных умений и навыков. Жители разных регионов предпочитают комфортный домашний отдых, что полностью соответствует концепции игры в режиме реального времени.&lt;/p&gt;\r\n&lt;p&gt;\r\nКлиент абсолютно ничем не рискует - надежность и безопасность гарантируется специальными аудиторскими компаниями и подтверждается лицензиями, представленными на сайтах виртуальных порталов. На результативность сессии влияет выбор виртуального казино: геймеру следует определиться с онлайн ресурсом, обеспечивающим полноценное и приятное времяпровождение.&lt;/p&gt;\r\n&lt;h3&gt;Онлайн казино Украины Heading 3&lt;/h3&gt;\r\n&lt;p&gt;\r\nНа свете существует множество развлечений, однако в современном динамичном мире пользуются спросом игровые автоматы, широко представленные в портфолио ведущих брендов. Такое доступное, лёгкое и увлекательное занятие - активация эмуляторов - радует каждого пользователя, вне зависимости от его профессиональных умений и навыков. Жители разных регионов предпочитают комфортный домашний отдых, что полностью соответствует концепции игры в режиме реального времени.&lt;/p&gt;\r\n&lt;p&gt;\r\nКлиент абсолютно ничем не рискует - надежность и безопасность гарантируется специальными аудиторскими компаниями и подтверждается лицензиями, представленными на сайтах виртуальных порталов. На результативность сессии влияет выбор виртуального казино: геймеру следует определиться с онлайн ресурсом, обеспечивающим полноценное и приятное времяпровождение.&lt;/p&gt;\r\n&lt;p&gt;\r\nНа свете существует множество развлечений, однако в современном динамичном мире пользуются спросом игровые автоматы, широко представленные в портфолио ведущих брендов. Такое доступное, лёгкое и увлекательное занятие - активация эмуляторов - радует каждого пользователя, вне зависимости от его профессиональных умений и навыков. Жители разных регионов предпочитают комфортный домашний отдых, что полностью соответствует концепции игры в режиме реального времени.&lt;/p&gt;\r\n&lt;p&gt;\r\n&lt;h3&gt;Онлайн казино Украины Heading 2&lt;/h3&gt;\r\nКлиент абсолютно ничем не рискует - надежность и безопасность гарантируется специальными аудиторскими компаниями и подтверждается лицензиями, представленными на сайтах виртуальных порталов. На результативность сессии влияет выбор виртуального казино: геймеру следует определиться с онлайн ресурсом, обеспечивающим полноценное и приятное времяпровождение.&lt;/p&gt;\r\n&lt;p&gt;\r\nНа свете существует множество развлечений, однако в современном динамичном мире пользуются спросом игровые автоматы, широко представленные в портфолио ведущих брендов. Такое доступное, лёгкое и увлекательное занятие - активация эмуляторов - радует каждого пользователя, вне зависимости от его профессиональных умений и навыков. Жители разных регионов предпочитают комфортный домашний отдых, что полностью соответствует концепции игры в режиме реального времени.&lt;/p&gt;\r\n&lt;p&gt;\r\nКлиент абсолютно ничем не рискует - надежность и безопасность гарантируется специальными аудиторскими компаниями и подтверждается лицензиями, представленными на сайтах виртуальных порталов. На результативность сессии влияет выбор виртуального казино: геймеру следует определиться с онлайн ресурсом, обеспечивающим полноценное и приятное времяпровождение.&lt;/p&gt;\r\n&lt;p&gt;\r\nНа свете существует множество развлечений, однако в современном динамичном мире пользуются спросом игровые автоматы, широко представленные в портфолио ведущих брендов. Такое доступное, лёгкое и увлекательное занятие - активация эмуляторов - радует каждого пользователя, вне зависимости от его профессиональных умений и навыков. Жители разных регионов предпочитают комфортный домашний отдых, что полностью соответствует концепции игры в режиме реального времени.&lt;/p&gt;\r\n&lt;p&gt;\r\nКлиент абсолютно ничем не рискует - надежность и безопасность гарантируется специальными аудиторскими компаниями и подтверждается лицензиями, представленными на сайтах виртуальных порталов. На результативность сессии влияет выбор виртуального казино: геймеру следует определиться с онлайн ресурсом, обеспечивающим полноценное и приятное времяпровождение.&lt;/p&gt;\r\n&lt;p&gt;\r\n&lt;h2&gt;Онлайн казино Украины Heading 2&lt;/h2&gt;\r\nНа свете существует множество развлечений, однако в современном динамичном мире пользуются спросом игровые автоматы, широко представленные в портфолио ведущих брендов. Такое доступное, лёгкое и увлекательное занятие - активация эмуляторов - радует каждого пользователя, вне зависимости от его профессиональных умений и навыков. Жители разных регионов предпочитают комфортный домашний отдых, что полностью соответствует концепции игры в режиме реального времени.&lt;/p&gt;\r\n&lt;p&gt;\r\nКлиент абсолютно ничем не рискует - надежность и безопасность гарантируется специальными аудиторскими компаниями и подтверждается лицензиями, представленными на сайтах виртуальных порталов. На результативность сессии влияет выбор виртуального казино: геймеру следует определиться с онлайн ресурсом, обеспечивающим полноценное и приятное времяпровождение.&lt;/p&gt;\r\n&lt;p&gt;\r\nНа свете существует множество развлечений, однако в современном динамичном мире пользуются спросом игровые автоматы, широко представленные в портфолио ведущих брендов. Такое доступное, лёгкое и увлекательное занятие - активация эмуляторов - радует каждого пользователя, вне зависимости от его профессиональных умений и навыков. Жители разных регионов предпочитают комфортный домашний отдых, что полностью соответствует концепции игры в режиме реального времени.&lt;/p&gt;\r\n&lt;p&gt;\r\nКлиент абсолютно ничем не рискует - надежность и безопасность гарантируется специальными аудиторскими компаниями и подтверждается лицензиями, представленными на сайтах виртуальных порталов. На результативность сессии влияет выбор виртуального казино: геймеру следует определиться с онлайн ресурсом, обеспечивающим полноценное и приятное времяпровождение.&lt;/p&gt;\r\n</pre>', 1, '2022-04-21 15:46:14', '2022-04-21 15:46:14', 'static-pages', 'static-pages', '[{\"value_1\":\"✅ Принимает ли Slotoking игроков из Украины? Page Game\",\"value_2\":\"Да, принимает. Slotoking одно из первых украинских казино. Кроме игроков их Украины, здесь могут играть жители Европы и Азии.\"},{\"value_1\":\"✅ Принимает ли Slotoking игроков из Украины?\",\"value_2\":\"Да, принимает. Slotoking одно из первых украинских казино. Кроме игроков их Украины, здесь могут играть жители Европы и Азии.\"},{\"value_1\":\"✅ Принимает ли Slotoking игроков из Украины?\",\"value_2\":\"Да, принимает. Slotoking одно из первых украинских казино. Кроме игроков их Украины, здесь могут играть жители Европы и Азии.\"}]'),
(9, 'public', 'bonus', 'Bonus page ru', 'http://127.0.0.1:5000/img/default.png', 'Short desc bonus page ru', 'H1 bonus page ru', 'Meta title bonus page ru', 'Description bonus page ru', 'Keywords bonus page ru', '<pre class=\"ql-syntax\" spellcheck=\"false\">&lt;nav class=\"nav\"&gt;&lt;/nav&gt;\r\n&lt;h2&gt;Онлайн казино Украины Page bonus&lt;/h2&gt;\r\n&lt;p&gt;\r\nНа свете существует множество развлечений, однако в современном динамичном мире пользуются спросом игровые автоматы, широко представленные в портфолио ведущих брендов. Такое доступное, лёгкое и увлекательное занятие - активация эмуляторов - радует каждого пользователя, вне зависимости от его профессиональных умений и навыков. Жители разных регионов предпочитают комфортный домашний отдых, что полностью соответствует концепции игры в режиме реального времени.&lt;/p&gt;\r\n&lt;p&gt;\r\nКлиент абсолютно ничем не рискует - надежность и безопасность гарантируется специальными аудиторскими компаниями и подтверждается лицензиями, представленными на сайтах виртуальных порталов. На результативность сессии влияет выбор виртуального казино: геймеру следует определиться с онлайн ресурсом, обеспечивающим полноценное и приятное времяпровождение.&lt;/p&gt;\r\n&lt;p&gt;\r\nНа свете существует множество развлечений, однако в современном динамичном мире пользуются спросом игровые автоматы, широко представленные в портфолио ведущих брендов. Такое доступное, лёгкое и увлекательное занятие - активация эмуляторов - радует каждого пользователя, вне зависимости от его профессиональных умений и навыков. Жители разных регионов предпочитают комфортный домашний отдых, что полностью соответствует концепции игры в режиме реального времени.&lt;/p&gt;\r\n&lt;p&gt;\r\nКлиент абсолютно ничем не рискует - надежность и безопасность гарантируется специальными аудиторскими компаниями и подтверждается лицензиями, представленными на сайтах виртуальных порталов. На результативность сессии влияет выбор виртуального казино: геймеру следует определиться с онлайн ресурсом, обеспечивающим полноценное и приятное времяпровождение.&lt;/p&gt;\r\n&lt;h3&gt;Онлайн казино Украины Heading 3&lt;/h3&gt;\r\n&lt;p&gt;\r\nНа свете существует множество развлечений, однако в современном динамичном мире пользуются спросом игровые автоматы, широко представленные в портфолио ведущих брендов. Такое доступное, лёгкое и увлекательное занятие - активация эмуляторов - радует каждого пользователя, вне зависимости от его профессиональных умений и навыков. Жители разных регионов предпочитают комфортный домашний отдых, что полностью соответствует концепции игры в режиме реального времени.&lt;/p&gt;\r\n&lt;p&gt;\r\nКлиент абсолютно ничем не рискует - надежность и безопасность гарантируется специальными аудиторскими компаниями и подтверждается лицензиями, представленными на сайтах виртуальных порталов. На результативность сессии влияет выбор виртуального казино: геймеру следует определиться с онлайн ресурсом, обеспечивающим полноценное и приятное времяпровождение.&lt;/p&gt;\r\n&lt;p&gt;\r\nНа свете существует множество развлечений, однако в современном динамичном мире пользуются спросом игровые автоматы, широко представленные в портфолио ведущих брендов. Такое доступное, лёгкое и увлекательное занятие - активация эмуляторов - радует каждого пользователя, вне зависимости от его профессиональных умений и навыков. Жители разных регионов предпочитают комфортный домашний отдых, что полностью соответствует концепции игры в режиме реального времени.&lt;/p&gt;\r\n&lt;p&gt;\r\n&lt;h3&gt;Онлайн казино Украины Heading 2&lt;/h3&gt;\r\nКлиент абсолютно ничем не рискует - надежность и безопасность гарантируется специальными аудиторскими компаниями и подтверждается лицензиями, представленными на сайтах виртуальных порталов. На результативность сессии влияет выбор виртуального казино: геймеру следует определиться с онлайн ресурсом, обеспечивающим полноценное и приятное времяпровождение.&lt;/p&gt;\r\n&lt;p&gt;\r\nНа свете существует множество развлечений, однако в современном динамичном мире пользуются спросом игровые автоматы, широко представленные в портфолио ведущих брендов. Такое доступное, лёгкое и увлекательное занятие - активация эмуляторов - радует каждого пользователя, вне зависимости от его профессиональных умений и навыков. Жители разных регионов предпочитают комфортный домашний отдых, что полностью соответствует концепции игры в режиме реального времени.&lt;/p&gt;\r\n&lt;p&gt;\r\nКлиент абсолютно ничем не рискует - надежность и безопасность гарантируется специальными аудиторскими компаниями и подтверждается лицензиями, представленными на сайтах виртуальных порталов. На результативность сессии влияет выбор виртуального казино: геймеру следует определиться с онлайн ресурсом, обеспечивающим полноценное и приятное времяпровождение.&lt;/p&gt;\r\n&lt;p&gt;\r\nНа свете существует множество развлечений, однако в современном динамичном мире пользуются спросом игровые автоматы, широко представленные в портфолио ведущих брендов. Такое доступное, лёгкое и увлекательное занятие - активация эмуляторов - радует каждого пользователя, вне зависимости от его профессиональных умений и навыков. Жители разных регионов предпочитают комфортный домашний отдых, что полностью соответствует концепции игры в режиме реального времени.&lt;/p&gt;\r\n&lt;p&gt;\r\nКлиент абсолютно ничем не рискует - надежность и безопасность гарантируется специальными аудиторскими компаниями и подтверждается лицензиями, представленными на сайтах виртуальных порталов. На результативность сессии влияет выбор виртуального казино: геймеру следует определиться с онлайн ресурсом, обеспечивающим полноценное и приятное времяпровождение.&lt;/p&gt;\r\n&lt;p&gt;\r\n&lt;h2&gt;Онлайн казино Украины Heading 2&lt;/h2&gt;\r\nНа свете существует множество развлечений, однако в современном динамичном мире пользуются спросом игровые автоматы, широко представленные в портфолио ведущих брендов. Такое доступное, лёгкое и увлекательное занятие - активация эмуляторов - радует каждого пользователя, вне зависимости от его профессиональных умений и навыков. Жители разных регионов предпочитают комфортный домашний отдых, что полностью соответствует концепции игры в режиме реального времени.&lt;/p&gt;\r\n&lt;p&gt;\r\nКлиент абсолютно ничем не рискует - надежность и безопасность гарантируется специальными аудиторскими компаниями и подтверждается лицензиями, представленными на сайтах виртуальных порталов. На результативность сессии влияет выбор виртуального казино: геймеру следует определиться с онлайн ресурсом, обеспечивающим полноценное и приятное времяпровождение.&lt;/p&gt;\r\n&lt;p&gt;\r\nНа свете существует множество развлечений, однако в современном динамичном мире пользуются спросом игровые автоматы, широко представленные в портфолио ведущих брендов. Такое доступное, лёгкое и увлекательное занятие - активация эмуляторов - радует каждого пользователя, вне зависимости от его профессиональных умений и навыков. Жители разных регионов предпочитают комфортный домашний отдых, что полностью соответствует концепции игры в режиме реального времени.&lt;/p&gt;\r\n&lt;p&gt;\r\nКлиент абсолютно ничем не рискует - надежность и безопасность гарантируется специальными аудиторскими компаниями и подтверждается лицензиями, представленными на сайтах виртуальных порталов. На результативность сессии влияет выбор виртуального казино: геймеру следует определиться с онлайн ресурсом, обеспечивающим полноценное и приятное времяпровождение.&lt;/p&gt;\r\n</pre>', 1, '2022-04-21 15:46:14', '2022-04-21 15:46:14', 'static-pages', 'static-pages', '[{\"value_1\":\"✅ Принимает ли Slotoking игроков из Украины? Page Bonus\",\"value_2\":\"Да, принимает. Slotoking одно из первых украинских казино. Кроме игроков их Украины, здесь могут играть жители Европы и Азии.\"},{\"value_1\":\"✅ Принимает ли Slotoking игроков из Украины?\",\"value_2\":\"Да, принимает. Slotoking одно из первых украинских казино. Кроме игроков их Украины, здесь могут играть жители Европы и Азии.\"},{\"value_1\":\"✅ Принимает ли Slotoking игроков из Украины?\",\"value_2\":\"Да, принимает. Slotoking одно из первых украинских казино. Кроме игроков их Украины, здесь могут играть жители Европы и Азии.\"}]');

-- --------------------------------------------------------

--
-- Структура таблицы `payments`
--

CREATE TABLE `payments` (
  `id` int(11) NOT NULL,
  `status` enum('public','hide','basket') DEFAULT 'public',
  `permalink` varchar(255) DEFAULT NULL,
  `title` varchar(255) DEFAULT NULL,
  `thumbnail` varchar(255) DEFAULT NULL,
  `short_desc` varchar(255) DEFAULT NULL,
  `h1` varchar(255) DEFAULT NULL,
  `meta_title` varchar(255) DEFAULT NULL,
  `description` varchar(255) DEFAULT NULL,
  `keywords` varchar(255) DEFAULT NULL,
  `content` text,
  `lang` int(11) DEFAULT '1',
  `updated_at` datetime DEFAULT CURRENT_TIMESTAMP,
  `created_at` datetime DEFAULT CURRENT_TIMESTAMP,
  `post_type` varchar(255) DEFAULT 'payment',
  `slug` varchar(255) DEFAULT 'payment'
) ENGINE=InnoDB DEFAULT CHARSET=utf8;

--
-- Дамп данных таблицы `payments`
--

INSERT INTO `payments` (`id`, `status`, `permalink`, `title`, `thumbnail`, `short_desc`, `h1`, `meta_title`, `description`, `keywords`, `content`, `lang`, `updated_at`, `created_at`, `post_type`, `slug`) VALUES
(1, 'public', 'visa', 'Visa', 'http://127.0.0.1:5000/uploads/f737c36e28ad89fb-visa-61b080ba277ae.png', 'Пополнение счета кредитной картой Visa – самый распространенный метод. Он используется как для внесения первого депозита, так и для получения денежного выигрыша.', 'H1 Пополнение счета картой Visa', 'Meta title Visa', 'Description Visa', 'Keywords Visa', '<pre class=\"ql-syntax\" spellcheck=\"false\">&lt;div class=\"nav\"&gt;&lt;/div&gt;\n&lt;p&gt;Платежные системы Visa и MasterCard являются лидерами в своем сегменте на сегодняшний день благодаря ряду преимуществ и особенностей. Американская компания Visa Inc. существует и развивается в сфере международных платежных систем уже более 45 лет, предоставляя клиентам лучшие услуги и сервис.&lt;/p&gt;\n&lt;p&gt;Основана платежная система в 1970 году в Сан-Франциско, под названием BankAmericard, однако такое название не прижилось по ряду весомых причин: одноименный популярный на то время банк в мире, война во Вьетнаме и т. д. 26 июля 1976 производится первая операция с помощью карты под лаконичным названием Visa. В целом, кредитные карты длительное время вовсе не имели конкурентов в сфере оплаты через Интернет. Сегодня, несмотря на наличие множества аналогичных способов проведения покупок в интернете, создания депозитов в казино и осуществления других безналичных расчетов, платежные карты не утратили свою популярность. Удобство в использовании и поддержка платежных карт большинством сервисов обеспечили системе отменную репутацию и невероятное распространение. Более 25 тысяч учреждений в более чем 200 странах мира сотрудничают с платежной системой, а 2 миллиарда пользователей на сегодняшний день оценили по достоинству все преимущества Visa.&lt;/p&gt;\n&lt;h3 id=\"heading_0\"&gt;Общее описание&lt;/h3&gt;\n&lt;p&gt;Для того чтобы получить адекватную оценку сервисов и услуг, предоставляемых Visa для начала стоит оценить ее преимущества и недостатки.&lt;/p&gt;\n&lt;p&gt;Преимущества:&lt;/p&gt;\n&lt;ul&gt;\n	&lt;li&gt;Общедоступность&lt;/li&gt;\n	&lt;li&gt;Легкость и простота в использовании&lt;/li&gt;\n	&lt;li&gt;Возможность внесения и вывода средств в онлайн казино&lt;/li&gt;\n	&lt;li&gt;Быстрый доступ к средствам в любое время по всему миру&lt;/li&gt;\n	&lt;li&gt;Блокировка карты при потере&lt;/li&gt;\n	&lt;li&gt;Популярность системы&lt;/li&gt;\n	&lt;li&gt;Высокий уровень безопасности&lt;/li&gt;\n&lt;/ul&gt;\n&lt;p&gt;Недостатки:&lt;/p&gt;\n&lt;ul&gt;\n	&lt;li&gt;Наличие комиссии&lt;/li&gt;\n	&lt;li&gt;Популярность системы. Ввиду распространенности систем Visa MasterCard интернет-мошенники создают специальные схемы для похищения средств, однако степень безопасности и защиты находится на высоком уровне&lt;/li&gt;\n&lt;/ul&gt;\n&lt;p&gt;Сегодня просто невозможно найти человека, который не пользовался картой Visa. Открыть карту можно абсолютно в любом отделении любого банка, при этом все карты можно использовать в качестве оплаты счета в &lt;a title=\"рейтинг азартных клубов\" href=\"/casino\"&gt;интернет казино&lt;/a&gt; и создания депозитов. Узнать об особенностях пользования и обслуживания можно также в любом банковском отделении.&lt;/p&gt;\n&lt;p&gt;Для внесения депозитов в онлайн-казино достаточно войти на сайт и выбрать платежную систему Visa и, чаще всего MasterCard (в сочетании). Зарегистрировать карту перед первым использованием, иногда потребуется код CVV2, который обеспечит повышенную безопасность благодаря двойной степени защиты данных. Система также имеет собственный уровень повышенной защиты Verified By Visa.&lt;/p&gt;\n&lt;p&gt;В системе используют три вида карт:&lt;/p&gt;\n&lt;ul&gt;\n	&lt;li&gt;Дебетовые&lt;/li&gt;\n	&lt;li&gt;Карты предоплаты&lt;/li&gt;\n	&lt;li&gt;Кредитные&lt;/li&gt;\n&lt;/ul&gt;\n&lt;p&gt;Все электронные платежи происходят через процессинговую систему VisaNet, которая обрабатывает более 50 тысяч операций в секунду.&lt;/p&gt;\n&lt;h3 id=\"heading_1\"&gt;Характеристики&lt;/h3&gt;\n&lt;p&gt;Широта распространения платежной системы Visa – покрытие более 200 стран мира, разделенных на 6 регионов:&lt;/p&gt;\n&lt;ul&gt;\n	&lt;li&gt;Visa CEMEA — Центр и Восток Европы, Африка и Азия (ближний, средний Восток)&lt;/li&gt;\n	&lt;li&gt;AP Region — Азия и регион Тихого Океана (включая Новую Зеландию и Австралию).&lt;/li&gt;\n	&lt;li&gt;Canada Region — Канада&lt;/li&gt;\n	&lt;li&gt;US Region — США&lt;/li&gt;\n	&lt;li&gt;Visa Europe —Западная Европа&lt;/li&gt;\n	&lt;li&gt;LAC Region — Латинская Америка и регион Каррибы&lt;/li&gt;\n&lt;/ul&gt;\n&lt;p&gt;Платежи в системе осуществляются через процессинговый сервис VisaNet. На сегодняшний день через систему проходят более 20 тысяч транзакций в секунд и до 150 млн в день.&lt;/p&gt;\n&lt;p&gt;Основной валютой платежной системы является американский доллар. Следовательно, все операции будут проходить конверсию именно через доллары. Это означает что, если вы осуществляете платеж или другую операцию в любой другой валюте, то конверсия будет происходить по курсу платежной системы или банка. В некоторых ситуациях банк накладывает дополнительный процент на коммерцию, называемый «Enter Bank Fee». Величина определяется непосредственно банком, но чаще всего не превышает 1%.&lt;/p&gt;\n&lt;p&gt;За время существования платежная система создала много комфортных нововведений и услуг: первая глобальная система банкоматов, смарт карты, карты предоплаты и т. д. Организованная компанией функция u-commerce всемирная коммерция позволяет осуществлять операции в любой точке планеты в любое время.&lt;/p&gt;\n&lt;p&gt;Универсальная коммерция включает в себя:&lt;/p&gt;\n&lt;ul&gt;\n	&lt;li&gt;Транзакции, проведенные в торговых предприятиях&lt;/li&gt;\n	&lt;li&gt;Платежи, осуществляемые с помощью почты, телефона&lt;/li&gt;\n	&lt;li&gt;Покупки через Интернет (электронная, мобильная коммерция)&lt;/li&gt;\n	&lt;li&gt;Платежи в терминалах самообслуживания и банкоматах&lt;/li&gt;\n&lt;/ul&gt;\n&lt;p&gt;Платежная система предлагает более 25 различных типов карт, в зависимости от назначения, условий, ограничений и т. д. Одним из последних нововведений является бесконтактная технология работы с картой с помощью системы Visa payWave. Владельцам карт достаточно только поднести карту к устройству и не обязательно вставлять в банкомат.&lt;/p&gt;\n&lt;p&gt;Как пользоваться?&lt;/p&gt;\n&lt;p&gt;Большинство мировых валют используются в системе: в том числе украинская гривна, белорусский рубль, российский рубль и т. д. Поэтому любые расчеты осуществляются быстро и комфортно в национальных валютах. Однако всегда стоит учитывать текущий курс, конверсию валюты через доллар и размер банковской комиссии Enter Bank Fee (если есть). Для получения карты достаточно прийти в любое отделения банка и заполнить простую форму. При себе необходимо иметь паспорт.&lt;/p&gt;\n&lt;p&gt;Советы по использованию карт Visa:&lt;/p&gt;\n&lt;ul&gt;\n	&lt;li&gt;Аккуратно и бережно относитесь к своим расходам, принимая во внимание существующие конверсии&lt;/li&gt;\n	&lt;li&gt;Следите за курсом валют вашего банка и наличием комиссии Enter Bank Fee&lt;/li&gt;\n	&lt;li&gt;В путешествиях держите деньги в нескольких валютах, что поможет сократить затраты на конверсию.&lt;/li&gt;\n&lt;/ul&gt;\n&lt;h3 id=\"heading_2\"&gt;Резюме описания&lt;/h3&gt;\n&lt;p&gt;На сегодняшний день платежная система Visa одна из самых популярных и удобных систем, охватывающих более 2 миллиардов пользователей из 200 стран мира, предоставляя клиентам выгодные условия. В первую очередь из-за популярности и широкой сфере использования, платежная система очень удобна. Большинство интернет-сервисов поддерживают оплату с карточек Visa. Не стали здесь исключанием и онлайн-казино, предлагающие своим клиентам игровые автоматы с выводом денег на карту Visa. Кроме того, оплачивать услуги можно в любых валютах, которые будут проходить конвертацию через доллар. Основными недостатками могут стать высокие комиссии, которые зависят от вашего банка и изменения в курсах валют. Visa зарекомендовала себя как надежный и удобный сервис.&lt;/p&gt;\n</pre>', 1, '2022-04-21 15:54:50', '2022-04-21 15:54:50', 'payment', 'payment'),
(2, 'public', 'post-1', 'Master Card', 'http://127.0.0.1:5000/uploads/2bd1ffecd2d9968e-mastercard-61b0816a50920.png', 'Пополнение счета кредитной картой Master Card – самый распространенный метод. Он используется как для внесения первого депозита, так и для получения денежного выигрыша. Платежи зачисляются немедленно. ', 'H1 Пополнение счета картой Master Card', 'Meta title Master Card', 'Description Master Card', 'Keywords Master Card', '<pre class=\"ql-syntax\" spellcheck=\"false\">&lt;div class=\"nav\"&gt;&lt;/div&gt;\n&lt;p&gt;Датой рождения компании MasterCard можно считать 1966 год. Семнадцать банкиров, которые в 1966 году организовали встречу с целью формирования Федерации для взаимовыгодного обслуживания кредитных карт, и стали «прародителями» электронной платежной системы MasterCard. Основная задача платежной системы заключалась в том, чтобы дать людям возможность пользоваться так называемыми «электронными» деньгами, которые впоследствии смогут полностью заменить наличные деньги. Оплата средств и услуг должна была осуществляться клиентами с помощью специальных пластиковых карт.&lt;/p&gt;\n&lt;p&gt;Офис компании MasterCard находится на территории Соединенных Штатов Америки, а в качестве основных валют используются американский доллар и евро. Стоит отметить, что конвертация валют в системе MasterCard происходит в евро.&lt;/p&gt;\n&lt;h2 id=\"heading_0\"&gt;Электронные безналичные платежи – просто, безопасно и удобно&lt;/h2&gt;\n&lt;p&gt;С момента появления компании MasterCard прошло уже более полувека, и за это время человечество практически полностью перешло на систему электронных платежей. Почему это случилось? Следует отметить, что осуществление электронных платежей - это намного более удобный способ оплаты товаров и услуг, проверенный временем.&lt;/p&gt;\n&lt;p&gt;Практически безоговорочное признание общества помогло системе MasterCard, которая относится к международным европейским системам, выйти на лидирующее место среди подобных компаний, предоставляющих пользователю возможность совершения безналичных расчетов, для которых используются пластиковые карточки.&lt;/p&gt;\n&lt;p&gt;Многочисленные сотрудники компании MasterCard ежедневно работают над тем, чтобы безналичные расчеты становились более усовершенствованными, удобными и доступными для любого пользователя. Особое внимание компания уделяет вопросам защиты потребителя. Любая карта компании MasterCard имеет специальную магнитную полосу и чип, на котором сосредоточена информация, считываемая банкоматом или терминалом оплаты.&lt;/p&gt;\n&lt;h2 id=\"heading_1\"&gt;Пластиковые карты MasterCard&lt;/h2&gt;\n&lt;p&gt;Пластиковые карты, которые есть у каждого пользователя, выпускает банк; тарифы, процентные ставки, суммы ежегодных платежей также определяются банковскими системами и эквайерами.&lt;/p&gt;\n&lt;p&gt;На данное время существует большое количество разновидностей платежных карт, выпущенных под брендом MasterCard. Опытный пользователь, которому не раз доводилось расплачиваться электронными деньгами, знает, что карты могут подразделяться на кредитные и дебетовые.&lt;/p&gt;\n&lt;h3 id=\"heading_4\"&gt;Дебет или кредит&lt;/h3&gt;\n&lt;p&gt;Отличие кредитной карты от дебетовой состоит в том, что средства, находящиеся на кредитной карте, банк как бы одолжил своему клиенту, а тот, в свою очередь, обязуется их вернуть. Пользователь заключает специальный договор с банком, который предполагает внесение четко обозначенной минимальной суммы, позволяющей пользоваться картой, не ожидая наступления дня полного списания задолженности.&lt;/p&gt;\n&lt;p&gt;Дебетовая же карта отличается от кредитной карты тем, что вся сумма денег, лежащая на ней, принадлежит клиенту и находится в его полном распоряжении.&lt;/p&gt;\n&lt;p&gt;Существует также еще один вариант, которым предлагает воспользоваться платежная система MasterCard. Это так называемая «предоплаченная» карта, на которой находится определенная сумма денег. Если пользователь потратил эти средства, то всегда можно приобрести очередную предоплаченную карту.&lt;/p&gt;\n&lt;h2 id=\"heading_2\"&gt;«Плюсы» и «минусы» платежной системы MasterCard&lt;/h2&gt;\n&lt;p&gt;Как и любой сервис, платежная система MasterCard имеет свои «плюсы» и «минусы». Среди «плюсов» данной системы электронных платежей можно отметить следующие пункты:&lt;/p&gt;\n&lt;ul&gt;\n	&lt;li&gt;пластиковая карта MasterCard широко распространена;&lt;/li&gt;\n	&lt;li&gt;платежная система удобна в использовании;&lt;/li&gt;\n	&lt;li&gt;система электронных платежей MasterCard гарантирует предоставление большого спектра услуг!&lt;/li&gt;\n&lt;/ul&gt;\n&lt;h3 id=\"heading_5\"&gt;Как пользоваться?&lt;/h3&gt;\n&lt;p&gt;Для пополнения счета следует зайти в соответствующий раздел, при этом выбрав вид используемой электронной платежной системы. Затем клиент вводит необходимую сумму. Следует также заполнить электронные поля, где необходимо указать имя и фамилию обладателя электронной карты, номер электронной карты и срок, когда истекает ее действие; а также код, состоящий из трех знаков и служащий для защиты от мошенничества.&lt;/p&gt;\n&lt;h2 id=\"heading_3\"&gt;Как получить пластиковую карту MasterCard&lt;/h2&gt;\n&lt;p&gt;Если у вас еще нет карты MasterCard, то получить ее не составит труда: для этого всего лишь стоит обратиться в ближайшее отделение банка. Для получения карты необходимо иметь при себе документ, удостоверяющий вашу личность; а в банковском отделении пользователя попросят написать соответствующее заявление на получение электронной платежной карты.&lt;/p&gt;\n&lt;h3 id=\"heading_6\"&gt;Делаем выводы&lt;/h3&gt;\n&lt;p&gt;Следует помнить, что пластиковые карты MasterCard распространены по всему миру: эта платежная система объединила более 22 000 финансовых учреждений, она активно используется в 210 странах мира. Благодаря широкому распространению сервиса по всему миру, все ведущие онлайн казино предлагают своим клиентам в игровые автоматы играть на Masterсard. Популярность данной системы платежей, несомненно, свидетельствует об ее удобстве и безопасности.&lt;/p&gt;\n&lt;p&gt;Мир без наличных денег - что может быть удобнее? Используйте все «плюсы» системы электронных платежей MasterCard, которая предоставляет своим клиентам отличные возможности и имеет широкую территорию распространения!&lt;/p&gt;\n</pre>', 1, '2022-04-21 15:54:50', '2022-04-21 15:54:50', 'payment', 'payment'),
(3, 'public', 'monobank', 'Монобанк', 'http://127.0.0.1:5000/uploads/40b232743373e7ab-mono-61b0a84779f6a.png', 'Монобанк – это современный банк нового поколения. Все, что Вам нужно сделать, это выбрать, в каком онлайн казино играть, и Вы можете безопасно использовать свой банковский счет для совершения платежей', 'H1 Лучшие онлайн казино с Монобанк', 'Meta title Монобанк', 'Description Монобанк', 'Keywords Монобанк', '<pre class=\"ql-syntax\" spellcheck=\"false\">&lt;div class=\"nav\"&gt;&lt;/div&gt;\n&lt;p&gt;Несмотря на то, что Монобанк работает только с 2017 года, украинским гэмблерам доступен ряд авторитетных казино с Monobank. Как известно, банк не имеет наземных отделений, а работает только в онлайн режиме. Фактически он является обыкновенным приложением. Тем не менее, среди жителей Украины этот сервис пользуется большой популярностью, о чем свидетельствует три миллиона его активных пользователей. Среди этих людей есть немало азартной публики, предпочитающей играть онлайн на гривны. Поэтому в стране с каждым годом растет число интернет казино с Monobank, как с одним из самых удобных и популярных платежных операторов.&lt;/p&gt;\n&lt;h2 id=\"heading_0\"&gt;Как устроен платежный ресурс Монобанк&lt;/h2&gt;\n&lt;p&gt;С точки зрения пользователя платежный ресурс Монобанк является очень удобным и актуальным банковским продуктом. Стать его клиентом может любой житель страны, скачавший на свой смартфон приложение и заключивший договор обслуживания на официальном сайте. В результате такому человеку открывается банковский счет, для использования которого можно оформить виртуальную или пластиковую карту систем Виза или Мастеркард. Обслуживания счета ведется через приложение. Чтобы играть на деньги в виртуальном заведении и при этом пополнять игровой баланс, пользуясь услугами Моно Банка, игроку нужно: &lt;/p&gt;\n&lt;ul&gt;\n&lt;li&gt;найти подходящую для игры площадку, где применяется оплата через данный сервис;&lt;/li&gt;\n&lt;li&gt;иметь достаточно денег на счете;&lt;/li&gt;\n&lt;li&gt;зарегистрироваться на игровой площадке и авторизоваться в личном кабинете игрока;&lt;/li&gt;\n&lt;li&gt;в разделе «Касса» выбрать нужный логотип и указать сумму пополнения;&lt;/li&gt;\n&lt;li&gt;подтвердить свои намерения и выполнить необходимые действия в приложении!&lt;/li&gt;\n&lt;/ul&gt;\n&lt;p&gt;Обычно транзакции, активированные таким путем, выполняются за пару минут.&lt;/p&gt;\n&lt;h2 id=\"heading_1\"&gt;Украинские казино, работающие с Monobank&lt;/h2&gt;\n&lt;p&gt;Среди виртуальных казино, работающих с Monobank, можно найти очень солидные и респектабельные площадки, стремящиеся создать своим клиентам наилучшие условия для игры. В их числе состоят: Vavada, Joker, Pin Up Casino, Космолот, Super Boss, PM Casino, Elslots и другие клубы.&lt;/p&gt;\n</pre>', 1, '2022-04-21 15:54:50', '2022-04-21 15:54:50', 'payment', 'payment'),
(4, 'public', 'privat-24', 'Приват 24', 'http://127.0.0.1:5000/uploads/f69ad89fa95fecb9-privat24-61b109abce26f.png', 'Приват24 доступен с мобильных и десктопных устройств, причем банк первым внедрил онлайн-банкинг. Среди игроков данный метод пользуется популярностью, поскольку делать депозиты и выводить выигрыши довольно просто', 'H1 Приват 24 — украинская банковская платежная система', 'Meta title Приват 24', 'Description Приват 24', 'Keywords Приват 24', '<pre class=\"ql-syntax\" spellcheck=\"false\">&lt;div class=\"nav\"&gt;&lt;/div&gt;\n&lt;p&gt;Лидер среди банков в Украине – Приватбанк, в 2001 году первым в стране предложил клиентам услугу интернет-банкинга под названием «Приват 24». В кратчайшие сроки система стала очень популярной, что не удивительно, ведь у клиентов появилась возможность работать с платежными картами в режиме реального времени. Репутация услуги Приват 24 очень хорошая: с ней комфортно работать в любое время суток.&lt;/p&gt;\n&lt;h2 id=\"heading_0\"&gt;Общее описание системы&lt;/h2&gt;\n&lt;p&gt;Преимуществ у услуг, предоставляемых Приватбанком – много. Система доступна 24/7, все операции можно совершать в удобное время. Существует приложение, которое можно скачать на смартфон или другой гаджет. Это дает возможность совершать операции, где бы клиент ни находился. По сути, целый банк может быть у вас в кармане. Это, пожалуй, одни из главных преимуществ, но на этом их список не заканчивается.&lt;/p&gt;\n&lt;p&gt;Можно утверждать, что услуга Приват 24 — безопасна. Это несомненно важно для тех, кто планирует играть в игровые автоматы на деньги с пополнением через Приват24. Сотрудники банка всеми возможными действиями ведут борьбу с мошенниками и постоянно напоминают клиентам о том, как уберечь себя и свои сбережения. За безопасность во всех смыслах можно быть уверенными также потому, что Приватбанк предлагает внушительные награды тем, кто проинформирует о мошенничестве, об ошибке в системе и так далее. И, конечно, преимуществом, которое помогает решать все проблемы и быть в безопасности, есть постоянная круглосуточная онлайн и телефонная поддержка. В случае необходимости можно сразу связаться с сотрудником банка и решить возникнувший вопрос.&lt;/p&gt;\n&lt;p&gt;Система открывает безграничные возможности онлайн работы с платежами. О безопасности можно не волноваться.&lt;/p&gt;\n&lt;h2 id=\"heading_1\"&gt;Характеристики сервиса&lt;/h2&gt;\n&lt;p&gt;Приват 24 - круглосуточная услуга с постоянной поддержкой сотрудников банка. Каждый клиент может с персонального компьютера, то есть через web-версию, или смартфона, любого современного гаджета, зайти в специальное приложение и совершить любую нужную операцию. Web-версия предусматривает одноразовые динамичные пароли, которые приходят на зарегистрированный номер мобильного, и которые используются для входа в систему.&lt;/p&gt;\n&lt;p&gt;Приват 24, по сути, заменяет все действия, которые раньше необходимо было совершать в отделении банка: от обмена валют и оплаты коммунальных, до перевода денег на любую карту мира и вызова такси. Он работает со всеми валютами, предлагает все необходимые услуги. Во многих случаях транзакции моментальные, а информация сразу же обновляется. Иногда для этого стоит нажать кнопку «Обновить» и можно сразу увидеть актуальные данные.&lt;/p&gt;\n&lt;p&gt;Система очень загруженная, но это не мешает её работоспособности. Всегда есть альтернатива: например, если не приходит SMS с одноразовым паролем, можно заказать звонок.&lt;/p&gt;\n&lt;p&gt;Переводы с карточки Приватбанка на карточку того же банка – моментальные, если переводить на карты других банков, или выводить электронные деньги с других систем, например Web money, это может занять несколько рабочих дней, но обычно за сутки операция успешно проходит. В большинстве случаев операции, совершаемые в системе, проходят предельно быстро.&lt;/p&gt;\n&lt;p&gt;В какой стране клиент бы не находился, с Приват 24 он может совершать все операции и пользоваться услугами.&lt;/p&gt;\n&lt;p&gt;Комиссия зависит от выбранной услуги. В среднем, не больше 1 %, но есть много действий, которые можно совершать бесплатно, без комиссий.&lt;/p&gt;\n&lt;h2 id=\"heading_2\"&gt;Резюме описания&lt;/h2&gt;\n&lt;p&gt;Интернет-банкинг и платежная система Приват 24 — возможность забыть об очередях и перейти на более быстрый и современный способ работы с деньгами. Безопасность системы многоуровневая, поэтому клиент может не беспокоиться о своих сбережениях. Все действия защищены динамичными одноразовыми паролями. Благодаря круглосуточной поддержке, любой вопрос можно решить моментально.&lt;/p&gt;\n&lt;p&gt;Независимо от места нахождения и времени суток клиент может совершать любые транзакции, которые в большинстве случаев проходят мгновенно или за несколько минут.&lt;/p&gt;\n&lt;p&gt;Система может работать с любыми валютами, а комиссии, как правило, незначительные. Все денежные операции можно контролировать.&lt;/p&gt;\n&lt;p&gt;Быстрая регистрация не займет много времени и для неё потребуется лишь карта Приватбанка, электронная почта и мобильный телефон.&lt;/p&gt;\n&lt;p&gt;Работать в системе комфортно, удобно и выгодно. Именно поэтому «Приват24» обладает хорошей заслуженной репутацией и популярностью. Количество пользователей рассчитывается в миллионах, а за сутки проходят сотни тысяч транзакций. Цифры впечатляющие и статистика подтверждает удобность и выгодность системы.&lt;/p&gt;\n&lt;p&gt;Как пользоваться?&lt;/p&gt;\n&lt;p&gt;Если клиент впервые открывает счет в Приватбанке, то его может зарегистрировать сотрудник банка. Но это легко сделать самостоятельно. Необходимо зайти на официальный сайт Приват24 и пройти двухэтапную регистрацию. Первый этап – введение данных: номер мобильного телефона, последние четыре цифры любой вашей карты Приватбанка, электронная почта, придуманный пароль (дважды). Следующий шаг – получение сообщения на введенный номер мобильного и введение полученного пароля для подтверждения номера. Далее перед вами появится окошко с виртуальной клавиатурой. С её помощью необходимо ввести PIN-код карты, цифры которой были указаны. После всех действий вы должны увидеть поздравление с успешной регистрацией. Моментально после регистрации системой можно полноценно пользоваться.&lt;/p&gt;\n&lt;p&gt;Теперь для входа необходимо будет вводить номер телефона, придуманный пароль, потом одноразовый пароль из сообщения. Если речь о мобильном приложении, то есть более простой способ – скан QR-кода.&lt;/p&gt;\n&lt;p&gt;«Приват24» можно использовать для всех потребностей: оплата коммунальных, заказ билетов, пополнение мобильного, перевод денег, депозиты и т.д. Всего услуг больше тысячи.&lt;/p&gt;\n&lt;p&gt;Язык по умолчанию – русский, но его в случае необходимости можно изменить.&lt;/p&gt;\n&lt;p&gt;Еще одно преимущество системы – регулярные платежи. Как часто повседневная суета заставляет забывать о том, что надо было заплатить за услуги. Теперь за коммунальные услуги, интернет, телефонию можно платить автоматически, настроив календарь.&lt;/p&gt;\n</pre>', 1, '2022-04-21 15:54:50', '2022-04-21 15:54:50', 'payment', 'payment'),
(5, 'public', 'bitcoin', 'Bitcoin', 'http://127.0.0.1:5000/uploads/32a7a64612567c0f-bitcoin-61b108288176a.png', 'Для игроков казино Bitcoin хорош, в первую очередь, анонимностью платежей. Также важно учитывать отсутствие комиссий на ввод и вывод', 'Bitcoin — простота и легкость в обращении', 'Meta title Bitcoin', 'Description Bitcoin', 'Keywords Bitcoin', '<pre class=\"ql-syntax\" spellcheck=\"false\">&lt;div class=\"nav\"&gt;&lt;/div&gt;\n&lt;p&gt;Какую платежную систему предпочтительнее выбрать для того, чтобы процессы ввода и вывода денег происходили и легко и комфортно? Не последнее место в принятии решения занимает и вопрос безопасности того или иного метода депозита. К тому же, современный мир буквально изобилует разнообразными предложениями, среди которых можно просто потеряться.&lt;/p&gt;\n&lt;h2 id=\"heading_0\"&gt;Общее описание&lt;/h2&gt;\n&lt;p&gt;Многие слышали о пресловутой платежной системой под названием Bitcoin, которая рассчитана на пользователей Всемирной Паутины. Данный метод осуществления платежей существует уже относительно давно - он возник в 2009 году; авторство принадлежит Сатоши Накамото.&lt;/p&gt;\n&lt;p&gt;Финансовые операции, осуществляемые при помощи платежной системы Bitcoin, относятся к категории безвозвратных. Пользователь, который предпочел данный метод пополнения депозита, может быть уверен в своей безопасности, потому что более прозрачного способа совершать платежи наверняка не существует. Дело в том, что рекомендованный способ проведения финансовых операций не предполагает посредничества, подобно иным системам платежей, которые люди привыкли активно использовать.&lt;/p&gt;\n&lt;h3 id=\"heading_1\"&gt;Характеристики&lt;/h3&gt;\n&lt;p&gt;Название платежной системы является производным от английского слова \"coin\", что в переводе означает монета. Так вот - электронная платежная система Bitcoin предполагает использование цифровых валютных единиц, которые более известны под наименованием криптовалюта. Подобный вид платежей активно используют при покупке разнообразных товаров в интернет-магазинах, а также тех местах продаж, где биткоины находятся в обороте. Существуют также специальные пункты обмена, в которых Bitcoin конвертируется, превращаясь в удобную для пользователя валюту.&lt;/p&gt;\n&lt;p&gt;Почему же не требуются услуги посредников для того, чтобы активно использовать систему платежей? Стоит учитывать, что клиенты, являющиеся поклонниками системы Bitcoin, устанавливают на своих гаджетах специальную клиентскую программу под названием Bitcoin Core. Все клиентские программы позволяют образовать сеть, для обмена данными в которой абсолютно не нужны третьи лица. Именно поэтому система платежей Bitcoin отличается отсутствием какого-нибудь управляющего органа, что позволяет причислить ее к децентрализованным системам платежей. Все это делает невозможным изменение объёма биткоинов, которые выпускаются в определённом количестве.&lt;/p&gt;\n&lt;p&gt;Потенциальному клиенту наверняка интересно будет узнать о том, что на сегодняшний день в обороте находится приблизительно 13 миллионов виртуальных монет - биткоинов. Последний выпуск монет прекратится в 2033 году - это запрограммировано в алгоритме работы платежной системы. Число виртуальных монет к тому времени будет достигать 21 миллиона. Небезынтересен также и тот факт, что в отличие от иных платежных систем, электронная единица Bitcoin может похвастаться постоянно изменяющимся курсом, что позволяет сравнивать ее с традиционными валютами. Колебания курса зависят от потребительского спроса на данный тип валюты.&lt;/p&gt;\n&lt;p&gt;Остается подвести итог и определить преимущества и особенности использования системы электронных платежей Bitcoin.&lt;/p&gt;\n&lt;h3 id=\"heading_2\"&gt;Уникальность биткойн&lt;/h3&gt;\n&lt;p&gt;Главной особенностью, конечно же, является то, что работа платежной системы абсолютно не контролируется, ведь Bitcoin является совокупностью клиентских программ, при помощи которых можно производить финансовые операции. Система также очень надежно защищена - абсолютно не существует способов, которые могут помочь мошенникам в производстве поддельных единиц валюты. Конечно же, это гарантирует абсолютную безопасность клиента при расчете. Производимые транзакции абсолютно прозрачны, потому что они находятся в базе данных Bitcoin постоянно - изменить, подделать или удалить их невозможно.&lt;/p&gt;\n</pre>', 1, '2022-04-21 15:54:50', '2022-04-21 15:54:50', 'payment', 'payment'),
(6, 'public', 'apple-pay', 'Apple Pay', 'http://127.0.0.1:5000/uploads/9ba89f4923b03e72-applepay-61b110655cf78.png', 'Оплата с помощью Apple Pay — один из самых быстрых способов внести деньги. Буквально через несколько мгновений деньги поступают на ваш счет, то же самое относится и к выплате. ', 'Онлайн казино работающие с Apple Pay', 'Meta title Apple Pay', 'Description Apple Pay', 'Keywords Apple Pay', '<pre class=\"ql-syntax\" spellcheck=\"false\">&lt;div class=\"nav\"&gt;&lt;/div&gt;\n&lt;p&gt;Платежный сервис от компании Apple пользуется такой большой популярностью среди пользователей Украины, что количество казино с Apple Pay сегодня может приятно удивить юбого игрока. Удобный способ оплаты, которым могут воспользоваться все владельцы «яблочных» гаджетов, применяется сегодня не только в быту, но и во многих азартных онлайн клубах. Это не только привлекает в виртуальные залы азартных владельцев айфонов, но и создает более комфортные условия многим желающим играть на деньги. Практически все казино с Apple Pay, доступные гэмблерам Украины, предоставляют своим клиентам и другие услуги самого высокого качества.&lt;/p&gt;\n&lt;h2 id=\"heading_0\"&gt;Чем удобна платежная система Эпл Пей&lt;/h2&gt;\n&lt;p&gt;Чтобы играть онлайн и пополнять баланс с помощью платежной системы Эпл Пей, гэмблеру не нужно создавать свой профиль в системе, ему достаточно привязать свою кредитную или дебетовую карту к своему же устройству. Использовать можно карты Приват банка, ВТБ, Альфа-банка и другие. Для выполнения транзакции от игрока потребуется:&lt;/p&gt;\n&lt;ul&gt;\n&lt;li&gt;держать поблизости свой включенный телефон;&lt;/li&gt;\n&lt;li&gt;располагать необходимой суммой на привязанной к устройству карте;&lt;/li&gt;\n&lt;li&gt;пройти верификацию (face-ID, пароль или отпечаток пальца)!&lt;/li&gt;\n&lt;/ul&gt;\n&lt;p&gt;Заявка на проведение операции по вводу/выводу средств формируется, как обычно, в личном кабинете игрока. Транзакции выполняются практически мгновенно. При этом платеж не облагается никакими комиссиями и полностью безопасен. В процессе оплаты абсолютно исключена возможность передачи данных карты пользователя третьим лицам и любой другой личной информации о клиенте.&lt;/p&gt;\n&lt;h2 id=\"heading_1\"&gt;Казино работающие с Apple Pay&lt;/h2&gt;\n&lt;p&gt;В числе казино, работающих с Apple Pay можно назвать такие популярные онлайн площадки, как PM Casino, Eldorado, Casino-X, Joycasino, Elslots, Riobet, Слоты777, Космолот и многие другие клубы. Сотрудничество с Эпл Пэй выгодно не только пользователям азартных онлайн площадок, но и самим игорным заведениям, которые не менее заинтересованы в быстрой оплате своих услуг.&lt;/p&gt;\n</pre>', 1, '2022-04-21 15:54:50', '2022-04-21 15:54:50', 'payment', 'payment'),
(7, 'public', 'g-pay', 'G Pay', 'http://127.0.0.1:5000/uploads/3c53f617a4c0c32f-gpay-61b1104a4cf98.png', 'Оплата с помощью Google Pay — один из самых быстрых способов внести деньги. Буквально через несколько мгновений деньги поступают на ваш счет, то же самое относится и к выплате через GooglePay.', 'Онлайн казино работающие с G Pay', 'Meta title G Pay', 'Description G Pay', 'Keywords G Pay', '<pre class=\"ql-syntax\" spellcheck=\"false\">&lt;div class=\"nav\"&gt;&lt;/div&gt;\n&lt;p&gt;Для украинских гэмблеров сегодня доступно много отличных интернет казино с G Pay. И это не удивительно, так как эта платежная система сегодня наиболее распространена среди украинских пользователей Интернета. Сервис настолько удобен и безопасен, что им с удовольствием пользуется большинство владельцев смартфонов системы Android. Клиенту достаточно привязать к своему мобильному телефону одну или несколько банковских карт или других ресурсов и больше не вводить никаких дополнительных данных. Такой способ оплаты очень удобен для проведения финансовых операций в азартных интернет заведениях. Чтобы играть онлайн на деньги пользователю Гугл сервиса нужно только подобрать подходящее казино с G Pay.&lt;/p&gt;\n&lt;h2 id=\"heading_0\"&gt;Как пользоваться платежной системой Гугл Пей&lt;/h2&gt;\n&lt;p&gt;Чтобы стать клиентом платежной системы Гугл Пей владельцу мобильного устройства потребуется скачать приложение в Google Play и установить его в своем телефоне. Затем нужно зайти в свою учетную запись Google, выбрать способ проведения транзакций и подключить к смартфону дебетовые и/или кредитные карты, а также другие возможные варианты оплаты. Для активирования транзакций потребуется:&lt;/p&gt;\n&lt;ul&gt;\n&lt;li&gt;положительный баланс на карте или на счете;&lt;/li&gt;\n&lt;li&gt;включенное устройство, на котором установлено приложение;&lt;/li&gt;\n&lt;li&gt;ОС Android 5.0 и выше!&lt;/li&gt;\n&lt;/ul&gt;\n&lt;p&gt;С помощью настроек пользователь всегда может добавить или изменить способы проведения финансовых операций, добавить карты, банковские счета, а также откорректировать введенные данные. Чтобы использовать приложение для ввода/вывода средств в онлайн заведении, нужно найти подходящую для игры площадку, где используется оплата посредством данного сервиса, открыть там свой аккаунт, авторизоваться в нем и воспользоваться соответствующими опциями личного кабинета игрока.&lt;/p&gt;\n&lt;h2 id=\"heading_1\"&gt;Украинские казино, работающие с G Pay&lt;/h2&gt;\n&lt;p&gt;Для тех, кого интересуют популярные в Украине казино, работающие с G Pay, приведем список некоторых их них. Наиболее посещаемыми считаются Pin Up Casino, SlotoKing, PM Casino, Лавина, Joker, Wulkan777, Elslots, X-Casino, Azino777, Слоты777 и многие другие клубы.&lt;/p&gt;\n</pre>', 1, '2022-04-21 15:54:50', '2022-04-21 15:54:50', 'payment', 'payment'),
(8, 'public', 'ethereum', 'Ethereum', 'http://127.0.0.1:5000/uploads/926cbfe660dfa646-ethereum-61b0b64f3c268.png', 'ЕТН позволяет проводить финансовые операции без налогообложения и какой-либо отчетности органам власти. Также Ethereum характеризует высокая скорость обработки финансовых операций, максимальная защита всех транзакций, анонимность', 'Казино с оплатой Ethereum', 'Meta title Ethereum', 'Description Ethereum', 'Keywords Ethereum', '<pre class=\"ql-syntax\" spellcheck=\"false\">&lt;div class=\"nav\"&gt;&lt;/div&gt;\n&lt;p&gt;Все чаще появляется на просторах для гэмблинга казино с Ethereum, расчеты этой криптовалютой доступны во множестве стран, включая и Украину. Этот вид валюты позволяет проводить платежи налогообложения и отчетности, а стабильный рост цены на нее говорит, что она вполне конкурентоспособна. Виртуальные казино с Ethereum — это безопасность и моментальные переводы.&lt;/p&gt;\n&lt;h2 id=\"heading_0\"&gt;Платежная система Эфириум — достоинства и возможности&lt;/h2&gt;\n&lt;p&gt;Выбрав в качестве платежной системы Эфириум клиент получает массу возможностей. С помощью криптовалюты можно совершать покупки в интернет-магазинах, проводить оплату за различные услуги, а теперь и пополнять счет в онлайн казино. Особенности платформы:&lt;/p&gt;\n&lt;ul&gt;\n&lt;li&gt;высокая степень защиты от мошенничества;&lt;/li&gt;\n&lt;li&gt;круглосуточная поддержка;&lt;/li&gt;\n&lt;li&gt;высокая скорость обработки любых финансовых операций;&lt;/li&gt;\n&lt;li&gt;полная анонимность!&lt;/li&gt;\n&lt;/ul&gt;\n&lt;p&gt;Играть онлайн становится проще — с криптовалютой вы сможете пополнить счет в считанные секунды и наслаждаться любимыми слотами без ограничений. К тому же, на аккаунт в системе можно выводить и выигрыши из клуба, на тех же простых условиях.&lt;/p&gt;\n&lt;h2 id=\"heading_1\"&gt;Казино работающие с Ethereum — лучшие залы для азартной игры&lt;/h2&gt;\n&lt;p&gt;В мире цифровых технологий так важно иметь гарантию защиты информации, и ее обеспечивают казино работающие с Ethereum. За годы сотрудничества с платформой для криптовалюты (впервые появилась на рынке в 2015 году) в этом убедились тысячи гэмблеров по всему миру. Оформить депозит просто — зарегистрируйтесь в казино, проверьте, положительный ли баланс на кошельке в системе, и действуйте. В разделе платежей на сайте клуба укажите сумму и номер кошелька в системе, и дождитесь пополнения счета. Это займет несколько секунд. Вывод денег проходит по тому же принципу.&lt;/p&gt;\n&lt;p&gt;Играйте в Украине на деньги на лучших условиях и с гарантией анонимности. Транзакции проходят по защищенным каналам согласно строгим правилам безопасности — вы и ваши деньги всегда под защитой.&lt;/p&gt;\n</pre>', 1, '2022-04-21 15:54:50', '2022-04-21 15:54:50', 'payment', 'payment'),
(9, 'public', 'liqpay', 'LiqPay', 'http://127.0.0.1:5000/uploads/2e4d3869ccba6e4f-liqpay-62543186e9761.png', 'Популярный метод оплаты в онлайн казино среди держателей карт Visa и MasterCard — это LiqPay. Поскольку это web-интерфейс ПриватБанка, большая часть клиентов — жители Украины. ', 'LiqPay проводит транзакции в 203 странах через карты VISA и MasterCard', 'Meta title LiqPay', 'Description LiqPay', 'Keywords LiqPay', '<pre class=\"ql-syntax\" spellcheck=\"false\">&lt;div class=\"nav\"&gt;&lt;/div&gt;\n&lt;p&gt;В 2008 году создана альтернатива другим платежным системам – LiqPay. Её создатель – Витязь А. Система, о которой идет речь – электронный кошелек, что дает возможность принимать платежи и переводить деньги, пользуясь интернетом, телефоном или картами по всему миру. Номер вашего мобильного телефона – это и есть счет в системе LiqPay, только в международном формате.&lt;/p&gt;\n&lt;p&gt;Система очень популярна, так как регистрация предельно проста. Чтобы переводить деньги, узнайте номер мобильного телефона адресата. И даже если он не зарегистрирован в системе – ничего, деньги придут, а он получит SMS сообщение с информацией о том, что платеж поступил.&lt;/p&gt;\n&lt;h3 id=\"heading_0\"&gt;Общее описание&lt;/h3&gt;\n&lt;p&gt;Преимущества системы LiqPay очевидны, особенно, если сравнить её с конкурирующими системами. При пользовании ею не возникнет проблем с выводом денег, потому что средство выведения уже есть – это система банкоматов. Неоспоримое преимущество – возможность переводить необходимые суммы с помощью одного мобильного телефона, никакие другие пункты или отделения посещать при этом не нужно. Пользователи из Украины, которые предпочитают играть онлайн в игровые автоматы на LiqPay, уже смогли ощутить преимущества данного сервиса. К тому же, огромным плюсом системы является ее широкая география. Платежи принимаются в больше, чем 200 странах мира в онлайн режиме. Это - отличное решение для бизнеса и его безопасность не вызывает сомнений. Она осуществляется с помощью технологии одноразовых паролей – OTP. Пароль приход SMS-сообщением и действует только для текущего сеанса.&lt;/p&gt;\n&lt;p&gt;Надежность системы прошла сертификацию и подтверждена GoDaddy Secure Web Site, Verified by Visa и MasterCard SecureCode. Поэтому пользование системой очень удобное и безопасное. Клиенты доверяют LiqPay. Можно управлять настройками подтверждения платежа, создавать индивидуальные лимиты или правила. Облачная система Anti-Fraud позволяет управлять лимитами, правилами и данными.&lt;/p&gt;\n&lt;p&gt;Важной особенностью является отчетность. Можно получить на электронную почту или по API полные реестры платежей с любой нужной периодичностью. Еще один важный момент, который является плюсом системы – круглосуточная поддержка без выходных 24/7. Это дает возможность решать возникший вопрос сразу, как только он появился. Поддержка осуществляется с помощью электронной почты, или альтернатива – онлайн чат.&lt;/p&gt;\n&lt;h3 id=\"heading_1\"&gt;Характеристики&lt;/h3&gt;\n&lt;p&gt;Система LiqPay очень удобна в использовании, поэтому пользуется повышенным спросом. Она устанавливается на популярные сайты и мобильные платформы. Существуют жесткие правила, которые позволяют обеспечить безопасность: прежде чем подключать интернет-эквайринг, нужно убедиться, что сайт соответствует требованиям, в нем есть вся необходимая информация, и товары не входят в список запрещенных. Каждый сайт проходит проверку Службой безопасности банка и как только она проделана, можно сразу заняться настройкой платежей.&lt;/p&gt;\n&lt;p&gt;Клиент в кротчайшие сроки может совершить любую операцию с деньгами. Перевод с карты на карту любого банка в мире производится моментально. Комиссию за перевод платит отправитель и с полным перечнем тарифов можно ознакомиться на официальном сайте. Там все структурировано и понятно: карты украинских банков, зарубежных банков и Приватбанка. Также указаны лимиты в месяц и год.&lt;/p&gt;\n&lt;p&gt;С магазина при зачислении средств снимается комиссия 2,75%. На протяжении одного банковского дня сумма с вычетом комиссии перечисляется на счет магазина. Система работает с валютами многих стран мира, их больше 200, при проведении оплаты действует моментальная конвертация. Пользование системой безопасное, надежное, вызывает заслуженное доверие, а так как работает система индивидуальных тарифных планов, LiqPay – отличный выбор.&lt;/p&gt;\n&lt;p&gt;Как пользоваться?&lt;/p&gt;\n&lt;p&gt;Для регистрации обязателен мобильный телефон. Необходимо на сайте системы LiqPay выбрать регистрацию. Введите номер мобильного телефона и сделайте скан QR-кода. Далее заполняется персональная информация: имя, фамилия, отчество, адрес и электронная почта. Системой можно начинать пользоваться. Для того чтобы выводить деньги, необходимо подключить карту. Если список карт уже отображается – выберите основную. Если нужно подключать самостоятельно, вам нужно знать номер карты, код, PIN-код, а также дополнительную информацию.&lt;/p&gt;\n&lt;p&gt;Чтобы начать принимать платежи, нужна регистрация в LiqPay магазина. Для регистрации необходимо ввести данные: номер мобильного телефона, пароль, который придет SMS-сообщением, в разделе «Бизнес» найти магазины и воспользоваться кнопкой «Подключить интернет-эквайринг». Далее вас попросят ввести информацию о сайте и реквизиты. Реквизитами может быть счет или карта. Если ваш магазин пройдет проверку Службой безопасности банка, то он активируется. Будьте готовы к тому, что в процессе проверки банк может потребовать регистрационные документы вашей компании. Информация о необходимости представить эти документы будет отправлена на электронную почту.&lt;/p&gt;\n&lt;p&gt;Если возникают какие-то проблемы, всегда можно обратиться в службу поддержки или поискать ответ в часто задаваемых вопросах.&lt;/p&gt;\n&lt;p&gt;LiqPay предлагает для использования разные полезные CMS плагины: Magento, Bitrix, OpenCart и другие.&lt;/p&gt;\n&lt;h3 id=\"heading_2\"&gt;Резюме описания&lt;/h3&gt;\n&lt;p&gt;Система LiqPay – удобный и надежный способ web-интерфейс Приватбанка, благодаря которому держатели всех карт Visa/MasterCard могут отправлять денежные переводы и оплачивать на вашем сайте товары или услуги. Безопасность системы проверена и сертифицирована. Для дополнительной безопасности используется 3-D Secure. Поэтому LiqPay вызывает только доверие. Безусловно, систему стоит выбирать, так как она удобная, средства быстро зачисляются, а тарифы доступные. Детальный список тарифов есть на официальном сайте, но так же могут быть составлены индивидуальные тарифы.&lt;/p&gt;\n&lt;p&gt;Среди платежных инструментов есть безопасные платежи, регулярные платежи, бизнес платежи. Проблем с отчетами не возникнет, их можно всегда получить на электронную почту или по API, выбрав нужный период. Работает поддержка 24/7. Система интересная, очень полезная и она постоянно совершенствуется. Поэтому LiqPay – правильный выбор для бизнеса.&lt;/p&gt;\n</pre>', 1, '2022-04-21 15:54:50', '2022-04-21 15:54:50', 'payment', 'payment'),
(10, 'public', 'litecoin', 'Litecoin', 'http://127.0.0.1:5000/uploads/3aa60ea6868252b7-litecoin-61b0d35829fe8.png', 'Лайткоин — это криптовалюта, которая не имеет единого контролирующего органа, поэтому третьи лица не могут регулировать курс. Сегодня спрос на лайткоины растет, и одна из причин такой популярности — скорость проведения транзакций', 'Litecoin является «младшим братом» известной интернет валюты', 'Meta title Litecoin', 'Description Litecoin', 'Keywords Litecoin', '<pre class=\"ql-syntax\" spellcheck=\"false\">&lt;div class=\"nav\"&gt;&lt;/div&gt;\n&lt;p&gt;В Украине появляется все больше виртуальных казино с Litecoin. Этот вид платежей впервые появился в 2011 году и им пользуется все больше клиентов. Криптовалюта была создана как ответвление знаменитой платформы Биткоин и применяет правила Р2Р-сети. Курс все время растет, количество майнеров тоже. При этом срок проведения платежей значительно выше, чем у «старшего брата». Выбирая казино с Litecoin клиенты получают высокое качество сервиса и защиту личной информации.&lt;/p&gt;\n&lt;h2 id=\"heading_0\"&gt;Современная платежная система Лайткоин — достоинства&lt;/h2&gt;\n&lt;p&gt;Особенности, которые предлагает платежная система Лайткоин:&lt;/p&gt;\n&lt;ul&gt;\n&lt;li&gt;транзакции проходят очень быстро — до 2 минут;&lt;/li&gt;\n&lt;li&gt;комиссия минимальна и зависит от суммы перевода;&lt;/li&gt;\n&lt;li&gt;пополнить счет Лайткоин можно с различных электронных платежных систем и банковских карт;&lt;/li&gt;\n&lt;li&gt;применяются инновационные протоколы Segregated Witness и P2P-сеть Lightning Network!&lt;/li&gt;\n&lt;/ul&gt;\n&lt;p&gt;Совершая транзакции через систему криптовалюты, играть онлайн становится доступно и просто.&lt;/p&gt;\n&lt;h2 id=\"heading_1\"&gt;Лучшие казино работающие с Litecoin&lt;/h2&gt;\n&lt;p&gt;Если кроме удобства платежных операций вас интересуют еще и бонусы, круглосуточная поддержка и только проверенные слоты, выбирайте популярные казино работающие с Litecoin:&lt;/p&gt;\n&lt;ol&gt;\n&lt;li&gt;Fastpay;&lt;/li&gt;\n&lt;li&gt;Казино X;&lt;/li&gt;\n&lt;li&gt;Joy;&lt;/li&gt;\n&lt;li&gt;BitStarz;&lt;/li&gt;\n&lt;li&gt;ТТР!&lt;/li&gt;\n&lt;/ol&gt;\n&lt;p&gt;Для подачи заявки на финансовую операцию, будь то депозит или вывод, схема одинаковая. И в казино, и в системе Лайткоин должны быть активные регистрации, для депозита — положительный баланс в системе криптовалюты. В разделе для платежей личного кабинета на сайте клуба выберите тип операции — пополнение или вывод денег. Затем укажите сумму перевода и номер счета в системе криптовалюты. Дождитесь оповещения о проведении платежа, и проверяйте счет.&lt;/p&gt;\n&lt;p&gt;Играйте в Украине на деньги безопасно и комфортно с гарантией защиты личных данных и с мгновенными операциями — выбирайте только лицензионные залы с проверенной и надежной криптовалютой. Это гарантия честности и комфорта.&lt;/p&gt;\n</pre>', 1, '2022-04-21 15:54:50', '2022-04-21 15:54:50', 'payment', 'payment');

-- --------------------------------------------------------

--
-- Структура таблицы `payment_category`
--

CREATE TABLE `payment_category` (
  `id` int(11) NOT NULL,
  `status` enum('public','hide','basket') DEFAULT 'public',
  `permalink` varchar(255) DEFAULT NULL,
  `title` varchar(255) DEFAULT NULL,
  `thumbnail` varchar(255) DEFAULT NULL,
  `short_desc` varchar(255) DEFAULT NULL,
  `h1` varchar(255) DEFAULT NULL,
  `meta_title` varchar(255) DEFAULT NULL,
  `description` varchar(255) DEFAULT NULL,
  `keywords` varchar(255) DEFAULT NULL,
  `content` text,
  `lang` int(11) DEFAULT '1',
  `updated_at` datetime DEFAULT CURRENT_TIMESTAMP,
  `created_at` datetime DEFAULT CURRENT_TIMESTAMP,
  `parent_id` int(11) DEFAULT '0',
  `post_type` varchar(255) DEFAULT 'payment/category',
  `slug` varchar(255) DEFAULT 'payments',
  `faq` text
) ENGINE=InnoDB DEFAULT CHARSET=utf8;

--
-- Дамп данных таблицы `payment_category`
--

INSERT INTO `payment_category` (`id`, `status`, `permalink`, `title`, `thumbnail`, `short_desc`, `h1`, `meta_title`, `description`, `keywords`, `content`, `lang`, `updated_at`, `created_at`, `parent_id`, `post_type`, `slug`, `faq`) VALUES
(1, 'public', 'plastikovye-karty', 'Пластиковые карты', 'http://127.0.0.1:5000/img/default.png', 'Пластиковые карты', 'Пластиковые карты', 'Пластиковые карты', 'Пластиковые карты', 'Пластиковые карты', '<pre class=\"ql-syntax\" spellcheck=\"false\">&lt;p&gt;Пластиковая карта – банковская карта, которая прикрепляется к банковскому счету клиента. Банковская карта предназначается для выполнения безналичного расчета, оплаты тваров, услуги и обналичивания денежных средств банкомат. Пластиковые карты классифицируются на индивидуальные и корпоративные. Банковские карточки можно поделить на платежные системы, которыми они обслуживаются. Среди наиболее известных: VISA, Master Card, EcoPayz, AGMO, SpeedCard. Последнее время популярностью стали пользоваться электронные карточки. Такие карты у многих известных систем, например у VISA - VISA Electron, у их главного конкурента MasterCard – Maestro.&lt;/p&gt;\n</pre>', 1, '2022-05-16 00:00:00', '2022-05-16 00:00:00', 0, 'payment/category', 'payments', '[]');

-- --------------------------------------------------------

--
-- Структура таблицы `payment_category_relatives`
--

CREATE TABLE `payment_category_relatives` (
  `post_id` int(11) NOT NULL DEFAULT '0',
  `relative_id` int(11) NOT NULL DEFAULT '0'
) ENGINE=InnoDB DEFAULT CHARSET=utf8;

--
-- Дамп данных таблицы `payment_category_relatives`
--

INSERT INTO `payment_category_relatives` (`post_id`, `relative_id`) VALUES
(1, 1),
(2, 1);

-- --------------------------------------------------------

--
-- Структура таблицы `payment_meta`
--

CREATE TABLE `payment_meta` (
  `site` varchar(255) DEFAULT NULL,
  `withdrawal` varchar(255) DEFAULT NULL,
  `commission` varchar(255) DEFAULT NULL,
  `withdrawal_period` varchar(255) DEFAULT NULL,
  `post_id` int(11) DEFAULT NULL
) ENGINE=InnoDB DEFAULT CHARSET=utf8;

--
-- Дамп данных таблицы `payment_meta`
--

INSERT INTO `payment_meta` (`site`, `withdrawal`, `commission`, `withdrawal_period`, `post_id`) VALUES
('visa.com', '1 UAH / 1 USD / 1 EUR / 1 RUB / 1 GBP', 'без комиссии', 'мгновенно', 1),
('mastercard.com', '1 UAH / 1 USD / 1 RUB', 'без комиссии', 'мгновенно', 2),
('monobank.ua', '', '', '', 3),
('privat24.ua', '1 UAH / 1 USD / 1 RUB', 'без комиссии', 'мгновенно', 4),
('bitcoin.org', '0.001 mBTC', '0', '10 минут', 5),
('apple.com', '', '', '', 6),
('pay.google.com', '', '', '', 7),
('blockchair.com/ethereum', '', '', '', 8),
('liqpay.ua', '50 UAH / 10 USD', '1%', 'мгновенно', 9),
('', '', '', '', 10);

-- --------------------------------------------------------

--
-- Структура таблицы `settings`
--

CREATE TABLE `settings` (
  `id` int(11) NOT NULL,
  `slug` varchar(255) DEFAULT 'settings',
  `key_id` varchar(255) DEFAULT NULL,
  `value` text,
  `title` varchar(255) DEFAULT NULL,
  `editor` varchar(255) DEFAULT NULL,
  `lang` int(11) DEFAULT '1'
) ENGINE=InnoDB DEFAULT CHARSET=utf8;

--
-- Дамп данных таблицы `settings`
--

INSERT INTO `settings` (`id`, `slug`, `key_id`, `value`, `title`, `editor`, `lang`) VALUES
(1, 'settings', 'header_menu_main', '[{\"src\":\"\",\"value_1\":\"Обзоры казино\",\"value_2\":\"/casino\"},{\"src\":\"\",\"value_1\":\"Статьи\",\"value_2\":\"/article\"},{\"src\":\"\",\"value_1\":\"Бонусы\",\"value_2\":\"/bonus\"},{\"src\":\"\",\"value_1\":\"Слоты\",\"value_2\":\"/game\"},{\"src\":\"\",\"value_1\":\"Лицензии\",\"value_2\":\"/license\"},{\"src\":\"\",\"value_1\":\"Платежные системы\",\"value_2\":\"/payment\"},{\"src\":\"\",\"value_1\":\"Производители\",\"value_2\":\"/vendor\"}]', 'Главное меню хедера', 'two_input_image', 1),
(2, 'settings', 'header_menu_1', '[{\"src\":\"\",\"value_1\":\"Bonanza\",\"value_2\":\"/casino/bonanza\"},{\"src\":\"\",\"value_1\":\"Winz\",\"value_2\":\"/casino/winz\"},{\"src\":\"\",\"value_1\":\"Spinia\",\"value_2\":\"/casino/spinia\"},{\"src\":\"\",\"value_1\":\"Volna\",\"value_2\":\"/casino/volna\"},{\"src\":\"\",\"value_1\":\"Casilando\",\"value_2\":\"/casino/casilando\"}]', 'Меню хедера популярные казино', 'two_input_image', 1),
(3, 'settings', 'header_menu_2', '[{\"src\":\"\",\"value_1\":\"Dendy\",\"value_2\":\"/casino/dendy\"},{\"src\":\"\",\"value_1\":\"Slottica\",\"value_2\":\"/casino/slottica\"},{\"src\":\"\",\"value_1\":\"Vavada\",\"value_2\":\"/casino/vavada\"},{\"src\":\"\",\"value_1\":\"Bons\",\"value_2\":\"/casino/bons\"},{\"src\":\"\",\"value_1\":\"Netgame\",\"value_2\":\"/casino/netgamecasino\"}]', 'Меню хедера новые казино', 'two_input_image', 1),
(4, 'settings', 'header_menu_3', '[{\"src\":\"\",\"value_1\":\"SlotoKing\",\"value_2\":\"/casino/slotoking\"},{\"src\":\"\",\"value_1\":\"Pin Up\",\"value_2\":\"/casino/pin-up\"},{\"src\":\"\",\"value_1\":\"Vulkan 777\",\"value_2\":\"/casino/vulkan-ukraina\"},{\"src\":\"\",\"value_1\":\"777 Original\",\"value_2\":\"/casino/777-original\"},{\"src\":\"\",\"value_1\":\"Slots City\",\"value_2\":\"/casino/slots-city\"}]', 'Меню хедера высокий рейтинг', 'two_input_image', 1),
(5, 'settings', 'bonus_main_page', '[{\"src\":\"http://127.0.0.1:5000/uploads/0eaf101583ca1f45-60ab5dc288337.png\",\"value_1\":\"SlotoKing\",\"value_2\":\"Welcome bonus\",\"value_3\":\"125 000 ₽\",\"value_4\":\"Единоразово при регистрации\",\"value_5\":\"https://ua.korrespondent.net\",\"value_6\":\"\"},{\"src\":\"http://127.0.0.1:5000/uploads/547054224175ccda-60c9b6fe8df1a.png\",\"value_1\":\"Leo Vegas\",\"value_2\":\"Бонус \\\"WEEKEND\\\"\",\"value_3\":\"50% + UP TO 30FS\",\"value_4\":\"Единоразово при регистрации\",\"value_5\":\"https://www.unian.ua\",\"value_6\":\"\"},{\"src\":\"http://127.0.0.1:5000/uploads/ceb8c75cfe48fd91-60c9dcf13bca3.png\",\"value_1\":\"Super Boss\",\"value_2\":\"Бонус \\\"WEEKEND\\\"\",\"value_3\":\"50% + UP TO 30FS\",\"value_4\":\"Единоразово при регистрации\",\"value_5\":\"https://sloto.top\",\"value_6\":\"\"}]', 'Бонусы на главной странице', 'multiple_bonus', 1),
(6, 'settings', 'footer_menu', '[{\"src\":\"\",\"value_1\":\"Пинап Казино\",\"value_2\":\"/casino/pin-up\"},{\"src\":\"\",\"value_1\":\"Слотокинг\",\"value_2\":\"/casino/slotoking\"},{\"src\":\"\",\"value_1\":\"Вулкан 777\",\"value_2\":\"/casino/vulkan777\"},{\"src\":\"\",\"value_1\":\"Slots City\",\"value_2\":\"/casino/slots-city\"},{\"src\":\"\",\"value_1\":\"Джокер казино\",\"value_2\":\"/casino/joker\"}]', 'Меню в футере', 'two_input_image', 1),
(7, 'settings', 'footer_text', '© 2022 sloto.top | Все права защищены', 'Текст в футере', 'input', 1),
(8, 'settings', 'main_page_casino_text', '<pre class=\"ql-syntax\" spellcheck=\"false\">&lt;p&gt;На свете существует множество развлечений, однако в современном динамичном мире пользуются спросом игровые автоматы, широко представленные в портфолио ведущих брендов. Такое доступное, лёгкое и увлекательное занятие - активация эмуляторов - радует каждого пользователя, вне зависимости от его профессиональных умений и навыков. Жители разных регионов предпочитают комфортный домашний отдых, что полностью соответствует концепции игры в режиме реального времени.&lt;/p&gt;\n&lt;p&gt;Клиент абсолютно ничем не рискует - надежность и безопасность гарантируется специальными аудиторскими компаниями и подтверждается лицензиями, представленными на сайтах виртуальных порталов. На результативность сессии влияет выбор виртуального казино: геймеру следует определиться с онлайн ресурсом, обеспечивающим полноценное и приятное времяпровождение.&lt;/p&gt;\n&lt;p&gt;На свете существует множество развлечений, однако в современном динамичном мире пользуются спросом игровые автоматы, широко представленные в портфолио ведущих брендов. Такое доступное, лёгкое и увлекательное занятие - активация эмуляторов - радует каждого пользователя, вне зависимости от его профессиональных умений и навыков. Жители разных регионов предпочитают комфортный домашний отдых, что полностью соответствует концепции игры в режиме реального времени.&lt;/p&gt;\n&lt;p&gt;Клиент абсолютно ничем не рискует - надежность и безопасность гарантируется специальными аудиторскими компаниями и подтверждается лицензиями, представленными на сайтах виртуальных порталов. На результативность сессии влияет выбор виртуального казино: геймеру следует определиться с онлайн ресурсом, обеспечивающим полноценное и приятное времяпровождение.&lt;/p&gt;\n</pre>', 'Описание казино на главной странице ру', 'rich_text', 1),
(9, 'settings', 'main_page_game_text', '<pre class=\"ql-syntax\" spellcheck=\"false\">&lt;p&gt;Текст игровые автоматы. На свете существует множество развлечений, однако в современном динамичном мире пользуются спросом игровые автоматы, широко представленные в портфолио ведущих брендов. Такое доступное, лёгкое и увлекательное занятие - активация эмуляторов - радует каждого пользователя, вне зависимости от его профессиональных умений и навыков. Жители разных регионов предпочитают комфортный домашний отдых, что полностью соответствует концепции игры в режиме реального времени.&lt;/p&gt;\n&lt;p&gt;Клиент абсолютно ничем не рискует - надежность и безопасность гарантируется специальными аудиторскими компаниями и подтверждается лицензиями, представленными на сайтах виртуальных порталов. На результативность сессии влияет выбор виртуального казино: геймеру следует определиться с онлайн ресурсом, обеспечивающим полноценное и приятное времяпровождение.&lt;/p&gt;\n&lt;p&gt;На свете существует множество развлечений, однако в современном динамичном мире пользуются спросом игровые автоматы, широко представленные в портфолио ведущих брендов. Такое доступное, лёгкое и увлекательное занятие - активация эмуляторов - радует каждого пользователя, вне зависимости от его профессиональных умений и навыков. Жители разных регионов предпочитают комфортный домашний отдых, что полностью соответствует концепции игры в режиме реального времени.&lt;/p&gt;\n&lt;p&gt;Клиент абсолютно ничем не рискует - надежность и безопасность гарантируется специальными аудиторскими компаниями и подтверждается лицензиями, представленными на сайтах виртуальных порталов. На результативность сессии влияет выбор виртуального казино: геймеру следует определиться с онлайн ресурсом, обеспечивающим полноценное и приятное времяпровождение.&lt;/p&gt;\n</pre>', 'Описание игр на главной странице ру', 'rich_text', 1),
(10, 'settings', 'main_page_bonus_text', '<pre class=\"ql-syntax\" spellcheck=\"false\">&lt;p&gt;Текст бонусы. На свете существует множество развлечений, однако в современном динамичном мире пользуются спросом игровые автоматы, широко представленные в портфолио ведущих брендов. Такое доступное, лёгкое и увлекательное занятие - активация эмуляторов - радует каждого пользователя, вне зависимости от его профессиональных умений и навыков. Жители разных регионов предпочитают комфортный домашний отдых, что полностью соответствует концепции игры в режиме реального времени.&lt;/p&gt;\n&lt;p&gt;Клиент абсолютно ничем не рискует - надежность и безопасность гарантируется специальными аудиторскими компаниями и подтверждается лицензиями, представленными на сайтах виртуальных порталов. На результативность сессии влияет выбор виртуального казино: геймеру следует определиться с онлайн ресурсом, обеспечивающим полноценное и приятное времяпровождение.&lt;/p&gt;\n&lt;p&gt;На свете существует множество развлечений, однако в современном динамичном мире пользуются спросом игровые автоматы, широко представленные в портфолио ведущих брендов. Такое доступное, лёгкое и увлекательное занятие - активация эмуляторов - радует каждого пользователя, вне зависимости от его профессиональных умений и навыков. Жители разных регионов предпочитают комфортный домашний отдых, что полностью соответствует концепции игры в режиме реального времени.&lt;/p&gt;\n&lt;p&gt;Клиент абсолютно ничем не рискует - надежность и безопасность гарантируется специальными аудиторскими компаниями и подтверждается лицензиями, представленными на сайтах виртуальных порталов. На результативность сессии влияет выбор виртуального казино: геймеру следует определиться с онлайн ресурсом, обеспечивающим полноценное и приятное времяпровождение.&lt;/p&gt;\n</pre>', 'Описание бонусов на главной странице ру', 'rich_text', 1);

-- --------------------------------------------------------

--
-- Структура таблицы `users`
--

CREATE TABLE `users` (
  `id` int(11) NOT NULL,
  `name` varchar(255) DEFAULT NULL,
  `email` varchar(255) DEFAULT NULL,
  `password` varchar(255) DEFAULT NULL,
  `remember_token` varchar(255) DEFAULT NULL,
  `role` enum('admin','editor','guest') DEFAULT 'editor',
  `updated_at` datetime DEFAULT CURRENT_TIMESTAMP,
  `created_at` datetime DEFAULT CURRENT_TIMESTAMP
) ENGINE=InnoDB DEFAULT CHARSET=utf8;

--
-- Дамп данных таблицы `users`
--

INSERT INTO `users` (`id`, `name`, `email`, `password`, `remember_token`, `role`, `updated_at`, `created_at`) VALUES
(1, 'admin', 'admin@mail.ru', '8681ddd8ac7460f09a69e691ec98250e', 'b83989cc5482c9deffcc336ad276feba', 'admin', '2022-04-21 18:45:21', '2022-04-21 18:45:21');

-- --------------------------------------------------------

--
-- Структура таблицы `vendors`
--

CREATE TABLE `vendors` (
  `id` int(11) NOT NULL,
  `status` enum('public','hide','basket') DEFAULT 'public',
  `permalink` varchar(255) DEFAULT NULL,
  `title` varchar(255) DEFAULT NULL,
  `thumbnail` varchar(255) DEFAULT NULL,
  `short_desc` varchar(255) DEFAULT NULL,
  `h1` varchar(255) DEFAULT NULL,
  `meta_title` varchar(255) DEFAULT NULL,
  `description` varchar(255) DEFAULT NULL,
  `keywords` varchar(255) DEFAULT NULL,
  `content` text,
  `lang` int(11) DEFAULT '1',
  `updated_at` datetime DEFAULT CURRENT_TIMESTAMP,
  `created_at` datetime DEFAULT CURRENT_TIMESTAMP,
  `post_type` varchar(255) DEFAULT 'vendor',
  `slug` varchar(255) DEFAULT 'vendor'
) ENGINE=InnoDB DEFAULT CHARSET=utf8;

--
-- Дамп данных таблицы `vendors`
--

INSERT INTO `vendors` (`id`, `status`, `permalink`, `title`, `thumbnail`, `short_desc`, `h1`, `meta_title`, `description`, `keywords`, `content`, `lang`, `updated_at`, `created_at`, `post_type`, `slug`) VALUES
(1, 'public', 'funfair', 'FunFair', 'http://127.0.0.1:5000/uploads/ce3cfa2a7aab6ea5-funfair-6211710ea0302.png', 'Игровые автоматы FunFair отличаются качественным графическим оформлением, обширным функционалом, простым и удобным интерфейсом', 'Keywords Увлекательные игровые автоматы FunFair', 'Meta Увлекательные игровые автоматы FunFair', 'Description Увлекательные игровые автоматы FunFair', 'Keywords Увлекательные игровые автоматы FunFair', '<pre class=\"ql-syntax\" spellcheck=\"false\">&lt;nav class=\"nav\"&gt;&lt;/nav&gt;\n&lt;p&gt;В этом разделе вы найдете наибольшую коллекцию производителей &lt;a href=\"/games\"&gt;автоматов игровых&lt;/a&gt;, видеопокеров, рулеток, карточных, аркадных игр. Среди производителей игр необходимо отметить несколько компаний, которые уже продолжительное время являются лидерами производства симуляторов игровых автоматов для онлайн казино. Это Novomatic, laytech, Microgaming, NetEnt, Pragmatic Play, Quickspin, Red Tiger, Spinomenal, Tom Horn и Yggdrasil Gaming.&lt;/p&gt;\n&lt;p&gt;Также в каталоге вы сможете поиграть на автоматах менее именитых, но перспективных компаний, таких как BF games, Fazi, Gameburger Studios, Mancala, Slotfactory, True Lab, Vivo Gaming и Zeus Play.&lt;/p&gt;\n&lt;p&gt;Для каждого производителя софта для &lt;a href=\"/casino\"&gt;онлайн казино&lt;/a&gt; создана страница с подробной ифнормацией о компании и списком доступных игровых автоматов. Конечно же, на портале вы не найдете игры на деньги – все игры предоставлены в ознакомительном режиме. Зато вы сможете проверить свои навыки, удачу! &lt;/p&gt;\n&lt;p&gt;Здесь вы найдете даже эксклюзивные слоты, которые ранее были недоступны для Украины и СНГ – автоматы JDB, Spearhead Studios и Woohoo!&lt;/p&gt;\n&lt;p&gt;На страничке каждой игры вы найдете детальную информацию относительно характеристик автомата, наличия символов Skatter или Wild, минимальных/максимальных ставок. Не покидая страницы, вы сможете сможете ознакомиться с дизайном геймплея, с символами, комбинациями или правилами, и самое главное – самостоятельно оценить игру после того, как поиграете в демо-версию!&lt;/p&gt;\n</pre>', 1, '2022-04-21 15:55:06', '2022-04-21 15:55:06', 'vendor', 'vendor'),
(2, 'public', 'five-men-games', 'Five Men Games', 'http://127.0.0.1:5000/uploads/5a08370914b7fad7-5men-62117136d1a1f.png', 'Игровые автоматы Five Men Games отличаются качественным графическим оформлением, обширным функционалом, простым и удобным интерфейсом', 'Увлекательные игровые автоматы Five Men', 'Meta title Увлекательные игровые автоматы Five Men', 'Description Увлекательные игровые автоматы Five Men', 'Keywords Увлекательные игровые автоматы Five Men', '<pre class=\"ql-syntax\" spellcheck=\"false\">&lt;p&gt;Игровые автоматы Five Men Games отличаются качественным графическим оформлением, обширным функционалом, простым и удобным интерфейсом&lt;/p&gt;\n</pre>', 1, '2022-04-21 15:55:06', '2022-04-21 15:55:06', 'vendor', 'vendor'),
(3, 'public', 'eyecon', 'Eyecon', 'http://127.0.0.1:5000/uploads/86f678a1112037d8-eyecon-62116ed5d1605.png', 'Игровые автоматы Eyecon отличаются качественным графическим оформлением, обширным функционалом, простым и удобным интерфейсом', 'Keywords Увлекательные игровые автоматы Eyecon', 'Meta title Увлекательные игровые автоматы Eyecon', 'Description Увлекательные игровые автоматы Eyecon', 'Keywords Увлекательные игровые автоматы Eyecon', '<pre class=\"ql-syntax\" spellcheck=\"false\">&lt;p&gt;Игровые автоматы Eyecon отличаются качественным графическим оформлением, обширным функционалом, простым и удобным интерфейсом&lt;/p&gt;\n</pre>', 1, '2022-04-21 15:55:06', '2022-04-21 15:55:06', 'vendor', 'vendor'),
(4, 'public', 'arrows-edge', 'Arrows Edge', 'http://127.0.0.1:5000/uploads/e6619f1d6967ebc8-arrows-edge-62116d8141f7d.png', 'Игровые автоматы Arrows Edge отличаются качественным графическим оформлением, обширным функционалом, простым и удобным интерфейсом', 'Увлекательные игровые автоматы Arrows Edge', 'Meta title Увлекательные игровые автоматы Arrows Edge', 'Description Увлекательные игровые автоматы Arrows Edge', 'Keywords Увлекательные игровые автоматы Arrows Edge', '<pre class=\"ql-syntax\" spellcheck=\"false\">&lt;p&gt;Игровые автоматы Arrows Edge отличаются качественным графическим оформлением, обширным функционалом, простым и удобным интерфейсом&lt;/p&gt;\n</pre>', 1, '2022-04-21 15:55:06', '2022-04-21 15:55:06', 'vendor', 'vendor'),
(5, 'public', 'arancita', 'Arancita', 'http://127.0.0.1:5000/uploads/9785a8dcdb1751ac-arancita-62116d3a48335.png', 'Игровые автоматы Arancita отличаются качественным графическим оформлением, обширным функционалом, простым и удобным интерфейсом', 'Keywords Увлекательные игровые автоматы Arancita', 'Meta title Увлекательные игровые автоматы Arancita', 'Description Увлекательные игровые автоматы Arancita', 'Keywords Увлекательные игровые автоматы Arancita', '<pre class=\"ql-syntax\" spellcheck=\"false\">&lt;p&gt;Игровые автоматы Arancita отличаются качественным графическим оформлением, обширным функционалом, простым и удобным интерфейсом&lt;/p&gt;\n</pre>', 1, '2022-04-21 15:55:06', '2022-04-21 15:55:06', 'vendor', 'vendor'),
(6, 'public', 'arcadem', 'Arcadem', 'http://127.0.0.1:5000/uploads/834a63de14785ef8-arcadem-62116e749a355.png', 'Игровые автоматы Arcadem отличаются качественным графическим оформлением, обширным функционалом, простым и удобным интерфейсом', 'Увлекательные игровые автоматы Arcadem', 'Meta title Увлекательные игровые автоматы Arcadem', 'Description Увлекательные игровые автоматы Arcadem', 'Keywords Увлекательные игровые автоматы Arcadem', '<pre class=\"ql-syntax\" spellcheck=\"false\">&lt;p&gt;Игровые автоматы Arcadem отличаются качественным графическим оформлением, обширным функционалом, простым и удобным интерфейсом&lt;/p&gt;\n</pre>', 1, '2022-04-21 15:55:06', '2022-04-21 15:55:06', 'vendor', 'vendor'),
(7, 'public', 'everi', 'Everi', 'http://127.0.0.1:5000/uploads/82de00775d61aa64-everi-62116f50ee20f.png', 'Игровые автоматы Everi отличаются качественным графическим оформлением, обширным функционалом, простым и удобным интерфейсом', 'Увлекательные игровые автоматы Everi', 'Увлекательные игровые автоматы Everi', 'Увлекательные игровые автоматы Everi', 'Увлекательные игровые автоматы Everi', '<pre class=\"ql-syntax\" spellcheck=\"false\">&lt;p&gt;Игровые автоматы Everi отличаются качественным графическим оформлением, обширным функционалом, простым и удобным интерфейсом&lt;/p&gt;\n</pre>', 1, '2022-04-21 15:55:06', '2022-04-21 15:55:06', 'vendor', 'vendor'),
(8, 'public', 'elysium-studios', 'ELYSIUM Studios', 'http://127.0.0.1:5000/uploads/6a9f63fdf4a421b3-elysium-studios-62116f860c17e.png', 'Игровые автоматы ELYSIUM Studios отличаются качественным графическим оформлением, обширным функционалом, простым и удобным интерфейсом', 'Увлекательные игровые автоматы ELYSIUM Studios', 'Увлекательные игровые автоматы ELYSIUM Studios', 'Увлекательные игровые автоматы ELYSIUM Studios', 'Keywords Увлекательные игровые автоматы ELYSIUM Studios', '<pre class=\"ql-syntax\" spellcheck=\"false\">&lt;p&gt;Игровые автоматы ELYSIUM Studios отличаются качественным графическим оформлением, обширным функционалом, простым и удобным интерфейсом&lt;/p&gt;\n</pre>', 1, '2022-04-21 15:55:06', '2022-04-21 15:55:06', 'vendor', 'vendor'),
(9, 'public', 'ela-games', 'Ela Games', 'http://127.0.0.1:5000/uploads/e01d065ed36239b8-ela-62116660a1b2f.png', 'Игровые автоматы Ela Games отличаются качественным графическим оформлением, обширным функционалом, простым и удобным интерфейсом', 'Keywords Увлекательные игровые автоматы Ela Games', 'Meta title Увлекательные игровые автоматы Ela Games', 'Description Увлекательные игровые автоматы Ela Games', 'Keywords Увлекательные игровые автоматы Ela Games', '<pre class=\"ql-syntax\" spellcheck=\"false\">&lt;p&gt;Игровые автоматы Ela Games отличаются качественным графическим оформлением, обширным функционалом, простым и удобным интерфейсом&lt;/p&gt;\n</pre>', 1, '2022-04-21 15:55:06', '2022-04-21 15:55:06', 'vendor', 'vendor'),
(10, 'public', 'cyber-slot', 'Cyber Slot', 'http://127.0.0.1:5000/uploads/e73643687b1e41c8-cyber-slot-6211668d8fbec.png', 'Игровые автоматы Cyber Slot отличаются качественным графическим оформлением, обширным функционалом, простым и удобным интерфейсом', 'Keywords Увлекательные игровые автоматы Cyber Slot', 'Meta title Увлекательные игровые автоматы Cyber Slot', 'Description Увлекательные игровые автоматы Cyber Slot', 'Keywords Увлекательные игровые автоматы Cyber Slot', '<pre class=\"ql-syntax\" spellcheck=\"false\">&lt;p&gt;Игровые автоматы Cyber Slot отличаются качественным графическим оформлением, обширным функционалом, простым и удобным интерфейсом&lt;/p&gt;\n</pre>', 1, '2022-04-21 15:55:06', '2022-04-21 15:55:06', 'vendor', 'vendor');

-- --------------------------------------------------------

--
-- Структура таблицы `vendor_category`
--

CREATE TABLE `vendor_category` (
  `id` int(11) NOT NULL,
  `status` enum('public','hide','basket') DEFAULT 'public',
  `permalink` varchar(255) DEFAULT NULL,
  `title` varchar(255) DEFAULT NULL,
  `thumbnail` varchar(255) DEFAULT NULL,
  `short_desc` varchar(255) DEFAULT NULL,
  `h1` varchar(255) DEFAULT NULL,
  `meta_title` varchar(255) DEFAULT NULL,
  `description` varchar(255) DEFAULT NULL,
  `keywords` varchar(255) DEFAULT NULL,
  `content` text,
  `lang` int(11) DEFAULT '1',
  `updated_at` datetime DEFAULT CURRENT_TIMESTAMP,
  `created_at` datetime DEFAULT CURRENT_TIMESTAMP,
  `parent_id` int(11) DEFAULT '0',
  `post_type` varchar(255) DEFAULT 'vendor/category',
  `slug` varchar(255) DEFAULT 'vendors',
  `faq` text
) ENGINE=InnoDB DEFAULT CHARSET=utf8;

--
-- Дамп данных таблицы `vendor_category`
--

INSERT INTO `vendor_category` (`id`, `status`, `permalink`, `title`, `thumbnail`, `short_desc`, `h1`, `meta_title`, `description`, `keywords`, `content`, `lang`, `updated_at`, `created_at`, `parent_id`, `post_type`, `slug`, `faq`) VALUES
(1, 'public', 'evropejskie-proizvoditeli-igrovyh-avtomatov', 'Европейские производители игровых автоматов', 'http://127.0.0.1:5000/img/default.png', 'Описание Европейские производители игровых автоматов', 'H1 Европейские производители игровых автоматов', 'Европейские производители игровых автоматов', 'Европейские производители игровых автоматов', 'Европейские производители игровых автоматов', '<pre class=\"ql-syntax\" spellcheck=\"false\">&lt;p&gt;Пластиковая карта – банковская карта, которая прикрепляется к банковскому счету клиента. Банковская карта предназначается для выполнения безналичного расчета, оплаты тваров, услуги и обналичивания денежных средств банкомат. Пластиковые карты классифицируются на индивидуальные и корпоративные. Банковские карточки можно поделить на платежные системы, которыми они обслуживаются. Среди наиболее известных: VISA, Master Card, EcoPayz, AGMO, SpeedCard. Последнее время популярностью стали пользоваться электронные карточки. Такие карты у многих известных систем, например у VISA - VISA Electron, у их главного конкурента MasterCard – Maestro.&lt;/p&gt;\n</pre>', 1, '2022-05-16 00:00:00', '2022-05-16 00:00:00', 0, 'vendor/category', 'vendors', '[]');

-- --------------------------------------------------------

--
-- Структура таблицы `vendor_category_relatives`
--

CREATE TABLE `vendor_category_relatives` (
  `post_id` int(11) NOT NULL DEFAULT '0',
  `relative_id` int(11) NOT NULL DEFAULT '0'
) ENGINE=InnoDB DEFAULT CHARSET=utf8;

--
-- Дамп данных таблицы `vendor_category_relatives`
--

INSERT INTO `vendor_category_relatives` (`post_id`, `relative_id`) VALUES
(1, 1),
(4, 1),
(7, 1);

-- --------------------------------------------------------

--
-- Структура таблицы `vendor_meta`
--

CREATE TABLE `vendor_meta` (
  `year` varchar(255) DEFAULT NULL,
  `number_games` varchar(255) DEFAULT NULL,
  `post_id` int(11) DEFAULT NULL
) ENGINE=InnoDB DEFAULT CHARSET=utf8;

--
-- Дамп данных таблицы `vendor_meta`
--

INSERT INTO `vendor_meta` (`year`, `number_games`, `post_id`) VALUES
('', '', 1),
('', '', 2),
('', '', 3),
('', '', 4),
('', '', 5),
('', '', 6),
('', '', 7),
('', '', 8),
('', '', 9),
('', '', 10);

--
-- Индексы сохранённых таблиц
--

--
-- Индексы таблицы `articles`
--
ALTER TABLE `articles`
  ADD PRIMARY KEY (`id`),
  ADD UNIQUE KEY `permalink` (`permalink`);

--
-- Индексы таблицы `article_category`
--
ALTER TABLE `article_category`
  ADD PRIMARY KEY (`id`),
  ADD UNIQUE KEY `permalink` (`permalink`);

--
-- Индексы таблицы `article_category_relatives`
--
ALTER TABLE `article_category_relatives`
  ADD PRIMARY KEY (`post_id`,`relative_id`),
  ADD UNIQUE KEY `article_category_relatives_relative_id_post_id_unique` (`post_id`,`relative_id`),
  ADD KEY `relative_id` (`relative_id`);

--
-- Индексы таблицы `article_meta`
--
ALTER TABLE `article_meta`
  ADD KEY `post_id` (`post_id`);

--
-- Индексы таблицы `bonuses`
--
ALTER TABLE `bonuses`
  ADD PRIMARY KEY (`id`),
  ADD UNIQUE KEY `permalink` (`permalink`);

--
-- Индексы таблицы `bonus_casino_relatives`
--
ALTER TABLE `bonus_casino_relatives`
  ADD PRIMARY KEY (`post_id`,`relative_id`),
  ADD UNIQUE KEY `bonus_casino_relatives_relative_id_post_id_unique` (`post_id`,`relative_id`),
  ADD KEY `relative_id` (`relative_id`);

--
-- Индексы таблицы `bonus_category`
--
ALTER TABLE `bonus_category`
  ADD PRIMARY KEY (`id`),
  ADD UNIQUE KEY `permalink` (`permalink`);

--
-- Индексы таблицы `bonus_category_relatives`
--
ALTER TABLE `bonus_category_relatives`
  ADD PRIMARY KEY (`post_id`,`relative_id`),
  ADD UNIQUE KEY `bonus_category_relatives_relative_id_post_id_unique` (`post_id`,`relative_id`),
  ADD KEY `relative_id` (`relative_id`);

--
-- Индексы таблицы `bonus_meta`
--
ALTER TABLE `bonus_meta`
  ADD KEY `post_id` (`post_id`);

--
-- Индексы таблицы `casinos`
--
ALTER TABLE `casinos`
  ADD PRIMARY KEY (`id`),
  ADD UNIQUE KEY `permalink` (`permalink`);

--
-- Индексы таблицы `casino_category`
--
ALTER TABLE `casino_category`
  ADD PRIMARY KEY (`id`),
  ADD UNIQUE KEY `permalink` (`permalink`);

--
-- Индексы таблицы `casino_category_relatives`
--
ALTER TABLE `casino_category_relatives`
  ADD PRIMARY KEY (`post_id`,`relative_id`),
  ADD UNIQUE KEY `casino_category_relatives_relative_id_post_id_unique` (`post_id`,`relative_id`),
  ADD KEY `relative_id` (`relative_id`);

--
-- Индексы таблицы `casino_license_relatives`
--
ALTER TABLE `casino_license_relatives`
  ADD PRIMARY KEY (`post_id`,`relative_id`),
  ADD UNIQUE KEY `casino_license_relatives_relative_id_post_id_unique` (`post_id`,`relative_id`),
  ADD KEY `relative_id` (`relative_id`);

--
-- Индексы таблицы `casino_meta`
--
ALTER TABLE `casino_meta`
  ADD KEY `post_id` (`post_id`);

--
-- Индексы таблицы `casino_payment_relatives`
--
ALTER TABLE `casino_payment_relatives`
  ADD PRIMARY KEY (`post_id`,`relative_id`),
  ADD UNIQUE KEY `casino_payment_relatives_relative_id_post_id_unique` (`post_id`,`relative_id`),
  ADD KEY `relative_id` (`relative_id`);

--
-- Индексы таблицы `casino_vendor_relatives`
--
ALTER TABLE `casino_vendor_relatives`
  ADD PRIMARY KEY (`post_id`,`relative_id`),
  ADD UNIQUE KEY `casino_vendor_relatives_relative_id_post_id_unique` (`post_id`,`relative_id`),
  ADD KEY `relative_id` (`relative_id`);

--
-- Индексы таблицы `games`
--
ALTER TABLE `games`
  ADD PRIMARY KEY (`id`),
  ADD UNIQUE KEY `permalink` (`permalink`);

--
-- Индексы таблицы `game_casino_relatives`
--
ALTER TABLE `game_casino_relatives`
  ADD PRIMARY KEY (`post_id`,`relative_id`),
  ADD UNIQUE KEY `game_casino_relatives_relative_id_post_id_unique` (`post_id`,`relative_id`),
  ADD KEY `relative_id` (`relative_id`);

--
-- Индексы таблицы `game_category`
--
ALTER TABLE `game_category`
  ADD PRIMARY KEY (`id`),
  ADD UNIQUE KEY `permalink` (`permalink`);

--
-- Индексы таблицы `game_category_relatives`
--
ALTER TABLE `game_category_relatives`
  ADD PRIMARY KEY (`post_id`,`relative_id`),
  ADD UNIQUE KEY `game_category_relatives_relative_id_post_id_unique` (`post_id`,`relative_id`),
  ADD KEY `relative_id` (`relative_id`);

--
-- Индексы таблицы `game_meta`
--
ALTER TABLE `game_meta`
  ADD KEY `post_id` (`post_id`);

--
-- Индексы таблицы `game_vendor_relatives`
--
ALTER TABLE `game_vendor_relatives`
  ADD PRIMARY KEY (`post_id`,`relative_id`),
  ADD UNIQUE KEY `game_vendor_relatives_relative_id_post_id_unique` (`post_id`,`relative_id`),
  ADD KEY `relative_id` (`relative_id`);

--
-- Индексы таблицы `licenses`
--
ALTER TABLE `licenses`
  ADD PRIMARY KEY (`id`),
  ADD UNIQUE KEY `permalink` (`permalink`);

--
-- Индексы таблицы `license_category`
--
ALTER TABLE `license_category`
  ADD PRIMARY KEY (`id`),
  ADD UNIQUE KEY `permalink` (`permalink`);

--
-- Индексы таблицы `license_category_relatives`
--
ALTER TABLE `license_category_relatives`
  ADD PRIMARY KEY (`post_id`,`relative_id`),
  ADD UNIQUE KEY `license_category_relatives_relative_id_post_id_unique` (`post_id`,`relative_id`),
  ADD KEY `relative_id` (`relative_id`);

--
-- Индексы таблицы `license_meta`
--
ALTER TABLE `license_meta`
  ADD KEY `post_id` (`post_id`);

--
-- Индексы таблицы `options`
--
ALTER TABLE `options`
  ADD PRIMARY KEY (`id`),
  ADD UNIQUE KEY `key_id` (`key_id`);

--
-- Индексы таблицы `pages`
--
ALTER TABLE `pages`
  ADD PRIMARY KEY (`id`),
  ADD UNIQUE KEY `permalink` (`permalink`);

--
-- Индексы таблицы `payments`
--
ALTER TABLE `payments`
  ADD PRIMARY KEY (`id`),
  ADD UNIQUE KEY `permalink` (`permalink`);

--
-- Индексы таблицы `payment_category`
--
ALTER TABLE `payment_category`
  ADD PRIMARY KEY (`id`),
  ADD UNIQUE KEY `permalink` (`permalink`);

--
-- Индексы таблицы `payment_category_relatives`
--
ALTER TABLE `payment_category_relatives`
  ADD PRIMARY KEY (`post_id`,`relative_id`),
  ADD UNIQUE KEY `payment_category_relatives_relative_id_post_id_unique` (`post_id`,`relative_id`),
  ADD KEY `relative_id` (`relative_id`);

--
-- Индексы таблицы `payment_meta`
--
ALTER TABLE `payment_meta`
  ADD KEY `post_id` (`post_id`);

--
-- Индексы таблицы `settings`
--
ALTER TABLE `settings`
  ADD PRIMARY KEY (`id`),
  ADD UNIQUE KEY `key_id` (`key_id`);

--
-- Индексы таблицы `users`
--
ALTER TABLE `users`
  ADD PRIMARY KEY (`id`),
  ADD UNIQUE KEY `name` (`name`),
  ADD UNIQUE KEY `email` (`email`);

--
-- Индексы таблицы `vendors`
--
ALTER TABLE `vendors`
  ADD PRIMARY KEY (`id`),
  ADD UNIQUE KEY `permalink` (`permalink`);

--
-- Индексы таблицы `vendor_category`
--
ALTER TABLE `vendor_category`
  ADD PRIMARY KEY (`id`),
  ADD UNIQUE KEY `permalink` (`permalink`);

--
-- Индексы таблицы `vendor_category_relatives`
--
ALTER TABLE `vendor_category_relatives`
  ADD PRIMARY KEY (`post_id`,`relative_id`),
  ADD UNIQUE KEY `vendor_category_relatives_relative_id_post_id_unique` (`post_id`,`relative_id`),
  ADD KEY `relative_id` (`relative_id`);

--
-- Индексы таблицы `vendor_meta`
--
ALTER TABLE `vendor_meta`
  ADD KEY `post_id` (`post_id`);

--
-- AUTO_INCREMENT для сохранённых таблиц
--

--
-- AUTO_INCREMENT для таблицы `articles`
--
ALTER TABLE `articles`
  MODIFY `id` int(11) NOT NULL AUTO_INCREMENT, AUTO_INCREMENT=11;

--
-- AUTO_INCREMENT для таблицы `article_category`
--
ALTER TABLE `article_category`
  MODIFY `id` int(11) NOT NULL AUTO_INCREMENT, AUTO_INCREMENT=4;

--
-- AUTO_INCREMENT для таблицы `bonuses`
--
ALTER TABLE `bonuses`
  MODIFY `id` int(11) NOT NULL AUTO_INCREMENT, AUTO_INCREMENT=12;

--
-- AUTO_INCREMENT для таблицы `bonus_category`
--
ALTER TABLE `bonus_category`
  MODIFY `id` int(11) NOT NULL AUTO_INCREMENT, AUTO_INCREMENT=2;

--
-- AUTO_INCREMENT для таблицы `casinos`
--
ALTER TABLE `casinos`
  MODIFY `id` int(11) NOT NULL AUTO_INCREMENT, AUTO_INCREMENT=11;

--
-- AUTO_INCREMENT для таблицы `casino_category`
--
ALTER TABLE `casino_category`
  MODIFY `id` int(11) NOT NULL AUTO_INCREMENT, AUTO_INCREMENT=11;

--
-- AUTO_INCREMENT для таблицы `games`
--
ALTER TABLE `games`
  MODIFY `id` int(11) NOT NULL AUTO_INCREMENT, AUTO_INCREMENT=11;

--
-- AUTO_INCREMENT для таблицы `game_category`
--
ALTER TABLE `game_category`
  MODIFY `id` int(11) NOT NULL AUTO_INCREMENT, AUTO_INCREMENT=11;

--
-- AUTO_INCREMENT для таблицы `licenses`
--
ALTER TABLE `licenses`
  MODIFY `id` int(11) NOT NULL AUTO_INCREMENT, AUTO_INCREMENT=11;

--
-- AUTO_INCREMENT для таблицы `license_category`
--
ALTER TABLE `license_category`
  MODIFY `id` int(11) NOT NULL AUTO_INCREMENT, AUTO_INCREMENT=2;

--
-- AUTO_INCREMENT для таблицы `options`
--
ALTER TABLE `options`
  MODIFY `id` int(11) NOT NULL AUTO_INCREMENT, AUTO_INCREMENT=2;

--
-- AUTO_INCREMENT для таблицы `pages`
--
ALTER TABLE `pages`
  MODIFY `id` int(11) NOT NULL AUTO_INCREMENT, AUTO_INCREMENT=10;

--
-- AUTO_INCREMENT для таблицы `payments`
--
ALTER TABLE `payments`
  MODIFY `id` int(11) NOT NULL AUTO_INCREMENT, AUTO_INCREMENT=11;

--
-- AUTO_INCREMENT для таблицы `payment_category`
--
ALTER TABLE `payment_category`
  MODIFY `id` int(11) NOT NULL AUTO_INCREMENT, AUTO_INCREMENT=2;

--
-- AUTO_INCREMENT для таблицы `settings`
--
ALTER TABLE `settings`
  MODIFY `id` int(11) NOT NULL AUTO_INCREMENT, AUTO_INCREMENT=11;

--
-- AUTO_INCREMENT для таблицы `users`
--
ALTER TABLE `users`
  MODIFY `id` int(11) NOT NULL AUTO_INCREMENT, AUTO_INCREMENT=2;

--
-- AUTO_INCREMENT для таблицы `vendors`
--
ALTER TABLE `vendors`
  MODIFY `id` int(11) NOT NULL AUTO_INCREMENT, AUTO_INCREMENT=11;

--
-- AUTO_INCREMENT для таблицы `vendor_category`
--
ALTER TABLE `vendor_category`
  MODIFY `id` int(11) NOT NULL AUTO_INCREMENT, AUTO_INCREMENT=2;

--
-- Ограничения внешнего ключа сохраненных таблиц
--

--
-- Ограничения внешнего ключа таблицы `article_category_relatives`
--
ALTER TABLE `article_category_relatives`
  ADD CONSTRAINT `article_category_relatives_ibfk_1` FOREIGN KEY (`post_id`) REFERENCES `articles` (`id`) ON DELETE CASCADE ON UPDATE CASCADE,
  ADD CONSTRAINT `article_category_relatives_ibfk_2` FOREIGN KEY (`relative_id`) REFERENCES `article_category` (`id`) ON DELETE CASCADE ON UPDATE CASCADE;

--
-- Ограничения внешнего ключа таблицы `article_meta`
--
ALTER TABLE `article_meta`
  ADD CONSTRAINT `article_meta_ibfk_1` FOREIGN KEY (`post_id`) REFERENCES `articles` (`id`) ON DELETE CASCADE ON UPDATE CASCADE;

--
-- Ограничения внешнего ключа таблицы `bonus_casino_relatives`
--
ALTER TABLE `bonus_casino_relatives`
  ADD CONSTRAINT `bonus_casino_relatives_ibfk_1` FOREIGN KEY (`post_id`) REFERENCES `bonuses` (`id`) ON DELETE CASCADE ON UPDATE CASCADE,
  ADD CONSTRAINT `bonus_casino_relatives_ibfk_2` FOREIGN KEY (`relative_id`) REFERENCES `casinos` (`id`) ON DELETE CASCADE ON UPDATE CASCADE;

--
-- Ограничения внешнего ключа таблицы `bonus_category_relatives`
--
ALTER TABLE `bonus_category_relatives`
  ADD CONSTRAINT `bonus_category_relatives_ibfk_1` FOREIGN KEY (`post_id`) REFERENCES `bonuses` (`id`) ON DELETE CASCADE ON UPDATE CASCADE,
  ADD CONSTRAINT `bonus_category_relatives_ibfk_2` FOREIGN KEY (`relative_id`) REFERENCES `bonus_category` (`id`) ON DELETE CASCADE ON UPDATE CASCADE;

--
-- Ограничения внешнего ключа таблицы `bonus_meta`
--
ALTER TABLE `bonus_meta`
  ADD CONSTRAINT `bonus_meta_ibfk_1` FOREIGN KEY (`post_id`) REFERENCES `bonuses` (`id`) ON DELETE CASCADE ON UPDATE CASCADE;

--
-- Ограничения внешнего ключа таблицы `casino_category_relatives`
--
ALTER TABLE `casino_category_relatives`
  ADD CONSTRAINT `casino_category_relatives_ibfk_1` FOREIGN KEY (`post_id`) REFERENCES `casinos` (`id`) ON DELETE CASCADE ON UPDATE CASCADE,
  ADD CONSTRAINT `casino_category_relatives_ibfk_2` FOREIGN KEY (`relative_id`) REFERENCES `casino_category` (`id`) ON DELETE CASCADE ON UPDATE CASCADE;

--
-- Ограничения внешнего ключа таблицы `casino_license_relatives`
--
ALTER TABLE `casino_license_relatives`
  ADD CONSTRAINT `casino_license_relatives_ibfk_1` FOREIGN KEY (`post_id`) REFERENCES `casinos` (`id`) ON DELETE CASCADE ON UPDATE CASCADE,
  ADD CONSTRAINT `casino_license_relatives_ibfk_2` FOREIGN KEY (`relative_id`) REFERENCES `licenses` (`id`) ON DELETE CASCADE ON UPDATE CASCADE;

--
-- Ограничения внешнего ключа таблицы `casino_meta`
--
ALTER TABLE `casino_meta`
  ADD CONSTRAINT `casino_meta_ibfk_1` FOREIGN KEY (`post_id`) REFERENCES `casinos` (`id`) ON DELETE CASCADE ON UPDATE CASCADE;

--
-- Ограничения внешнего ключа таблицы `casino_payment_relatives`
--
ALTER TABLE `casino_payment_relatives`
  ADD CONSTRAINT `casino_payment_relatives_ibfk_1` FOREIGN KEY (`post_id`) REFERENCES `casinos` (`id`) ON DELETE CASCADE ON UPDATE CASCADE,
  ADD CONSTRAINT `casino_payment_relatives_ibfk_2` FOREIGN KEY (`relative_id`) REFERENCES `payments` (`id`) ON DELETE CASCADE ON UPDATE CASCADE;

--
-- Ограничения внешнего ключа таблицы `casino_vendor_relatives`
--
ALTER TABLE `casino_vendor_relatives`
  ADD CONSTRAINT `casino_vendor_relatives_ibfk_1` FOREIGN KEY (`post_id`) REFERENCES `casinos` (`id`) ON DELETE CASCADE ON UPDATE CASCADE,
  ADD CONSTRAINT `casino_vendor_relatives_ibfk_2` FOREIGN KEY (`relative_id`) REFERENCES `vendors` (`id`) ON DELETE CASCADE ON UPDATE CASCADE;

--
-- Ограничения внешнего ключа таблицы `game_casino_relatives`
--
ALTER TABLE `game_casino_relatives`
  ADD CONSTRAINT `game_casino_relatives_ibfk_1` FOREIGN KEY (`post_id`) REFERENCES `games` (`id`) ON DELETE CASCADE ON UPDATE CASCADE,
  ADD CONSTRAINT `game_casino_relatives_ibfk_2` FOREIGN KEY (`relative_id`) REFERENCES `casinos` (`id`) ON DELETE CASCADE ON UPDATE CASCADE;

--
-- Ограничения внешнего ключа таблицы `game_category_relatives`
--
ALTER TABLE `game_category_relatives`
  ADD CONSTRAINT `game_category_relatives_ibfk_1` FOREIGN KEY (`post_id`) REFERENCES `games` (`id`) ON DELETE CASCADE ON UPDATE CASCADE,
  ADD CONSTRAINT `game_category_relatives_ibfk_2` FOREIGN KEY (`relative_id`) REFERENCES `game_category` (`id`) ON DELETE CASCADE ON UPDATE CASCADE;

--
-- Ограничения внешнего ключа таблицы `game_meta`
--
ALTER TABLE `game_meta`
  ADD CONSTRAINT `game_meta_ibfk_1` FOREIGN KEY (`post_id`) REFERENCES `games` (`id`) ON DELETE CASCADE ON UPDATE CASCADE;

--
-- Ограничения внешнего ключа таблицы `game_vendor_relatives`
--
ALTER TABLE `game_vendor_relatives`
  ADD CONSTRAINT `game_vendor_relatives_ibfk_1` FOREIGN KEY (`post_id`) REFERENCES `games` (`id`) ON DELETE CASCADE ON UPDATE CASCADE,
  ADD CONSTRAINT `game_vendor_relatives_ibfk_2` FOREIGN KEY (`relative_id`) REFERENCES `vendors` (`id`) ON DELETE CASCADE ON UPDATE CASCADE;

--
-- Ограничения внешнего ключа таблицы `license_category_relatives`
--
ALTER TABLE `license_category_relatives`
  ADD CONSTRAINT `license_category_relatives_ibfk_1` FOREIGN KEY (`post_id`) REFERENCES `licenses` (`id`) ON DELETE CASCADE ON UPDATE CASCADE,
  ADD CONSTRAINT `license_category_relatives_ibfk_2` FOREIGN KEY (`relative_id`) REFERENCES `license_category` (`id`) ON DELETE CASCADE ON UPDATE CASCADE;

--
-- Ограничения внешнего ключа таблицы `license_meta`
--
ALTER TABLE `license_meta`
  ADD CONSTRAINT `license_meta_ibfk_1` FOREIGN KEY (`post_id`) REFERENCES `licenses` (`id`) ON DELETE CASCADE ON UPDATE CASCADE;

--
-- Ограничения внешнего ключа таблицы `payment_category_relatives`
--
ALTER TABLE `payment_category_relatives`
  ADD CONSTRAINT `payment_category_relatives_ibfk_1` FOREIGN KEY (`post_id`) REFERENCES `payments` (`id`) ON DELETE CASCADE ON UPDATE CASCADE,
  ADD CONSTRAINT `payment_category_relatives_ibfk_2` FOREIGN KEY (`relative_id`) REFERENCES `payment_category` (`id`) ON DELETE CASCADE ON UPDATE CASCADE;

--
-- Ограничения внешнего ключа таблицы `payment_meta`
--
ALTER TABLE `payment_meta`
  ADD CONSTRAINT `payment_meta_ibfk_1` FOREIGN KEY (`post_id`) REFERENCES `payments` (`id`) ON DELETE CASCADE ON UPDATE CASCADE;

--
-- Ограничения внешнего ключа таблицы `vendor_category_relatives`
--
ALTER TABLE `vendor_category_relatives`
  ADD CONSTRAINT `vendor_category_relatives_ibfk_1` FOREIGN KEY (`post_id`) REFERENCES `vendors` (`id`) ON DELETE CASCADE ON UPDATE CASCADE,
  ADD CONSTRAINT `vendor_category_relatives_ibfk_2` FOREIGN KEY (`relative_id`) REFERENCES `vendor_category` (`id`) ON DELETE CASCADE ON UPDATE CASCADE;

--
-- Ограничения внешнего ключа таблицы `vendor_meta`
--
ALTER TABLE `vendor_meta`
  ADD CONSTRAINT `vendor_meta_ibfk_1` FOREIGN KEY (`post_id`) REFERENCES `vendors` (`id`) ON DELETE CASCADE ON UPDATE CASCADE;
COMMIT;

/*!40101 SET CHARACTER_SET_CLIENT=@OLD_CHARACTER_SET_CLIENT */;
/*!40101 SET CHARACTER_SET_RESULTS=@OLD_CHARACTER_SET_RESULTS */;
/*!40101 SET COLLATION_CONNECTION=@OLD_COLLATION_CONNECTION */;
